event_id,player_id,event_name,level_number,timestamp,session_id,revenue,platform,app_version
735,30,session_start,,2026-08-01T08:07:00,s_30_0_0,,iOS,2.4.0
736,30,level_start,1,2026-08-01T08:08:18,s_30_0_0,,iOS,2.4.0
737,30,level_fail,1,2026-08-01T08:08:48,s_30_0_0,,iOS,2.4.0
738,30,session_end,,2026-08-01T08:10:12,s_30_0_0,,iOS,2.4.0
2229,90,session_start,,2026-08-01T08:21:00,s_90_0_0,,iOS,2.4.1
2230,90,level_start,1,2026-08-01T08:21:35,s_90_0_0,,iOS,2.4.1
2231,90,level_complete,1,2026-08-01T08:22:59,s_90_0_0,,iOS,2.4.1
2232,90,session_end,,2026-08-01T08:24:54,s_90_0_0,,iOS,2.4.1
1319,54,session_start,,2026-08-01T08:43:00,s_54_0_0,,iOS,2.5.0
1320,54,level_start,9,2026-08-01T08:43:34,s_54_0_0,,iOS,2.5.0
3000,121,session_start,,2026-08-01T08:45:00,s_121_0_0,,Android,2.4.1
1321,54,level_complete,9,2026-08-01T08:45:42,s_54_0_0,,iOS,2.5.0
3001,121,level_start,6,2026-08-01T08:46:09,s_121_0_0,,Android,2.4.1
1322,54,level_start,10,2026-08-01T08:46:38,s_54_0_0,,iOS,2.5.0
3002,121,level_complete,6,2026-08-01T08:47:04,s_121_0_0,,Android,2.4.1
1323,54,level_fail,10,2026-08-01T08:47:14,s_54_0_0,,iOS,2.5.0
1324,54,level_start,11,2026-08-01T08:48:21,s_54_0_0,,iOS,2.5.0
3003,121,session_end,,2026-08-01T08:48:26,s_121_0_0,,Android,2.4.1
1325,54,level_fail,11,2026-08-01T08:51:02,s_54_0_0,,iOS,2.5.0
1326,54,session_end,,2026-08-01T08:52:29,s_54_0_0,,iOS,2.5.0
2565,104,session_start,,2026-08-01T10:19:00,s_104_0_0,,iOS,2.4.1
2566,104,level_start,1,2026-08-01T10:19:34,s_104_0_0,,iOS,2.4.1
2567,104,level_complete,1,2026-08-01T10:22:29,s_104_0_0,,iOS,2.4.1
2568,104,session_end,,2026-08-01T10:24:23,s_104_0_0,,iOS,2.4.1
1240,50,session_start,,2026-08-01T10:52:00,s_50_0_0,,Android,2.5.0
1241,50,level_start,4,2026-08-01T10:52:52,s_50_0_0,,Android,2.5.0
1242,50,level_complete,4,2026-08-01T10:55:58,s_50_0_0,,Android,2.5.0
1243,50,level_start,5,2026-08-01T10:56:33,s_50_0_0,,Android,2.5.0
1244,50,level_complete,5,2026-08-01T10:58:43,s_50_0_0,,Android,2.5.0
1245,50,level_start,6,2026-08-01T10:59:27,s_50_0_0,,Android,2.5.0
1246,50,level_complete,6,2026-08-01T11:03:00,s_50_0_0,,Android,2.5.0
1247,50,level_start,7,2026-08-01T11:04:13,s_50_0_0,,Android,2.5.0
1248,50,level_fail,7,2026-08-01T11:04:54,s_50_0_0,,Android,2.5.0
1249,50,session_end,,2026-08-01T11:06:50,s_50_0_0,,Android,2.5.0
934,43,session_start,,2026-08-01T11:15:00,s_43_0_0,,Android,2.4.1
935,43,level_start,1,2026-08-01T11:15:52,s_43_0_0,,Android,2.4.1
936,43,level_complete,1,2026-08-01T11:19:43,s_43_0_0,,Android,2.4.1
937,43,session_end,,2026-08-01T11:20:13,s_43_0_0,,Android,2.4.1
3211,132,session_start,,2026-08-01T11:28:00,s_132_0_0,,Android,2.5.0
3212,132,level_start,1,2026-08-01T11:29:07,s_132_0_0,,Android,2.5.0
3213,132,level_complete,1,2026-08-01T11:30:12,s_132_0_0,,Android,2.5.0
3214,132,level_start,2,2026-08-01T11:30:48,s_132_0_0,,Android,2.5.0
3215,132,level_fail,2,2026-08-01T11:32:36,s_132_0_0,,Android,2.5.0
3216,132,session_end,,2026-08-01T11:33:07,s_132_0_0,,Android,2.5.0
739,30,session_start,,2026-08-01T11:44:00,s_30_0_1,,iOS,2.4.0
740,30,level_start,1,2026-08-01T11:44:40,s_30_0_1,,iOS,2.4.0
741,30,level_complete,1,2026-08-01T11:46:20,s_30_0_1,,iOS,2.4.0
742,30,session_end,,2026-08-01T11:47:36,s_30_0_1,,iOS,2.4.0
3821,160,session_start,,2026-08-01T12:58:00,s_160_0_0,,iOS,2.4.1
3822,160,level_start,6,2026-08-01T12:58:53,s_160_0_0,,iOS,2.4.1
3823,160,level_fail,6,2026-08-01T13:02:50,s_160_0_0,,iOS,2.4.1
3824,160,level_start,7,2026-08-01T13:03:19,s_160_0_0,,iOS,2.4.1
3825,160,level_complete,7,2026-08-01T13:07:10,s_160_0_0,,iOS,2.4.1
3826,160,level_start,8,2026-08-01T13:07:49,s_160_0_0,,iOS,2.4.1
3827,160,level_complete,8,2026-08-01T13:11:38,s_160_0_0,,iOS,2.4.1
3828,160,level_start,9,2026-08-01T13:12:38,s_160_0_0,,iOS,2.4.1
3829,160,level_complete,9,2026-08-01T13:13:45,s_160_0_0,,iOS,2.4.1
3830,160,session_end,,2026-08-01T13:15:16,s_160_0_0,,iOS,2.4.1
4281,173,session_start,,2026-08-01T13:42:00,s_173_0_0,,iOS,2.5.0
4282,173,level_start,2,2026-08-01T13:42:52,s_173_0_0,,iOS,2.5.0
4283,173,level_complete,2,2026-08-01T13:43:57,s_173_0_0,,iOS,2.5.0
4284,173,session_end,,2026-08-01T13:45:03,s_173_0_0,,iOS,2.5.0
2463,96,session_start,,2026-08-01T14:11:00,s_96_0_0,,iOS,2.4.1
2464,96,level_start,1,2026-08-01T14:11:23,s_96_0_0,,iOS,2.4.1
2465,96,level_complete,1,2026-08-01T14:12:23,s_96_0_0,,iOS,2.4.1
2466,96,level_start,2,2026-08-01T14:13:46,s_96_0_0,,iOS,2.4.1
2467,96,level_complete,2,2026-08-01T14:14:33,s_96_0_0,,iOS,2.4.1
2468,96,level_start,3,2026-08-01T14:15:39,s_96_0_0,,iOS,2.4.1
2469,96,level_complete,3,2026-08-01T14:18:37,s_96_0_0,,iOS,2.4.1
2470,96,session_end,,2026-08-01T14:20:02,s_96_0_0,,iOS,2.4.1
1401,58,session_start,,2026-08-01T14:30:00,s_58_0_0,,Android,2.4.1
1402,58,level_start,1,2026-08-01T14:30:25,s_58_0_0,,Android,2.4.1
1403,58,level_complete,1,2026-08-01T14:33:41,s_58_0_0,,Android,2.4.1
1404,58,level_start,2,2026-08-01T14:35:07,s_58_0_0,,Android,2.4.1
1405,58,level_fail,2,2026-08-01T14:38:19,s_58_0_0,,Android,2.4.1
1406,58,level_start,3,2026-08-01T14:39:12,s_58_0_0,,Android,2.4.1
1407,58,level_complete,3,2026-08-01T14:42:10,s_58_0_0,,Android,2.4.1
1408,58,level_start,4,2026-08-01T14:42:52,s_58_0_0,,Android,2.4.1
1409,58,level_complete,4,2026-08-01T14:44:58,s_58_0_0,,Android,2.4.1
1410,58,session_end,,2026-08-01T14:46:14,s_58_0_0,,Android,2.4.1
3589,151,session_start,,2026-08-01T14:52:00,s_151_0_0,,Android,2.4.1
3590,151,level_start,8,2026-08-01T14:53:15,s_151_0_0,,Android,2.4.1
3591,151,level_complete,8,2026-08-01T14:55:22,s_151_0_0,,Android,2.4.1
3592,151,level_start,9,2026-08-01T14:56:13,s_151_0_0,,Android,2.4.1
3593,151,level_complete,9,2026-08-01T14:57:02,s_151_0_0,,Android,2.4.1
3594,151,session_end,,2026-08-01T14:58:40,s_151_0_0,,Android,2.4.1
3217,132,session_start,,2026-08-01T15:51:00,s_132_0_1,,Android,2.5.0
3218,132,level_start,1,2026-08-01T15:51:48,s_132_0_1,,Android,2.5.0
3219,132,level_complete,1,2026-08-01T15:54:05,s_132_0_1,,Android,2.5.0
3220,132,session_end,,2026-08-01T15:55:26,s_132_0_1,,Android,2.5.0
1720,68,session_start,,2026-08-01T16:22:00,s_68_0_0,,Android,2.5.0
1721,68,level_start,11,2026-08-01T16:22:55,s_68_0_0,,Android,2.5.0
1722,68,level_fail,11,2026-08-01T16:25:58,s_68_0_0,,Android,2.5.0
1723,68,level_start,12,2026-08-01T16:27:28,s_68_0_0,,Android,2.5.0
1724,68,level_complete,12,2026-08-01T16:28:39,s_68_0_0,,Android,2.5.0
1725,68,level_start,13,2026-08-01T16:29:18,s_68_0_0,,Android,2.5.0
1726,68,level_complete,13,2026-08-01T16:31:43,s_68_0_0,,Android,2.5.0
1727,68,session_end,,2026-08-01T16:32:46,s_68_0_0,,Android,2.5.0
2569,104,session_start,,2026-08-01T16:43:00,s_104_0_1,,iOS,2.4.1
2570,104,level_start,1,2026-08-01T16:43:40,s_104_0_1,,iOS,2.4.1
2571,104,level_complete,1,2026-08-01T16:46:19,s_104_0_1,,iOS,2.4.1
2572,104,session_end,,2026-08-01T16:47:22,s_104_0_1,,iOS,2.4.1
1548,61,session_start,,2026-08-01T17:00:00,s_61_0_0,,iOS,2.4.1
1549,61,level_start,1,2026-08-01T17:01:07,s_61_0_0,,iOS,2.4.1
1550,61,level_complete,1,2026-08-01T17:04:15,s_61_0_0,,iOS,2.4.1
1551,61,session_end,,2026-08-01T17:05:58,s_61_0_0,,iOS,2.4.1
1250,50,session_start,,2026-08-01T17:07:00,s_50_0_1,,Android,2.5.0
1251,50,level_start,1,2026-08-01T17:08:24,s_50_0_1,,Android,2.5.0
1252,50,level_fail,1,2026-08-01T17:09:28,s_50_0_1,,Android,2.5.0
1253,50,level_start,2,2026-08-01T17:09:48,s_50_0_1,,Android,2.5.0
1254,50,level_complete,2,2026-08-01T17:12:33,s_50_0_1,,Android,2.5.0
1255,50,level_start,3,2026-08-01T17:14:03,s_50_0_1,,Android,2.5.0
1256,50,level_fail,3,2026-08-01T17:16:23,s_50_0_1,,Android,2.5.0
1257,50,level_start,4,2026-08-01T17:17:44,s_50_0_1,,Android,2.5.0
1258,50,level_fail,4,2026-08-01T17:20:24,s_50_0_1,,Android,2.5.0
1259,50,session_end,,2026-08-01T17:21:16,s_50_0_1,,Android,2.5.0
3575,150,session_start,,2026-08-01T17:31:00,s_150_0_1,,Android,2.5.0
2085,84,session_start,,2026-08-01T17:32:00,s_84_0_0,,Android,2.5.0
3576,150,level_start,4,2026-08-01T17:32:28,s_150_0_1,,Android,2.5.0
2086,84,level_start,1,2026-08-01T17:32:57,s_84_0_0,,Android,2.5.0
2087,84,level_complete,1,2026-08-01T17:33:42,s_84_0_0,,Android,2.5.0
3577,150,level_complete,4,2026-08-01T17:35:08,s_150_0_1,,Android,2.5.0
2088,84,level_start,2,2026-08-01T17:35:12,s_84_0_0,,Android,2.5.0
3578,150,level_start,5,2026-08-01T17:35:40,s_150_0_1,,Android,2.5.0
2089,84,level_complete,2,2026-08-01T17:35:55,s_84_0_0,,Android,2.5.0
2090,84,level_start,3,2026-08-01T17:37:00,s_84_0_0,,Android,2.5.0
2091,84,level_fail,3,2026-08-01T17:37:58,s_84_0_0,,Android,2.5.0
2092,84,level_start,4,2026-08-01T17:38:21,s_84_0_0,,Android,2.5.0
3579,150,level_fail,5,2026-08-01T17:38:59,s_150_0_1,,Android,2.5.0
3580,150,level_start,6,2026-08-01T17:39:49,s_150_0_1,,Android,2.5.0
2093,84,level_complete,4,2026-08-01T17:39:51,s_84_0_0,,Android,2.5.0
3581,150,level_complete,6,2026-08-01T17:40:28,s_150_0_1,,Android,2.5.0
2094,84,session_end,,2026-08-01T17:41:36,s_84_0_0,,Android,2.5.0
3582,150,session_end,,2026-08-01T17:41:36,s_150_0_1,,Android,2.5.0
3569,150,session_start,,2026-08-01T18:00:00,s_150_0_0,,Android,2.5.0
3570,150,level_start,5,2026-08-01T18:00:25,s_150_0_0,,Android,2.5.0
3571,150,level_fail,5,2026-08-01T18:03:07,s_150_0_0,,Android,2.5.0
3572,150,level_start,6,2026-08-01T18:04:04,s_150_0_0,,Android,2.5.0
3573,150,level_complete,6,2026-08-01T18:07:22,s_150_0_0,,Android,2.5.0
3574,150,session_end,,2026-08-01T18:08:09,s_150_0_0,,Android,2.5.0
2797,113,session_start,,2026-08-01T18:43:00,s_113_0_0,,iOS,2.4.0
2798,113,level_start,1,2026-08-01T18:44:27,s_113_0_0,,iOS,2.4.0
2799,113,level_complete,1,2026-08-01T18:47:38,s_113_0_0,,iOS,2.4.0
2800,113,session_end,,2026-08-01T18:48:18,s_113_0_0,,iOS,2.4.0
595,25,session_start,,2026-08-01T19:40:00,s_25_0_0,,iOS,2.4.0
1284,52,session_start,,2026-08-01T19:41:00,s_52_0_0,,Android,2.5.0
596,25,level_start,12,2026-08-01T19:41:18,s_25_0_0,,iOS,2.4.0
597,25,level_complete,12,2026-08-01T19:42:15,s_25_0_0,,iOS,2.4.0
1285,52,level_start,1,2026-08-01T19:42:25,s_52_0_0,,Android,2.5.0
598,25,level_start,13,2026-08-01T19:42:35,s_25_0_0,,iOS,2.4.0
599,25,level_complete,13,2026-08-01T19:44:46,s_25_0_0,,iOS,2.4.0
600,25,level_start,14,2026-08-01T19:45:54,s_25_0_0,,iOS,2.4.0
1286,52,level_complete,1,2026-08-01T19:46:15,s_52_0_0,,Android,2.5.0
1287,52,level_start,2,2026-08-01T19:47:11,s_52_0_0,,Android,2.5.0
601,25,level_fail,14,2026-08-01T19:49:49,s_25_0_0,,iOS,2.4.0
1288,52,level_complete,2,2026-08-01T19:50:38,s_52_0_0,,Android,2.5.0
602,25,level_start,15,2026-08-01T19:51:05,s_25_0_0,,iOS,2.4.0
1289,52,session_end,,2026-08-01T19:51:57,s_52_0_0,,Android,2.5.0
603,25,level_complete,15,2026-08-01T19:53:00,s_25_0_0,,iOS,2.4.0
604,25,session_end,,2026-08-01T19:54:53,s_25_0_0,,iOS,2.4.0
4285,173,session_start,,2026-08-01T20:54:00,s_173_0_1,,iOS,2.5.0
4286,173,level_start,1,2026-08-01T20:54:54,s_173_0_1,,iOS,2.5.0
3939,163,session_start,,2026-08-01T20:56:00,s_163_0_0,,Android,2.5.0
4287,173,level_fail,1,2026-08-01T20:56:00,s_173_0_1,,iOS,2.5.0
3940,163,level_start,1,2026-08-01T20:56:35,s_163_0_0,,Android,2.5.0
4288,173,level_start,2,2026-08-01T20:56:45,s_173_0_1,,iOS,2.5.0
4289,173,level_complete,2,2026-08-01T20:59:05,s_173_0_1,,iOS,2.5.0
3941,163,level_complete,1,2026-08-01T20:59:30,s_163_0_0,,Android,2.5.0
4290,173,session_end,,2026-08-01T20:59:45,s_173_0_1,,iOS,2.5.0
3942,163,session_end,,2026-08-01T21:00:46,s_163_0_0,,Android,2.5.0
1552,61,session_start,,2026-08-01T21:17:00,s_61_0_1,,iOS,2.4.1
1553,61,level_start,1,2026-08-01T21:18:25,s_61_0_1,,iOS,2.4.1
1554,61,level_complete,1,2026-08-01T21:20:06,s_61_0_1,,iOS,2.4.1
1555,61,level_start,2,2026-08-01T21:20:42,s_61_0_1,,iOS,2.4.1
1556,61,level_complete,2,2026-08-01T21:21:25,s_61_0_1,,iOS,2.4.1
1557,61,level_start,3,2026-08-01T21:22:39,s_61_0_1,,iOS,2.4.1
1558,61,level_fail,3,2026-08-01T21:25:11,s_61_0_1,,iOS,2.4.1
1559,61,session_end,,2026-08-01T21:25:45,s_61_0_1,,iOS,2.4.1
4037,166,session_start,,2026-08-02T08:00:00,s_166_1_0,,iOS,2.4.0
4038,166,level_start,5,2026-08-02T08:01:07,s_166_1_0,,iOS,2.4.0
4039,166,level_complete,5,2026-08-02T08:05:06,s_166_1_0,,iOS,2.4.0
4040,166,session_end,,2026-08-02T08:06:52,s_166_1_0,,iOS,2.4.0
2966,120,session_start,,2026-08-02T08:07:00,s_120_1_0,,Android,2.4.0
2967,120,level_start,1,2026-08-02T08:07:25,s_120_1_0,,Android,2.4.0
229,11,session_start,,2026-08-02T08:09:00,s_11_1_0,,Android,2.5.0
230,11,level_start,6,2026-08-02T08:09:36,s_11_1_0,,Android,2.5.0
2968,120,level_complete,1,2026-08-02T08:09:41,s_120_1_0,,Android,2.4.0
231,11,level_complete,6,2026-08-02T08:10:23,s_11_1_0,,Android,2.5.0
2969,120,level_start,2,2026-08-02T08:10:40,s_120_1_0,,Android,2.4.0
232,11,level_start,7,2026-08-02T08:11:29,s_11_1_0,,Android,2.5.0
233,11,level_complete,7,2026-08-02T08:13:31,s_11_1_0,,Android,2.5.0
2970,120,level_complete,2,2026-08-02T08:13:34,s_120_1_0,,Android,2.4.0
234,11,level_start,8,2026-08-02T08:13:55,s_11_1_0,,Android,2.5.0
2971,120,session_end,,2026-08-02T08:14:47,s_120_1_0,,Android,2.4.0
2239,90,session_start,,2026-08-02T08:15:00,s_90_1_1,,iOS,2.4.1
3895,162,session_start,,2026-08-02T08:15:00,s_162_1_0,,Android,2.5.0
2240,90,level_start,2,2026-08-02T08:15:42,s_90_1_1,,iOS,2.4.1
3896,162,level_start,8,2026-08-02T08:16:29,s_162_1_0,,Android,2.5.0
235,11,level_complete,8,2026-08-02T08:16:59,s_11_1_0,,Android,2.5.0
3897,162,level_complete,8,2026-08-02T08:17:26,s_162_1_0,,Android,2.5.0
3898,162,level_start,9,2026-08-02T08:17:47,s_162_1_0,,Android,2.5.0
1327,54,session_start,,2026-08-02T08:18:00,s_54_1_0,,iOS,2.5.0
236,11,level_start,9,2026-08-02T08:18:16,s_11_1_0,,Android,2.5.0
2241,90,level_complete,2,2026-08-02T08:18:53,s_90_1_1,,iOS,2.4.1
1328,54,level_start,11,2026-08-02T08:19:25,s_54_1_0,,iOS,2.5.0
2242,90,level_start,3,2026-08-02T08:19:52,s_90_1_1,,iOS,2.4.1
1329,54,level_fail,11,2026-08-02T08:20:16,s_54_1_0,,iOS,2.5.0
237,11,level_complete,9,2026-08-02T08:20:20,s_11_1_0,,Android,2.5.0
1330,54,level_start,12,2026-08-02T08:20:57,s_54_1_0,,iOS,2.5.0
238,11,session_end,,2026-08-02T08:20:59,s_11_1_0,,Android,2.5.0
3899,162,level_fail,9,2026-08-02T08:21:30,s_162_1_0,,Android,2.5.0
3900,162,level_start,10,2026-08-02T08:22:14,s_162_1_0,,Android,2.5.0
2243,90,level_fail,3,2026-08-02T08:23:52,s_90_1_1,,iOS,2.4.1
1331,54,level_complete,12,2026-08-02T08:24:44,s_54_1_0,,iOS,2.5.0
3901,162,level_complete,10,2026-08-02T08:25:05,s_162_1_0,,Android,2.5.0
1332,54,session_end,,2026-08-02T08:25:14,s_54_1_0,,iOS,2.5.0
2244,90,session_end,,2026-08-02T08:25:20,s_90_1_1,,iOS,2.4.1
3902,162,session_end,,2026-08-02T08:25:39,s_162_1_0,,Android,2.5.0
3095,124,session_start,,2026-08-02T08:30:00,s_124_1_0,,iOS,2.5.0
3096,124,level_start,1,2026-08-02T08:31:02,s_124_1_0,,iOS,2.5.0
3097,124,level_complete,1,2026-08-02T08:32:36,s_124_1_0,,iOS,2.5.0
3098,124,level_start,2,2026-08-02T08:33:56,s_124_1_0,,iOS,2.5.0
3099,124,level_fail,2,2026-08-02T08:35:27,s_124_1_0,,iOS,2.5.0
3100,124,session_end,,2026-08-02T08:36:39,s_124_1_0,,iOS,2.5.0
2757,111,session_start,,2026-08-02T09:22:00,s_111_1_0,,iOS,2.4.0
2758,111,level_start,9,2026-08-02T09:22:56,s_111_1_0,,iOS,2.4.0
743,30,session_start,,2026-08-02T09:23:00,s_30_1_0,,iOS,2.4.0
744,30,level_start,2,2026-08-02T09:24:10,s_30_1_0,,iOS,2.4.0
2759,111,level_fail,9,2026-08-02T09:24:12,s_111_1_0,,iOS,2.4.0
2760,111,session_end,,2026-08-02T09:25:47,s_111_1_0,,iOS,2.4.0
745,30,level_complete,2,2026-08-02T09:27:20,s_30_1_0,,iOS,2.4.0
746,30,level_start,3,2026-08-02T09:28:09,s_30_1_0,,iOS,2.4.0
747,30,level_complete,3,2026-08-02T09:30:28,s_30_1_0,,iOS,2.4.0
748,30,session_end,,2026-08-02T09:32:28,s_30_1_0,,iOS,2.4.0
3831,160,session_start,,2026-08-02T09:36:00,s_160_1_0,,iOS,2.4.1
3832,160,level_start,6,2026-08-02T09:36:38,s_160_1_0,,iOS,2.4.1
3833,160,level_complete,6,2026-08-02T09:37:31,s_160_1_0,,iOS,2.4.1
3834,160,level_start,7,2026-08-02T09:38:07,s_160_1_0,,iOS,2.4.1
3835,160,level_fail,7,2026-08-02T09:39:23,s_160_1_0,,iOS,2.4.1
3836,160,level_start,8,2026-08-02T09:40:28,s_160_1_0,,iOS,2.4.1
3837,160,level_complete,8,2026-08-02T09:42:19,s_160_1_0,,iOS,2.4.1
380,17,session_start,,2026-08-02T09:43:00,s_17_1_1,,Android,2.4.0
3838,160,level_start,9,2026-08-02T09:43:40,s_160_1_0,,iOS,2.4.1
381,17,level_start,5,2026-08-02T09:44:30,s_17_1_1,,Android,2.4.0
382,17,level_complete,5,2026-08-02T09:45:40,s_17_1_1,,Android,2.4.0
383,17,level_start,6,2026-08-02T09:47:00,s_17_1_1,,Android,2.4.0
3839,160,level_fail,9,2026-08-02T09:47:07,s_160_1_0,,iOS,2.4.1
37,3,session_start,,2026-08-02T09:48:00,s_3_1_1,,iOS,2.4.0
3840,160,session_end,,2026-08-02T09:48:54,s_160_1_0,,iOS,2.4.1
38,3,level_start,4,2026-08-02T09:49:14,s_3_1_1,,iOS,2.4.0
384,17,level_complete,6,2026-08-02T09:49:32,s_17_1_1,,Android,2.4.0
385,17,session_end,,2026-08-02T09:50:38,s_17_1_1,,Android,2.4.0
39,3,level_fail,4,2026-08-02T09:52:07,s_3_1_1,,iOS,2.4.0
40,3,level_start,5,2026-08-02T09:52:30,s_3_1_1,,iOS,2.4.0
41,3,level_fail,5,2026-08-02T09:55:35,s_3_1_1,,iOS,2.4.0
42,3,level_start,6,2026-08-02T09:56:29,s_3_1_1,,iOS,2.4.0
43,3,level_complete,6,2026-08-02T09:57:06,s_3_1_1,,iOS,2.4.0
44,3,session_end,,2026-08-02T09:59:05,s_3_1_1,,iOS,2.4.0
1098,47,session_start,,2026-08-02T10:12:00,s_47_1_0,,iOS,2.4.1
1099,47,level_start,9,2026-08-02T10:13:18,s_47_1_0,,iOS,2.4.1
1100,47,level_complete,9,2026-08-02T10:14:24,s_47_1_0,,iOS,2.4.1
1101,47,level_start,10,2026-08-02T10:15:07,s_47_1_0,,iOS,2.4.1
1102,47,level_complete,10,2026-08-02T10:18:56,s_47_1_0,,iOS,2.4.1
1103,47,level_start,11,2026-08-02T10:19:58,s_47_1_0,,iOS,2.4.1
1104,47,level_fail,11,2026-08-02T10:23:09,s_47_1_0,,iOS,2.4.1
1105,47,session_end,,2026-08-02T10:24:19,s_47_1_0,,iOS,2.4.1
3175,129,session_start,,2026-08-02T10:32:00,s_129_1_0,,Android,2.4.1
3176,129,level_start,3,2026-08-02T10:33:23,s_129_1_0,,Android,2.4.1
3177,129,level_complete,3,2026-08-02T10:36:05,s_129_1_0,,Android,2.4.1
3178,129,level_start,4,2026-08-02T10:37:06,s_129_1_0,,Android,2.4.1
3179,129,level_complete,4,2026-08-02T10:40:38,s_129_1_0,,Android,2.4.1
3180,129,level_start,5,2026-08-02T10:41:59,s_129_1_0,,Android,2.4.1
3181,129,level_fail,5,2026-08-02T10:45:32,s_129_1_0,,Android,2.4.1
3182,129,level_start,6,2026-08-02T10:46:52,s_129_1_0,,Android,2.4.1
3183,129,level_complete,6,2026-08-02T10:48:30,s_129_1_0,,Android,2.4.1
3184,129,session_end,,2026-08-02T10:50:21,s_129_1_0,,Android,2.4.1
2577,104,session_start,,2026-08-02T10:53:00,s_104_1_1,,iOS,2.4.1
2578,104,level_start,1,2026-08-02T10:53:23,s_104_1_1,,iOS,2.4.1
2579,104,level_fail,1,2026-08-02T10:57:08,s_104_1_1,,iOS,2.4.1
2580,104,session_end,,2026-08-02T10:58:21,s_104_1_1,,iOS,2.4.1
4291,173,session_start,,2026-08-02T11:02:00,s_173_1_0,,iOS,2.5.0
4292,173,level_start,1,2026-08-02T11:02:51,s_173_1_0,,iOS,2.5.0
3961,165,session_start,,2026-08-02T11:03:00,s_165_1_0,,iOS,2.4.0
3962,165,level_start,12,2026-08-02T11:04:14,s_165_1_0,,iOS,2.4.0
3963,165,level_complete,12,2026-08-02T11:05:53,s_165_1_0,,iOS,2.4.0
3964,165,level_start,13,2026-08-02T11:06:35,s_165_1_0,,iOS,2.4.0
4293,173,level_complete,1,2026-08-02T11:06:48,s_173_1_0,,iOS,2.5.0
3965,165,level_complete,13,2026-08-02T11:07:26,s_165_1_0,,iOS,2.4.0
4294,173,session_end,,2026-08-02T11:08:07,s_173_1_0,,iOS,2.5.0
3966,165,session_end,,2026-08-02T11:08:31,s_165_1_0,,iOS,2.4.0
371,17,session_start,,2026-08-02T11:12:00,s_17_1_0,,Android,2.4.0
372,17,level_start,2,2026-08-02T11:12:37,s_17_1_0,,Android,2.4.0
373,17,level_complete,2,2026-08-02T11:13:34,s_17_1_0,,Android,2.4.0
374,17,level_start,3,2026-08-02T11:14:24,s_17_1_0,,Android,2.4.0
375,17,level_complete,3,2026-08-02T11:15:56,s_17_1_0,,Android,2.4.0
376,17,level_start,4,2026-08-02T11:17:23,s_17_1_0,,Android,2.4.0
377,17,level_complete,4,2026-08-02T11:18:50,s_17_1_0,,Android,2.4.0
378,17,purchase,,2026-08-02T11:19:26,s_17_1_0,4.99,Android,2.4.0
379,17,session_end,,2026-08-02T11:20:56,s_17_1_0,,Android,2.4.0
3655,152,session_start,,2026-08-02T11:59:00,s_152_1_0,,Android,2.4.1
3656,152,level_start,1,2026-08-02T12:00:19,s_152_1_0,,Android,2.4.1
3657,152,level_fail,1,2026-08-02T12:03:27,s_152_1_0,,Android,2.4.1
3658,152,session_end,,2026-08-02T12:04:04,s_152_1_0,,Android,2.4.1
1490,60,session_start,,2026-08-02T12:14:00,s_60_1_0,,Android,2.4.0
1491,60,level_start,2,2026-08-02T12:14:24,s_60_1_0,,Android,2.4.0
1492,60,level_complete,2,2026-08-02T12:17:59,s_60_1_0,,Android,2.4.0
1493,60,level_start,3,2026-08-02T12:19:10,s_60_1_0,,Android,2.4.0
3703,155,session_start,,2026-08-02T12:22:00,s_155_1_0,,Android,2.4.1
1494,60,level_complete,3,2026-08-02T12:22:17,s_60_1_0,,Android,2.4.0
3704,155,level_start,1,2026-08-02T12:23:00,s_155_1_0,,Android,2.4.1
1495,60,level_start,4,2026-08-02T12:23:13,s_60_1_0,,Android,2.4.0
3705,155,level_complete,1,2026-08-02T12:23:42,s_155_1_0,,Android,2.4.1
3706,155,level_start,2,2026-08-02T12:24:02,s_155_1_0,,Android,2.4.1
3707,155,level_complete,2,2026-08-02T12:24:45,s_155_1_0,,Android,2.4.1
3708,155,session_end,,2026-08-02T12:25:56,s_155_1_0,,Android,2.4.1
1496,60,level_fail,4,2026-08-02T12:26:45,s_60_1_0,,Android,2.4.0
1497,60,session_end,,2026-08-02T12:27:22,s_60_1_0,,Android,2.4.0
2665,106,session_start,,2026-08-02T12:56:00,s_106_1_0,,iOS,2.5.0
2666,106,level_start,4,2026-08-02T12:57:20,s_106_1_0,,iOS,2.5.0
3659,152,session_start,,2026-08-02T13:00:00,s_152_1_1,,Android,2.4.1
2667,106,level_complete,4,2026-08-02T13:00:53,s_106_1_0,,iOS,2.5.0
3660,152,level_start,1,2026-08-02T13:00:58,s_152_1_1,,Android,2.4.1
2668,106,level_start,5,2026-08-02T13:01:52,s_106_1_0,,iOS,2.5.0
2669,106,level_complete,5,2026-08-02T13:02:27,s_106_1_0,,iOS,2.5.0
3661,152,level_complete,1,2026-08-02T13:02:58,s_152_1_1,,Android,2.4.1
2197,88,session_start,,2026-08-02T13:03:00,s_88_1_0,,Android,2.4.1
2198,88,level_start,1,2026-08-02T13:03:42,s_88_1_0,,Android,2.4.1
3662,152,session_end,,2026-08-02T13:04:12,s_152_1_1,,Android,2.4.1
2670,106,session_end,,2026-08-02T13:04:14,s_106_1_0,,iOS,2.5.0
2199,88,level_complete,1,2026-08-02T13:06:04,s_88_1_0,,Android,2.4.1
2200,88,session_end,,2026-08-02T13:06:59,s_88_1_0,,Android,2.4.1
4041,166,session_start,,2026-08-02T13:21:00,s_166_1_1,,iOS,2.4.0
4042,166,level_start,2,2026-08-02T13:21:50,s_166_1_1,,iOS,2.4.0
4043,166,level_fail,2,2026-08-02T13:24:42,s_166_1_1,,iOS,2.4.0
4044,166,level_start,3,2026-08-02T13:25:26,s_166_1_1,,iOS,2.4.0
4045,166,level_complete,3,2026-08-02T13:28:33,s_166_1_1,,iOS,2.4.0
4046,166,session_end,,2026-08-02T13:29:09,s_166_1_1,,iOS,2.4.0
2527,101,session_start,,2026-08-02T13:31:00,s_101_1_0,,iOS,2.4.1
2528,101,level_start,4,2026-08-02T13:31:56,s_101_1_0,,iOS,2.4.1
2529,101,level_complete,4,2026-08-02T13:34:22,s_101_1_0,,iOS,2.4.1
2530,101,session_end,,2026-08-02T13:35:31,s_101_1_0,,iOS,2.4.1
2809,115,session_start,,2026-08-02T13:37:00,s_115_1_0,,iOS,2.4.0
2810,115,level_start,1,2026-08-02T13:37:53,s_115_1_0,,iOS,2.4.0
2811,115,level_fail,1,2026-08-02T13:39:50,s_115_1_0,,iOS,2.4.0
2812,115,session_end,,2026-08-02T13:40:43,s_115_1_0,,iOS,2.4.0
1182,48,session_start,,2026-08-02T13:52:00,s_48_1_0,,Android,2.5.0
1183,48,level_start,7,2026-08-02T13:52:34,s_48_1_0,,Android,2.5.0
1184,48,level_complete,7,2026-08-02T13:54:46,s_48_1_0,,Android,2.5.0
27,3,session_start,,2026-08-02T13:55:00,s_3_1_0,,iOS,2.4.0
28,3,level_start,4,2026-08-02T13:55:56,s_3_1_0,,iOS,2.4.0
1185,48,level_start,8,2026-08-02T13:56:04,s_48_1_0,,Android,2.5.0
1186,48,level_fail,8,2026-08-02T13:57:43,s_48_1_0,,Android,2.5.0
29,3,level_complete,4,2026-08-02T13:58:59,s_3_1_0,,iOS,2.4.0
1187,48,level_start,9,2026-08-02T13:59:04,s_48_1_0,,Android,2.5.0
30,3,level_start,5,2026-08-02T13:59:32,s_3_1_0,,iOS,2.4.0
31,3,level_complete,5,2026-08-02T14:02:29,s_3_1_0,,iOS,2.4.0
1188,48,level_complete,9,2026-08-02T14:02:58,s_48_1_0,,Android,2.5.0
32,3,level_start,6,2026-08-02T14:03:08,s_3_1_0,,iOS,2.4.0
1189,48,session_end,,2026-08-02T14:03:49,s_48_1_0,,Android,2.5.0
3967,165,session_start,,2026-08-02T14:05:00,s_165_1_1,,iOS,2.4.0
3968,165,level_start,8,2026-08-02T14:06:13,s_165_1_1,,iOS,2.4.0
33,3,level_complete,6,2026-08-02T14:06:26,s_3_1_0,,iOS,2.4.0
34,3,level_start,7,2026-08-02T14:06:59,s_3_1_0,,iOS,2.4.0
3969,165,level_complete,8,2026-08-02T14:08:57,s_165_1_1,,iOS,2.4.0
35,3,level_fail,7,2026-08-02T14:08:58,s_3_1_0,,iOS,2.4.0
3970,165,level_start,9,2026-08-02T14:09:50,s_165_1_1,,iOS,2.4.0
36,3,session_end,,2026-08-02T14:10:15,s_3_1_0,,iOS,2.4.0
3971,165,level_fail,9,2026-08-02T14:11:07,s_165_1_1,,iOS,2.4.0
3972,165,level_start,10,2026-08-02T14:11:38,s_165_1_1,,iOS,2.4.0
3973,165,level_complete,10,2026-08-02T14:13:57,s_165_1_1,,iOS,2.4.0
3249,136,session_start,,2026-08-02T14:15:00,s_136_1_0,,Android,2.4.1
3974,165,session_end,,2026-08-02T14:15:05,s_165_1_1,,iOS,2.4.0
3250,136,level_start,3,2026-08-02T14:16:18,s_136_1_0,,Android,2.4.1
3251,136,level_fail,3,2026-08-02T14:18:26,s_136_1_0,,Android,2.4.1
3252,136,level_start,4,2026-08-02T14:19:09,s_136_1_0,,Android,2.4.1
3253,136,level_complete,4,2026-08-02T14:22:37,s_136_1_0,,Android,2.4.1
3254,136,session_end,,2026-08-02T14:23:12,s_136_1_0,,Android,2.4.1
938,43,session_start,,2026-08-02T14:28:00,s_43_1_0,,Android,2.4.1
939,43,level_start,1,2026-08-02T14:29:12,s_43_1_0,,Android,2.4.1
940,43,level_fail,1,2026-08-02T14:31:48,s_43_1_0,,Android,2.4.1
941,43,level_start,2,2026-08-02T14:32:52,s_43_1_0,,Android,2.4.1
942,43,level_complete,2,2026-08-02T14:35:41,s_43_1_0,,Android,2.4.1
943,43,session_end,,2026-08-02T14:37:12,s_43_1_0,,Android,2.4.1
3281,139,session_start,,2026-08-02T14:44:00,s_139_1_0,,Android,2.4.0
3282,139,level_start,3,2026-08-02T14:44:26,s_139_1_0,,Android,2.4.0
3283,139,level_complete,3,2026-08-02T14:47:29,s_139_1_0,,Android,2.4.0
3284,139,level_start,4,2026-08-02T14:48:37,s_139_1_0,,Android,2.4.0
3285,139,level_complete,4,2026-08-02T14:52:23,s_139_1_0,,Android,2.4.0
2101,84,session_start,,2026-08-02T14:53:00,s_84_1_1,,Android,2.5.0
3286,139,level_start,5,2026-08-02T14:53:14,s_139_1_0,,Android,2.4.0
2102,84,level_start,1,2026-08-02T14:53:39,s_84_1_1,,Android,2.5.0
3287,139,level_fail,5,2026-08-02T14:55:19,s_139_1_0,,Android,2.4.0
2103,84,level_fail,1,2026-08-02T14:55:22,s_84_1_1,,Android,2.5.0
2104,84,level_start,2,2026-08-02T14:55:58,s_84_1_1,,Android,2.5.0
3288,139,session_end,,2026-08-02T14:56:14,s_139_1_0,,Android,2.4.0
2105,84,level_complete,2,2026-08-02T14:57:02,s_84_1_1,,Android,2.5.0
2106,84,session_end,,2026-08-02T14:58:54,s_84_1_1,,Android,2.5.0
4225,171,session_start,,2026-08-02T15:13:00,s_171_1_0,,iOS,2.5.0
4226,171,level_start,10,2026-08-02T15:14:04,s_171_1_0,,iOS,2.5.0
4227,171,level_complete,10,2026-08-02T15:17:17,s_171_1_0,,iOS,2.5.0
4228,171,level_start,11,2026-08-02T15:18:13,s_171_1_0,,iOS,2.5.0
4229,171,level_complete,11,2026-08-02T15:21:50,s_171_1_0,,iOS,2.5.0
4230,171,session_end,,2026-08-02T15:22:43,s_171_1_0,,iOS,2.5.0
441,18,session_start,,2026-08-02T16:03:00,s_18_1_0,,iOS,2.4.1
442,18,level_start,6,2026-08-02T16:03:24,s_18_1_0,,iOS,2.4.1
443,18,level_complete,6,2026-08-02T16:05:07,s_18_1_0,,iOS,2.4.1
444,18,session_end,,2026-08-02T16:05:54,s_18_1_0,,iOS,2.4.1
1411,58,session_start,,2026-08-02T16:16:00,s_58_1_0,,Android,2.4.1
1412,58,level_start,1,2026-08-02T16:17:26,s_58_1_0,,Android,2.4.1
1413,58,level_complete,1,2026-08-02T16:19:39,s_58_1_0,,Android,2.4.1
1414,58,level_start,2,2026-08-02T16:20:43,s_58_1_0,,Android,2.4.1
1415,58,level_complete,2,2026-08-02T16:23:17,s_58_1_0,,Android,2.4.1
1416,58,level_start,3,2026-08-02T16:23:37,s_58_1_0,,Android,2.4.1
1417,58,level_fail,3,2026-08-02T16:26:15,s_58_1_0,,Android,2.4.1
1418,58,session_end,,2026-08-02T16:27:41,s_58_1_0,,Android,2.4.1
1449,59,session_start,,2026-08-02T16:48:00,s_59_1_1,,iOS,2.4.0
1450,59,level_start,5,2026-08-02T16:49:21,s_59_1_1,,iOS,2.4.0
1451,59,level_complete,5,2026-08-02T16:52:39,s_59_1_1,,iOS,2.4.0
1452,59,session_end,,2026-08-02T16:53:09,s_59_1_1,,iOS,2.4.0
4465,180,session_start,,2026-08-02T16:57:00,s_180_1_0,,Android,2.4.1
4466,180,level_start,1,2026-08-02T16:58:29,s_180_1_0,,Android,2.4.1
731,29,session_start,,2026-08-02T17:00:00,s_29_1_0,,Android,2.4.0
732,29,level_start,1,2026-08-02T17:01:05,s_29_1_0,,Android,2.4.0
4467,180,level_complete,1,2026-08-02T17:01:07,s_180_1_0,,Android,2.4.1
733,29,level_complete,1,2026-08-02T17:01:51,s_29_1_0,,Android,2.4.0
4468,180,level_start,2,2026-08-02T17:02:11,s_180_1_0,,Android,2.4.1
734,29,session_end,,2026-08-02T17:03:11,s_29_1_0,,Android,2.4.0
4469,180,level_complete,2,2026-08-02T17:04:26,s_180_1_0,,Android,2.4.1
4470,180,session_end,,2026-08-02T17:06:15,s_180_1_0,,Android,2.4.1
2573,104,session_start,,2026-08-02T17:24:00,s_104_1_0,,iOS,2.4.1
2201,88,session_start,,2026-08-02T17:25:00,s_88_1_1,,Android,2.4.1
2574,104,level_start,1,2026-08-02T17:25:01,s_104_1_0,,iOS,2.4.1
2202,88,level_start,1,2026-08-02T17:25:33,s_88_1_1,,Android,2.4.1
2575,104,level_complete,1,2026-08-02T17:25:46,s_104_1_0,,iOS,2.4.1
2576,104,session_end,,2026-08-02T17:26:21,s_104_1_0,,iOS,2.4.1
2203,88,level_complete,1,2026-08-02T17:26:39,s_88_1_1,,Android,2.4.1
2204,88,session_end,,2026-08-02T17:28:04,s_88_1_1,,Android,2.4.1
912,40,session_start,,2026-08-02T17:36:00,s_40_1_0,,Android,2.5.0
1375,56,session_start,,2026-08-02T17:36:00,s_56_1_0,,iOS,2.5.0
1376,56,level_start,1,2026-08-02T17:37:14,s_56_1_0,,iOS,2.5.0
913,40,level_start,1,2026-08-02T17:37:23,s_40_1_0,,Android,2.5.0
1377,56,level_complete,1,2026-08-02T17:38:27,s_56_1_0,,iOS,2.5.0
1378,56,session_end,,2026-08-02T17:39:28,s_56_1_0,,iOS,2.5.0
914,40,level_complete,1,2026-08-02T17:40:11,s_40_1_0,,Android,2.5.0
915,40,session_end,,2026-08-02T17:41:43,s_40_1_0,,Android,2.5.0
1333,54,session_start,,2026-08-02T18:04:00,s_54_1_1,,iOS,2.5.0
1334,54,level_start,12,2026-08-02T18:05:14,s_54_1_1,,iOS,2.5.0
1335,54,level_complete,12,2026-08-02T18:06:10,s_54_1_1,,iOS,2.5.0
1336,54,level_start,13,2026-08-02T18:07:25,s_54_1_1,,iOS,2.5.0
1337,54,level_fail,13,2026-08-02T18:10:40,s_54_1_1,,iOS,2.5.0
1338,54,session_end,,2026-08-02T18:11:19,s_54_1_1,,iOS,2.5.0
2095,84,session_start,,2026-08-02T18:20:00,s_84_1_0,,Android,2.5.0
2096,84,level_start,1,2026-08-02T18:21:08,s_84_1_0,,Android,2.5.0
2097,84,level_complete,1,2026-08-02T18:23:29,s_84_1_0,,Android,2.5.0
2098,84,level_start,2,2026-08-02T18:24:11,s_84_1_0,,Android,2.5.0
2099,84,level_complete,2,2026-08-02T18:26:42,s_84_1_0,,Android,2.5.0
2100,84,session_end,,2026-08-02T18:28:23,s_84_1_0,,Android,2.5.0
3595,151,session_start,,2026-08-02T18:35:00,s_151_1_0,,Android,2.4.1
3596,151,level_start,8,2026-08-02T18:36:02,s_151_1_0,,Android,2.4.1
3597,151,level_complete,8,2026-08-02T18:39:15,s_151_1_0,,Android,2.4.1
3598,151,level_start,9,2026-08-02T18:40:17,s_151_1_0,,Android,2.4.1
3599,151,level_complete,9,2026-08-02T18:44:06,s_151_1_0,,Android,2.4.1
3600,151,level_start,10,2026-08-02T18:44:54,s_151_1_0,,Android,2.4.1
3601,151,level_complete,10,2026-08-02T18:46:34,s_151_1_0,,Android,2.4.1
3602,151,level_start,11,2026-08-02T18:47:42,s_151_1_0,,Android,2.4.1
3603,151,level_complete,11,2026-08-02T18:49:08,s_151_1_0,,Android,2.4.1
3604,151,session_end,,2026-08-02T18:49:51,s_151_1_0,,Android,2.4.1
2077,83,session_start,,2026-08-02T18:52:00,s_83_1_0,,iOS,2.4.1
2078,83,level_start,1,2026-08-02T18:53:23,s_83_1_0,,iOS,2.4.1
2233,90,session_start,,2026-08-02T18:55:00,s_90_1_0,,iOS,2.4.1
2234,90,level_start,1,2026-08-02T18:55:29,s_90_1_0,,iOS,2.4.1
2235,90,level_complete,1,2026-08-02T18:56:08,s_90_1_0,,iOS,2.4.1
2079,83,level_complete,1,2026-08-02T18:56:38,s_83_1_0,,iOS,2.4.1
2080,83,level_start,2,2026-08-02T18:57:09,s_83_1_0,,iOS,2.4.1
2236,90,level_start,2,2026-08-02T18:57:30,s_90_1_0,,iOS,2.4.1
2081,83,level_fail,2,2026-08-02T18:58:34,s_83_1_0,,iOS,2.4.1
2082,83,level_start,3,2026-08-02T18:58:54,s_83_1_0,,iOS,2.4.1
2237,90,level_complete,2,2026-08-02T19:00:47,s_90_1_0,,iOS,2.4.1
2238,90,session_end,,2026-08-02T19:02:36,s_90_1_0,,iOS,2.4.1
2083,83,level_complete,3,2026-08-02T19:02:37,s_83_1_0,,iOS,2.4.1
2084,83,session_end,,2026-08-02T19:03:26,s_83_1_0,,iOS,2.4.1
2723,110,session_start,,2026-08-02T19:25:00,s_110_1_0,,Android,2.4.0
2724,110,level_start,1,2026-08-02T19:26:14,s_110_1_0,,Android,2.4.0
2725,110,level_complete,1,2026-08-02T19:29:52,s_110_1_0,,Android,2.4.0
2726,110,session_end,,2026-08-02T19:30:31,s_110_1_0,,Android,2.4.0
367,16,session_start,,2026-08-02T19:45:00,s_16_1_0,,iOS,2.4.1
368,16,level_start,1,2026-08-02T19:46:21,s_16_1_0,,iOS,2.4.1
369,16,level_complete,1,2026-08-02T19:48:20,s_16_1_0,,iOS,2.4.1
370,16,session_end,,2026-08-02T19:49:25,s_16_1_0,,iOS,2.4.1
329,14,session_start,,2026-08-02T20:09:00,s_14_1_0,,iOS,2.4.0
330,14,level_start,12,2026-08-02T20:10:24,s_14_1_0,,iOS,2.4.0
331,14,level_complete,12,2026-08-02T20:11:04,s_14_1_0,,iOS,2.4.0
332,14,level_start,13,2026-08-02T20:11:41,s_14_1_0,,iOS,2.4.0
333,14,level_complete,13,2026-08-02T20:15:13,s_14_1_0,,iOS,2.4.0
334,14,session_end,,2026-08-02T20:16:43,s_14_1_0,,iOS,2.4.0
177,9,session_start,,2026-08-02T20:18:00,s_9_1_0,,Android,2.4.1
1006,45,session_start,,2026-08-02T20:18:00,s_45_1_0,,Android,2.4.0
2697,108,session_start,,2026-08-02T20:18:00,s_108_1_0,,iOS,2.4.1
178,9,level_start,1,2026-08-02T20:18:35,s_9_1_0,,Android,2.4.1
1007,45,level_start,4,2026-08-02T20:18:53,s_45_1_0,,Android,2.4.0
2698,108,level_start,4,2026-08-02T20:19:13,s_108_1_0,,iOS,2.4.1
179,9,level_complete,1,2026-08-02T20:19:17,s_9_1_0,,Android,2.4.1
1008,45,level_complete,4,2026-08-02T20:21:01,s_45_1_0,,Android,2.4.0
180,9,session_end,,2026-08-02T20:21:08,s_9_1_0,,Android,2.4.1
2699,108,level_complete,4,2026-08-02T20:21:17,s_108_1_0,,iOS,2.4.1
1009,45,level_start,5,2026-08-02T20:22:21,s_45_1_0,,Android,2.4.0
2700,108,level_start,5,2026-08-02T20:22:25,s_108_1_0,,iOS,2.4.1
1010,45,level_complete,5,2026-08-02T20:23:00,s_45_1_0,,Android,2.4.0
2972,120,session_start,,2026-08-02T20:24:00,s_120_1_1,,Android,2.4.0
1011,45,level_start,6,2026-08-02T20:24:11,s_45_1_0,,Android,2.4.0
2973,120,level_start,1,2026-08-02T20:24:37,s_120_1_1,,Android,2.4.0
1012,45,level_complete,6,2026-08-02T20:25:17,s_45_1_0,,Android,2.4.0
2701,108,level_complete,5,2026-08-02T20:25:21,s_108_1_0,,iOS,2.4.1
2702,108,session_end,,2026-08-02T20:25:53,s_108_1_0,,iOS,2.4.1
1013,45,session_end,,2026-08-02T20:27:14,s_45_1_0,,Android,2.4.0
2974,120,level_complete,1,2026-08-02T20:27:16,s_120_1_1,,Android,2.4.0
2975,120,session_end,,2026-08-02T20:28:43,s_120_1_1,,Android,2.4.0
1445,59,session_start,,2026-08-02T21:09:00,s_59_1_0,,iOS,2.4.0
1446,59,level_start,4,2026-08-02T21:10:20,s_59_1_0,,iOS,2.4.0
1447,59,level_complete,4,2026-08-02T21:13:27,s_59_1_0,,iOS,2.4.0
1448,59,session_end,,2026-08-02T21:15:05,s_59_1_0,,iOS,2.4.0
3691,154,session_start,,2026-08-02T21:16:00,s_154_1_0,,iOS,2.5.0
3692,154,level_start,1,2026-08-02T21:16:45,s_154_1_0,,iOS,2.5.0
3693,154,level_complete,1,2026-08-02T21:19:16,s_154_1_0,,iOS,2.5.0
3694,154,level_start,2,2026-08-02T21:19:49,s_154_1_0,,iOS,2.5.0
3695,154,level_complete,2,2026-08-02T21:23:18,s_154_1_0,,iOS,2.5.0
3696,154,session_end,,2026-08-02T21:25:06,s_154_1_0,,iOS,2.5.0
3119,126,session_start,,2026-08-03T08:08:00,s_126_2_0,,Android,2.4.1
916,41,session_start,,2026-08-03T08:09:00,s_41_2_0,,Android,2.4.0
3120,126,level_start,2,2026-08-03T08:09:25,s_126_2_0,,Android,2.4.1
917,41,level_start,5,2026-08-03T08:10:27,s_41_2_0,,Android,2.4.0
918,41,level_fail,5,2026-08-03T08:12:30,s_41_2_0,,Android,2.4.0
3121,126,level_complete,2,2026-08-03T08:12:41,s_126_2_0,,Android,2.4.1
749,30,session_start,,2026-08-03T08:13:00,s_30_2_0,,iOS,2.4.0
750,30,level_start,1,2026-08-03T08:13:36,s_30_2_0,,iOS,2.4.0
919,41,level_start,6,2026-08-03T08:13:37,s_41_2_0,,Android,2.4.0
3122,126,level_start,3,2026-08-03T08:13:40,s_126_2_0,,Android,2.4.1
4477,180,session_start,,2026-08-03T08:15:00,s_180_2_1,,Android,2.4.1
4478,180,level_start,1,2026-08-03T08:15:34,s_180_2_1,,Android,2.4.1
4479,180,level_complete,1,2026-08-03T08:16:09,s_180_2_1,,Android,2.4.1
751,30,level_complete,1,2026-08-03T08:16:37,s_30_2_0,,iOS,2.4.0
3123,126,level_fail,3,2026-08-03T08:16:39,s_126_2_0,,Android,2.4.1
4480,180,session_end,,2026-08-03T08:16:43,s_180_2_1,,Android,2.4.1
920,41,level_fail,6,2026-08-03T08:17:07,s_41_2_0,,Android,2.4.0
3124,126,level_start,4,2026-08-03T08:17:17,s_126_2_0,,Android,2.4.1
752,30,level_start,2,2026-08-03T08:17:53,s_30_2_0,,iOS,2.4.0
3125,126,level_complete,4,2026-08-03T08:18:24,s_126_2_0,,Android,2.4.1
753,30,level_complete,2,2026-08-03T08:18:25,s_30_2_0,,iOS,2.4.0
921,41,session_end,,2026-08-03T08:18:27,s_41_2_0,,Android,2.4.0
754,30,level_start,3,2026-08-03T08:19:28,s_30_2_0,,iOS,2.4.0
3126,126,session_end,,2026-08-03T08:20:11,s_126_2_0,,Android,2.4.1
755,30,level_complete,3,2026-08-03T08:23:27,s_30_2_0,,iOS,2.4.0
756,30,session_end,,2026-08-03T08:24:51,s_30_2_0,,iOS,2.4.0
1106,47,session_start,,2026-08-03T08:28:00,s_47_2_0,,iOS,2.4.1
1107,47,level_start,11,2026-08-03T08:28:41,s_47_2_0,,iOS,2.4.1
1339,54,session_start,,2026-08-03T08:29:00,s_54_2_0,,iOS,2.5.0
1340,54,level_start,12,2026-08-03T08:29:31,s_54_2_0,,iOS,2.5.0
1341,54,level_complete,12,2026-08-03T08:30:19,s_54_2_0,,iOS,2.5.0
1342,54,level_start,13,2026-08-03T08:31:11,s_54_2_0,,iOS,2.5.0
1108,47,level_fail,11,2026-08-03T08:31:38,s_47_2_0,,iOS,2.4.1
1109,47,level_start,12,2026-08-03T08:33:00,s_47_2_0,,iOS,2.4.1
1343,54,level_complete,13,2026-08-03T08:34:03,s_54_2_0,,iOS,2.5.0
1344,54,level_start,14,2026-08-03T08:34:52,s_54_2_0,,iOS,2.5.0
1345,54,level_complete,14,2026-08-03T08:36:28,s_54_2_0,,iOS,2.5.0
1110,47,level_fail,12,2026-08-03T08:36:51,s_47_2_0,,iOS,2.4.1
1111,47,level_start,13,2026-08-03T08:37:22,s_47_2_0,,iOS,2.4.1
1346,54,session_end,,2026-08-03T08:37:55,s_54_2_0,,iOS,2.5.0
1112,47,level_fail,13,2026-08-03T08:38:25,s_47_2_0,,iOS,2.4.1
1113,47,session_end,,2026-08-03T08:40:16,s_47_2_0,,iOS,2.4.1
4356,175,session_start,,2026-08-03T08:41:00,s_175_2_0,,iOS,2.4.1
4357,175,level_start,1,2026-08-03T08:42:05,s_175_2_0,,iOS,2.4.1
4358,175,level_complete,1,2026-08-03T08:43:10,s_175_2_0,,iOS,2.4.1
4359,175,session_end,,2026-08-03T08:44:38,s_175_2_0,,iOS,2.4.1
581,24,session_start,,2026-08-03T09:05:00,s_24_2_1,,iOS,2.4.0
582,24,level_start,13,2026-08-03T09:06:16,s_24_2_1,,iOS,2.4.0
583,24,level_fail,13,2026-08-03T09:08:18,s_24_2_1,,iOS,2.4.0
584,24,session_end,,2026-08-03T09:09:01,s_24_2_1,,iOS,2.4.0
3353,141,session_start,,2026-08-03T09:23:00,s_141_2_0,,iOS,2.4.0
3354,141,level_start,2,2026-08-03T09:23:41,s_141_2_0,,iOS,2.4.0
3355,141,level_complete,2,2026-08-03T09:26:11,s_141_2_0,,iOS,2.4.0
3356,141,level_start,3,2026-08-03T09:27:35,s_141_2_0,,iOS,2.4.0
3357,141,level_complete,3,2026-08-03T09:30:41,s_141_2_0,,iOS,2.4.0
3358,141,level_start,4,2026-08-03T09:31:20,s_141_2_0,,iOS,2.4.0
3359,141,level_fail,4,2026-08-03T09:35:19,s_141_2_0,,iOS,2.4.0
3360,141,level_start,5,2026-08-03T09:36:40,s_141_2_0,,iOS,2.4.0
3361,141,level_fail,5,2026-08-03T09:37:15,s_141_2_0,,iOS,2.4.0
3362,141,session_end,,2026-08-03T09:38:39,s_141_2_0,,iOS,2.4.0
573,24,session_start,,2026-08-03T09:49:00,s_24_2_0,,iOS,2.4.0
3101,124,session_start,,2026-08-03T09:49:00,s_124_2_0,,iOS,2.5.0
574,24,level_start,12,2026-08-03T09:49:29,s_24_2_0,,iOS,2.4.0
3102,124,level_start,1,2026-08-03T09:50:17,s_124_2_0,,iOS,2.5.0
575,24,level_complete,12,2026-08-03T09:50:20,s_24_2_0,,iOS,2.4.0
576,24,level_start,13,2026-08-03T09:51:28,s_24_2_0,,iOS,2.4.0
3103,124,level_complete,1,2026-08-03T09:53:15,s_124_2_0,,iOS,2.5.0
3104,124,level_start,2,2026-08-03T09:53:42,s_124_2_0,,iOS,2.5.0
3105,124,level_complete,2,2026-08-03T09:54:20,s_124_2_0,,iOS,2.5.0
577,24,level_fail,13,2026-08-03T09:55:00,s_24_2_0,,iOS,2.4.0
578,24,level_start,14,2026-08-03T09:55:39,s_24_2_0,,iOS,2.4.0
3106,124,session_end,,2026-08-03T09:56:18,s_124_2_0,,iOS,2.5.0
579,24,level_complete,14,2026-08-03T09:59:18,s_24_2_0,,iOS,2.4.0
580,24,session_end,,2026-08-03T10:00:34,s_24_2_0,,iOS,2.4.0
2813,115,session_start,,2026-08-03T10:05:00,s_115_2_0,,iOS,2.4.0
2814,115,level_start,1,2026-08-03T10:06:15,s_115_2_0,,iOS,2.4.0
2815,115,level_complete,1,2026-08-03T10:09:01,s_115_2_0,,iOS,2.4.0
2816,115,level_start,2,2026-08-03T10:10:11,s_115_2_0,,iOS,2.4.0
2817,115,level_complete,2,2026-08-03T10:11:10,s_115_2_0,,iOS,2.4.0
2818,115,session_end,,2026-08-03T10:12:38,s_115_2_0,,iOS,2.4.0
3605,151,session_start,,2026-08-03T10:33:00,s_151_2_0,,Android,2.4.1
3606,151,level_start,6,2026-08-03T10:33:32,s_151_2_0,,Android,2.4.1
3607,151,level_complete,6,2026-08-03T10:36:17,s_151_2_0,,Android,2.4.1
3608,151,level_start,7,2026-08-03T10:37:13,s_151_2_0,,Android,2.4.1
4047,166,session_start,,2026-08-03T10:40:00,s_166_2_0,,iOS,2.4.0
3609,151,level_complete,7,2026-08-03T10:40:04,s_151_2_0,,Android,2.4.1
3610,151,level_start,8,2026-08-03T10:40:36,s_151_2_0,,Android,2.4.1
4048,166,level_start,2,2026-08-03T10:41:11,s_166_2_0,,iOS,2.4.0
3611,151,level_complete,8,2026-08-03T10:41:18,s_151_2_0,,Android,2.4.1
3612,151,session_end,,2026-08-03T10:42:37,s_151_2_0,,Android,2.4.1
4049,166,level_complete,2,2026-08-03T10:43:02,s_166_2_0,,iOS,2.4.0
1190,48,session_start,,2026-08-03T10:44:00,s_48_2_0,,Android,2.5.0
4050,166,level_start,3,2026-08-03T10:44:17,s_166_2_0,,iOS,2.4.0
1191,48,level_start,9,2026-08-03T10:44:33,s_48_2_0,,Android,2.5.0
4051,166,level_complete,3,2026-08-03T10:45:46,s_166_2_0,,iOS,2.4.0
2107,84,session_start,,2026-08-03T10:46:00,s_84_2_0,,Android,2.5.0
4052,166,level_start,4,2026-08-03T10:46:22,s_166_2_0,,iOS,2.4.0
2108,84,level_start,1,2026-08-03T10:46:37,s_84_2_0,,Android,2.5.0
1192,48,level_fail,9,2026-08-03T10:46:49,s_48_2_0,,Android,2.5.0
2109,84,level_complete,1,2026-08-03T10:47:28,s_84_2_0,,Android,2.5.0
1193,48,session_end,,2026-08-03T10:48:20,s_48_2_0,,Android,2.5.0
2110,84,level_start,2,2026-08-03T10:48:41,s_84_2_0,,Android,2.5.0
4053,166,level_complete,4,2026-08-03T10:49:01,s_166_2_0,,iOS,2.4.0
4054,166,level_start,5,2026-08-03T10:50:11,s_166_2_0,,iOS,2.4.0
2111,84,level_fail,2,2026-08-03T10:51:07,s_84_2_0,,Android,2.5.0
2112,84,session_end,,2026-08-03T10:53:06,s_84_2_0,,Android,2.5.0
4055,166,level_complete,5,2026-08-03T10:53:56,s_166_2_0,,iOS,2.4.0
4056,166,session_end,,2026-08-03T10:54:59,s_166_2_0,,iOS,2.4.0
2976,120,session_start,,2026-08-03T10:55:00,s_120_2_0,,Android,2.4.0
2977,120,level_start,1,2026-08-03T10:56:12,s_120_2_0,,Android,2.4.0
2978,120,level_complete,1,2026-08-03T10:58:21,s_120_2_0,,Android,2.4.0
2979,120,level_start,2,2026-08-03T10:59:31,s_120_2_0,,Android,2.4.0
2980,120,level_complete,2,2026-08-03T11:01:27,s_120_2_0,,Android,2.4.0
2981,120,session_end,,2026-08-03T11:03:22,s_120_2_0,,Android,2.4.0
1419,58,session_start,,2026-08-03T11:04:00,s_58_2_0,,Android,2.4.1
1420,58,level_start,1,2026-08-03T11:04:39,s_58_2_0,,Android,2.4.1
1421,58,level_complete,1,2026-08-03T11:05:56,s_58_2_0,,Android,2.4.1
1422,58,level_start,2,2026-08-03T11:06:31,s_58_2_0,,Android,2.4.1
1423,58,level_complete,2,2026-08-03T11:09:50,s_58_2_0,,Android,2.4.1
1424,58,level_start,3,2026-08-03T11:10:52,s_58_2_0,,Android,2.4.1
1425,58,level_complete,3,2026-08-03T11:14:26,s_58_2_0,,Android,2.4.1
1426,58,session_end,,2026-08-03T11:16:22,s_58_2_0,,Android,2.4.1
297,13,session_start,,2026-08-03T11:21:00,s_13_2_1,,iOS,2.4.1
298,13,level_start,1,2026-08-03T11:22:00,s_13_2_1,,iOS,2.4.1
3975,165,session_start,,2026-08-03T11:22:00,s_165_2_0,,iOS,2.4.0
3976,165,level_start,7,2026-08-03T11:23:20,s_165_2_0,,iOS,2.4.0
299,13,level_fail,1,2026-08-03T11:25:37,s_13_2_1,,iOS,2.4.1
3977,165,level_complete,7,2026-08-03T11:26:07,s_165_2_0,,iOS,2.4.0
3978,165,level_start,8,2026-08-03T11:26:47,s_165_2_0,,iOS,2.4.0
300,13,session_end,,2026-08-03T11:26:51,s_13_2_1,,iOS,2.4.1
3979,165,level_complete,8,2026-08-03T11:30:15,s_165_2_0,,iOS,2.4.0
3980,165,level_start,9,2026-08-03T11:31:24,s_165_2_0,,iOS,2.4.0
3981,165,level_complete,9,2026-08-03T11:35:24,s_165_2_0,,iOS,2.4.0
3982,165,level_start,10,2026-08-03T11:36:09,s_165_2_0,,iOS,2.4.0
3983,165,level_fail,10,2026-08-03T11:36:58,s_165_2_0,,iOS,2.4.0
3984,165,session_end,,2026-08-03T11:38:42,s_165_2_0,,iOS,2.4.0
3903,162,session_start,,2026-08-03T12:05:00,s_162_2_0,,Android,2.5.0
4471,180,session_start,,2026-08-03T12:05:00,s_180_2_0,,Android,2.4.1
3904,162,level_start,8,2026-08-03T12:05:25,s_162_2_0,,Android,2.5.0
3905,162,level_complete,8,2026-08-03T12:06:07,s_162_2_0,,Android,2.5.0
4472,180,level_start,2,2026-08-03T12:06:26,s_180_2_0,,Android,2.4.1
3906,162,session_end,,2026-08-03T12:07:16,s_162_2_0,,Android,2.5.0
4473,180,level_complete,2,2026-08-03T12:07:55,s_180_2_0,,Android,2.4.1
3797,159,session_start,,2026-08-03T12:09:00,s_159_2_0,,iOS,2.4.1
4474,180,level_start,3,2026-08-03T12:09:25,s_180_2_0,,Android,2.4.1
3798,159,level_start,1,2026-08-03T12:09:33,s_159_2_0,,iOS,2.4.1
4475,180,level_complete,3,2026-08-03T12:10:48,s_180_2_0,,Android,2.4.1
4476,180,session_end,,2026-08-03T12:11:36,s_180_2_0,,Android,2.4.1
3799,159,level_complete,1,2026-08-03T12:12:21,s_159_2_0,,iOS,2.4.1
3800,159,session_end,,2026-08-03T12:13:34,s_159_2_0,,iOS,2.4.1
605,25,session_start,,2026-08-03T12:20:00,s_25_2_0,,iOS,2.4.0
606,25,level_start,12,2026-08-03T12:21:00,s_25_2_0,,iOS,2.4.0
607,25,level_fail,12,2026-08-03T12:22:15,s_25_2_0,,iOS,2.4.0
608,25,level_start,13,2026-08-03T12:23:15,s_25_2_0,,iOS,2.4.0
609,25,level_fail,13,2026-08-03T12:24:59,s_25_2_0,,iOS,2.4.0
610,25,session_end,,2026-08-03T12:26:42,s_25_2_0,,iOS,2.4.0
293,13,session_start,,2026-08-03T12:29:00,s_13_2_0,,iOS,2.4.1
294,13,level_start,1,2026-08-03T12:29:40,s_13_2_0,,iOS,2.4.1
3709,155,session_start,,2026-08-03T12:30:00,s_155_2_0,,Android,2.4.1
3710,155,level_start,1,2026-08-03T12:31:15,s_155_2_0,,Android,2.4.1
295,13,level_complete,1,2026-08-03T12:32:02,s_13_2_0,,iOS,2.4.1
3711,155,level_complete,1,2026-08-03T12:32:32,s_155_2_0,,Android,2.4.1
296,13,session_end,,2026-08-03T12:33:31,s_13_2_0,,iOS,2.4.1
3712,155,level_start,2,2026-08-03T12:33:54,s_155_2_0,,Android,2.4.1
3713,155,level_complete,2,2026-08-03T12:35:57,s_155_2_0,,Android,2.4.1
3714,155,level_start,3,2026-08-03T12:36:31,s_155_2_0,,Android,2.4.1
3715,155,level_complete,3,2026-08-03T12:37:25,s_155_2_0,,Android,2.4.1
3716,155,session_end,,2026-08-03T12:39:22,s_155_2_0,,Android,2.4.1
386,17,session_start,,2026-08-03T12:41:00,s_17_2_0,,Android,2.4.0
387,17,level_start,6,2026-08-03T12:41:49,s_17_2_0,,Android,2.4.0
388,17,level_fail,6,2026-08-03T12:44:35,s_17_2_0,,Android,2.4.0
804,34,session_start,,2026-08-03T12:45:00,s_34_2_0,,Android,2.5.0
389,17,session_end,,2026-08-03T12:45:09,s_17_2_0,,Android,2.4.0
805,34,level_start,10,2026-08-03T12:46:18,s_34_2_0,,Android,2.5.0
806,34,level_complete,10,2026-08-03T12:48:58,s_34_2_0,,Android,2.5.0
807,34,session_end,,2026-08-03T12:50:31,s_34_2_0,,Android,2.5.0
4404,177,session_start,,2026-08-03T13:39:00,s_177_2_0,,iOS,2.4.0
4405,177,level_start,1,2026-08-03T13:40:16,s_177_2_0,,iOS,2.4.0
4406,177,level_complete,1,2026-08-03T13:42:35,s_177_2_0,,iOS,2.4.0
4407,177,level_start,2,2026-08-03T13:43:04,s_177_2_0,,iOS,2.4.0
4125,168,session_start,,2026-08-03T13:44:00,s_168_2_0,,iOS,2.4.1
4126,168,level_start,1,2026-08-03T13:44:47,s_168_2_0,,iOS,2.4.1
4408,177,level_complete,2,2026-08-03T13:45:59,s_177_2_0,,iOS,2.4.0
4127,168,level_complete,1,2026-08-03T13:47:16,s_168_2_0,,iOS,2.4.1
4409,177,session_end,,2026-08-03T13:47:35,s_177_2_0,,iOS,2.4.0
4128,168,session_end,,2026-08-03T13:48:27,s_168_2_0,,iOS,2.4.1
189,10,session_start,,2026-08-03T13:50:00,s_10_2_0,,Android,2.5.0
190,10,level_start,3,2026-08-03T13:50:50,s_10_2_0,,Android,2.5.0
191,10,level_complete,3,2026-08-03T13:54:27,s_10_2_0,,Android,2.5.0
192,10,session_end,,2026-08-03T13:55:10,s_10_2_0,,Android,2.5.0
3297,140,session_start,,2026-08-03T14:13:00,s_140_2_0,,iOS,2.4.0
3298,140,level_start,1,2026-08-03T14:13:28,s_140_2_0,,iOS,2.4.0
3299,140,level_complete,1,2026-08-03T14:16:46,s_140_2_0,,iOS,2.4.0
3300,140,level_start,2,2026-08-03T14:17:53,s_140_2_0,,iOS,2.4.0
3301,140,level_complete,2,2026-08-03T14:18:34,s_140_2_0,,iOS,2.4.0
3302,140,level_start,3,2026-08-03T14:19:21,s_140_2_0,,iOS,2.4.0
3303,140,level_complete,3,2026-08-03T14:21:36,s_140_2_0,,iOS,2.4.0
3304,140,level_start,4,2026-08-03T14:22:59,s_140_2_0,,iOS,2.4.0
3305,140,level_complete,4,2026-08-03T14:23:55,s_140_2_0,,iOS,2.4.0
3306,140,session_end,,2026-08-03T14:25:37,s_140_2_0,,iOS,2.4.0
4255,172,session_start,,2026-08-03T15:07:00,s_172_2_1,,iOS,2.4.0
4256,172,level_start,14,2026-08-03T15:07:38,s_172_2_1,,iOS,2.4.0
4257,172,level_fail,14,2026-08-03T15:09:53,s_172_2_1,,iOS,2.4.0
523,21,session_start,,2026-08-03T15:10:00,s_21_2_0,,iOS,2.5.0
4258,172,level_start,15,2026-08-03T15:10:31,s_172_2_1,,iOS,2.4.0
524,21,level_start,1,2026-08-03T15:10:37,s_21_2_0,,iOS,2.5.0
4259,172,level_complete,15,2026-08-03T15:12:32,s_172_2_1,,iOS,2.4.0
4260,172,level_start,16,2026-08-03T15:13:23,s_172_2_1,,iOS,2.4.0
525,21,level_complete,1,2026-08-03T15:14:11,s_21_2_0,,iOS,2.5.0
526,21,session_end,,2026-08-03T15:15:04,s_21_2_0,,iOS,2.5.0
4261,172,level_fail,16,2026-08-03T15:16:20,s_172_2_1,,iOS,2.4.0
4262,172,session_end,,2026-08-03T15:17:45,s_172_2_1,,iOS,2.4.0
3951,164,session_start,,2026-08-03T15:29:00,s_164_2_0,,iOS,2.4.0
3952,164,level_start,11,2026-08-03T15:29:30,s_164_2_0,,iOS,2.4.0
3953,164,level_fail,11,2026-08-03T15:30:46,s_164_2_0,,iOS,2.4.0
3954,164,level_start,12,2026-08-03T15:31:56,s_164_2_0,,iOS,2.4.0
3955,164,level_complete,12,2026-08-03T15:35:42,s_164_2_0,,iOS,2.4.0
3956,164,level_start,13,2026-08-03T15:36:53,s_164_2_0,,iOS,2.4.0
3957,164,level_complete,13,2026-08-03T15:38:47,s_164_2_0,,iOS,2.4.0
3958,164,level_start,14,2026-08-03T15:39:50,s_164_2_0,,iOS,2.4.0
3667,153,session_start,,2026-08-03T15:42:00,s_153_2_0,,Android,2.4.0
3668,153,level_start,1,2026-08-03T15:42:37,s_153_2_0,,Android,2.4.0
3959,164,level_complete,14,2026-08-03T15:42:54,s_164_2_0,,iOS,2.4.0
3669,153,level_complete,1,2026-08-03T15:44:37,s_153_2_0,,Android,2.4.0
3960,164,session_end,,2026-08-03T15:44:53,s_164_2_0,,iOS,2.4.0
3670,153,level_start,2,2026-08-03T15:44:57,s_153_2_0,,Android,2.4.0
3671,153,level_fail,2,2026-08-03T15:46:58,s_153_2_0,,Android,2.4.0
3672,153,session_end,,2026-08-03T15:48:58,s_153_2_0,,Android,2.4.0
2727,110,session_start,,2026-08-03T16:03:00,s_110_2_0,,Android,2.4.0
2728,110,level_start,2,2026-08-03T16:03:50,s_110_2_0,,Android,2.4.0
2729,110,level_fail,2,2026-08-03T16:06:20,s_110_2_0,,Android,2.4.0
2730,110,session_end,,2026-08-03T16:08:07,s_110_2_0,,Android,2.4.0
239,11,session_start,,2026-08-03T16:23:00,s_11_2_0,,Android,2.5.0
240,11,level_start,4,2026-08-03T16:23:55,s_11_2_0,,Android,2.5.0
241,11,level_fail,4,2026-08-03T16:25:28,s_11_2_0,,Android,2.5.0
242,11,level_start,5,2026-08-03T16:25:51,s_11_2_0,,Android,2.5.0
1453,59,session_start,,2026-08-03T16:26:00,s_59_2_0,,iOS,2.4.0
1454,59,level_start,3,2026-08-03T16:27:27,s_59_2_0,,iOS,2.4.0
243,11,level_complete,5,2026-08-03T16:29:29,s_11_2_0,,Android,2.5.0
1455,59,level_complete,3,2026-08-03T16:29:46,s_59_2_0,,iOS,2.4.0
244,11,level_start,6,2026-08-03T16:30:55,s_11_2_0,,Android,2.5.0
1456,59,level_start,4,2026-08-03T16:31:07,s_59_2_0,,iOS,2.4.0
245,11,level_fail,6,2026-08-03T16:33:04,s_11_2_0,,Android,2.5.0
246,11,level_start,7,2026-08-03T16:33:39,s_11_2_0,,Android,2.5.0
1457,59,level_complete,4,2026-08-03T16:34:59,s_59_2_0,,iOS,2.4.0
247,11,level_fail,7,2026-08-03T16:35:16,s_11_2_0,,Android,2.5.0
1458,59,level_start,5,2026-08-03T16:36:03,s_59_2_0,,iOS,2.4.0
248,11,session_end,,2026-08-03T16:37:16,s_11_2_0,,Android,2.5.0
1459,59,level_fail,5,2026-08-03T16:39:03,s_59_2_0,,iOS,2.4.0
1460,59,session_end,,2026-08-03T16:41:02,s_59_2_0,,iOS,2.4.0
1461,59,session_start,,2026-08-03T17:06:00,s_59_2_1,,iOS,2.4.0
1462,59,level_start,1,2026-08-03T17:06:52,s_59_2_1,,iOS,2.4.0
1463,59,level_complete,1,2026-08-03T17:09:24,s_59_2_1,,iOS,2.4.0
1464,59,level_start,2,2026-08-03T17:09:54,s_59_2_1,,iOS,2.4.0
1465,59,level_complete,2,2026-08-03T17:11:36,s_59_2_1,,iOS,2.4.0
1466,59,level_start,3,2026-08-03T17:13:05,s_59_2_1,,iOS,2.4.0
1467,59,level_complete,3,2026-08-03T17:15:19,s_59_2_1,,iOS,2.4.0
1468,59,level_start,4,2026-08-03T17:15:39,s_59_2_1,,iOS,2.4.0
1469,59,level_complete,4,2026-08-03T17:19:10,s_59_2_1,,iOS,2.4.0
1470,59,purchase,,2026-08-03T17:19:53,s_59_2_1,0.99,iOS,2.4.0
1471,59,session_end,,2026-08-03T17:21:29,s_59_2_1,,iOS,2.4.0
2607,105,session_start,,2026-08-03T17:51:00,s_105_2_0,,Android,2.4.0
2608,105,level_start,8,2026-08-03T17:51:46,s_105_2_0,,Android,2.4.0
2609,105,level_fail,8,2026-08-03T17:53:44,s_105_2_0,,Android,2.4.0
551,23,session_start,,2026-08-03T17:54:00,s_23_2_0,,Android,2.5.0
2610,105,level_start,9,2026-08-03T17:54:42,s_105_2_0,,Android,2.4.0
552,23,level_start,16,2026-08-03T17:54:49,s_23_2_0,,Android,2.5.0
553,23,level_fail,16,2026-08-03T17:56:13,s_23_2_0,,Android,2.5.0
2761,111,session_start,,2026-08-03T17:57:00,s_111_2_0,,iOS,2.4.0
2611,105,level_fail,9,2026-08-03T17:57:21,s_105_2_0,,Android,2.4.0
554,23,session_end,,2026-08-03T17:58:11,s_23_2_0,,Android,2.5.0
2762,111,level_start,9,2026-08-03T17:58:27,s_111_2_0,,iOS,2.4.0
2612,105,level_start,10,2026-08-03T17:58:36,s_105_2_0,,Android,2.4.0
2613,105,level_complete,10,2026-08-03T18:01:55,s_105_2_0,,Android,2.4.0
2763,111,level_complete,9,2026-08-03T18:02:13,s_111_2_0,,iOS,2.4.0
2614,105,level_start,11,2026-08-03T18:02:40,s_105_2_0,,Android,2.4.0
2764,111,level_start,10,2026-08-03T18:03:26,s_111_2_0,,iOS,2.4.0
2765,111,level_complete,10,2026-08-03T18:04:15,s_111_2_0,,iOS,2.4.0
2615,105,level_complete,11,2026-08-03T18:04:56,s_105_2_0,,Android,2.4.0
2766,111,session_end,,2026-08-03T18:05:48,s_111_2_0,,iOS,2.4.0
2616,105,session_end,,2026-08-03T18:06:45,s_105_2_0,,Android,2.4.0
1498,60,session_start,,2026-08-03T18:31:00,s_60_2_0,,Android,2.4.0
1499,60,level_start,1,2026-08-03T18:31:45,s_60_2_0,,Android,2.4.0
1500,60,level_fail,1,2026-08-03T18:35:03,s_60_2_0,,Android,2.4.0
1501,60,level_start,2,2026-08-03T18:36:29,s_60_2_0,,Android,2.4.0
1502,60,level_complete,2,2026-08-03T18:38:12,s_60_2_0,,Android,2.4.0
1503,60,level_start,3,2026-08-03T18:39:37,s_60_2_0,,Android,2.4.0
139,6,session_start,,2026-08-03T18:42:00,s_6_2_0,,Android,2.5.0
1504,60,level_complete,3,2026-08-03T18:42:19,s_60_2_0,,Android,2.4.0
140,6,level_start,1,2026-08-03T18:42:22,s_6_2_0,,Android,2.5.0
1505,60,level_start,4,2026-08-03T18:43:00,s_60_2_0,,Android,2.4.0
141,6,level_complete,1,2026-08-03T18:44:24,s_6_2_0,,Android,2.5.0
142,6,level_start,2,2026-08-03T18:45:11,s_6_2_0,,Android,2.5.0
1506,60,level_complete,4,2026-08-03T18:46:22,s_60_2_0,,Android,2.4.0
143,6,level_fail,2,2026-08-03T18:47:08,s_6_2_0,,Android,2.5.0
1507,60,session_end,,2026-08-03T18:47:22,s_60_2_0,,Android,2.4.0
144,6,session_end,,2026-08-03T18:48:40,s_6_2_0,,Android,2.5.0
4247,172,session_start,,2026-08-03T19:22:00,s_172_2_0,,iOS,2.4.0
4248,172,level_start,11,2026-08-03T19:22:52,s_172_2_0,,iOS,2.4.0
4249,172,level_complete,11,2026-08-03T19:24:55,s_172_2_0,,iOS,2.4.0
4250,172,level_start,12,2026-08-03T19:26:00,s_172_2_0,,iOS,2.4.0
4251,172,level_fail,12,2026-08-03T19:27:47,s_172_2_0,,iOS,2.4.0
4252,172,level_start,13,2026-08-03T19:29:13,s_172_2_0,,iOS,2.4.0
4253,172,level_fail,13,2026-08-03T19:33:01,s_172_2_0,,iOS,2.4.0
4254,172,session_end,,2026-08-03T19:34:47,s_172_2_0,,iOS,2.4.0
1266,51,session_start,,2026-08-03T19:47:00,s_51_2_0,,iOS,2.4.0
1267,51,level_start,11,2026-08-03T19:47:46,s_51_2_0,,iOS,2.4.0
2045,82,session_start,,2026-08-03T19:48:00,s_82_2_0,,iOS,2.5.0
2046,82,level_start,1,2026-08-03T19:48:36,s_82_2_0,,iOS,2.5.0
2047,82,level_complete,1,2026-08-03T19:49:29,s_82_2_0,,iOS,2.5.0
1268,51,level_fail,11,2026-08-03T19:50:55,s_51_2_0,,iOS,2.4.0
2048,82,session_end,,2026-08-03T19:51:28,s_82_2_0,,iOS,2.5.0
1269,51,level_start,12,2026-08-03T19:51:59,s_51_2_0,,iOS,2.4.0
1270,51,level_complete,12,2026-08-03T19:55:21,s_51_2_0,,iOS,2.4.0
1271,51,session_end,,2026-08-03T19:57:21,s_51_2_0,,iOS,2.4.0
3197,130,session_start,,2026-08-03T20:17:00,s_130_2_0,,iOS,2.4.1
3198,130,level_start,8,2026-08-03T20:17:35,s_130_2_0,,iOS,2.4.1
3199,130,level_complete,8,2026-08-03T20:18:23,s_130_2_0,,iOS,2.4.1
3200,130,level_start,9,2026-08-03T20:19:52,s_130_2_0,,iOS,2.4.1
3201,130,level_complete,9,2026-08-03T20:21:13,s_130_2_0,,iOS,2.4.1
3202,130,session_end,,2026-08-03T20:23:09,s_130_2_0,,iOS,2.4.1
2143,85,session_start,,2026-08-03T20:47:00,s_85_2_0,,iOS,2.5.0
2892,118,session_start,,2026-08-03T20:48:00,s_118_2_0,,iOS,2.4.1
2144,85,level_start,2,2026-08-03T20:48:22,s_85_2_0,,iOS,2.5.0
2893,118,level_start,1,2026-08-03T20:48:37,s_118_2_0,,iOS,2.4.1
2145,85,level_complete,2,2026-08-03T20:49:13,s_85_2_0,,iOS,2.5.0
2146,85,session_end,,2026-08-03T20:49:52,s_85_2_0,,iOS,2.5.0
2894,118,level_complete,1,2026-08-03T20:52:32,s_118_2_0,,iOS,2.4.1
2895,118,level_start,2,2026-08-03T20:53:44,s_118_2_0,,iOS,2.4.1
2896,118,level_fail,2,2026-08-03T20:56:11,s_118_2_0,,iOS,2.4.1
2897,118,level_start,3,2026-08-03T20:57:37,s_118_2_0,,iOS,2.4.1
2898,118,level_complete,3,2026-08-03T21:01:30,s_118_2_0,,iOS,2.4.1
2899,118,session_end,,2026-08-03T21:02:03,s_118_2_0,,iOS,2.4.1
3363,141,session_start,,2026-08-03T21:05:00,s_141_2_1,,iOS,2.4.0
1848,73,session_start,,2026-08-03T21:06:00,s_73_2_0,,iOS,2.5.0
3364,141,level_start,5,2026-08-03T21:06:30,s_141_2_1,,iOS,2.4.0
1849,73,level_start,1,2026-08-03T21:07:09,s_73_2_0,,iOS,2.5.0
1850,73,level_fail,1,2026-08-03T21:08:38,s_73_2_0,,iOS,2.5.0
3365,141,level_complete,5,2026-08-03T21:10:06,s_141_2_1,,iOS,2.4.0
1851,73,session_end,,2026-08-03T21:10:38,s_73_2_0,,iOS,2.5.0
3366,141,level_start,6,2026-08-03T21:11:14,s_141_2_1,,iOS,2.4.0
3367,141,level_complete,6,2026-08-03T21:13:42,s_141_2_1,,iOS,2.4.0
3368,141,level_start,7,2026-08-03T21:14:38,s_141_2_1,,iOS,2.4.0
3369,141,level_complete,7,2026-08-03T21:16:44,s_141_2_1,,iOS,2.4.0
3370,141,session_end,,2026-08-03T21:18:15,s_141_2_1,,iOS,2.4.0
683,28,session_start,,2026-08-03T21:24:00,s_28_2_0,,iOS,2.4.0
684,28,level_start,3,2026-08-03T21:25:22,s_28_2_0,,iOS,2.4.0
685,28,level_complete,3,2026-08-03T21:27:38,s_28_2_0,,iOS,2.4.0
686,28,level_start,4,2026-08-03T21:28:54,s_28_2_0,,iOS,2.4.0
687,28,level_complete,4,2026-08-03T21:31:29,s_28_2_0,,iOS,2.4.0
688,28,level_start,5,2026-08-03T21:31:52,s_28_2_0,,iOS,2.4.0
4057,166,session_start,,2026-08-03T21:35:00,s_166_2_1,,iOS,2.4.0
689,28,level_fail,5,2026-08-03T21:35:45,s_28_2_0,,iOS,2.4.0
4058,166,level_start,3,2026-08-03T21:35:46,s_166_2_1,,iOS,2.4.0
4059,166,level_complete,3,2026-08-03T21:36:39,s_166_2_1,,iOS,2.4.0
690,28,level_start,6,2026-08-03T21:36:42,s_28_2_0,,iOS,2.4.0
2245,90,session_start,,2026-08-03T21:37:00,s_90_2_0,,iOS,2.4.1
691,28,level_complete,6,2026-08-03T21:37:20,s_28_2_0,,iOS,2.4.0
2246,90,level_start,3,2026-08-03T21:37:34,s_90_2_0,,iOS,2.4.1
4060,166,level_start,4,2026-08-03T21:37:54,s_166_2_1,,iOS,2.4.0
4061,166,level_complete,4,2026-08-03T21:38:26,s_166_2_1,,iOS,2.4.0
692,28,session_end,,2026-08-03T21:38:58,s_28_2_0,,iOS,2.4.0
2247,90,level_complete,3,2026-08-03T21:40:11,s_90_2_0,,iOS,2.4.1
4062,166,session_end,,2026-08-03T21:40:11,s_166_2_1,,iOS,2.4.0
2248,90,session_end,,2026-08-03T21:41:59,s_90_2_0,,iOS,2.4.1
2671,106,session_start,,2026-08-03T21:47:00,s_106_2_0,,iOS,2.5.0
2672,106,level_start,6,2026-08-03T21:47:52,s_106_2_0,,iOS,2.5.0
2673,106,level_complete,6,2026-08-03T21:50:43,s_106_2_0,,iOS,2.5.0
2674,106,session_end,,2026-08-03T21:52:34,s_106_2_0,,iOS,2.5.0
3725,157,session_start,,2026-08-03T22:23:00,s_157_2_0,,iOS,2.4.0
3726,157,level_start,6,2026-08-03T22:24:15,s_157_2_0,,iOS,2.4.0
3727,157,level_complete,6,2026-08-03T22:25:02,s_157_2_0,,iOS,2.4.0
3728,157,level_start,7,2026-08-03T22:26:29,s_157_2_0,,iOS,2.4.0
2982,120,session_start,,2026-08-03T22:28:00,s_120_2_1,,Android,2.4.0
2983,120,level_start,1,2026-08-03T22:28:41,s_120_2_1,,Android,2.4.0
3729,157,level_fail,7,2026-08-03T22:29:07,s_157_2_0,,iOS,2.4.0
3730,157,level_start,8,2026-08-03T22:29:48,s_157_2_0,,iOS,2.4.0
2984,120,level_complete,1,2026-08-03T22:32:12,s_120_2_1,,Android,2.4.0
3731,157,level_complete,8,2026-08-03T22:32:51,s_157_2_0,,iOS,2.4.0
2985,120,level_start,2,2026-08-03T22:33:11,s_120_2_1,,Android,2.4.0
3732,157,level_start,9,2026-08-03T22:33:27,s_157_2_0,,iOS,2.4.0
3733,157,level_complete,9,2026-08-03T22:35:11,s_157_2_0,,iOS,2.4.0
2986,120,level_complete,2,2026-08-03T22:36:04,s_120_2_1,,Android,2.4.0
3734,157,session_end,,2026-08-03T22:36:53,s_157_2_0,,iOS,2.4.0
2987,120,session_end,,2026-08-03T22:37:56,s_120_2_1,,Android,2.4.0
527,21,session_start,,2026-08-03T22:56:00,s_21_2_1,,iOS,2.5.0
528,21,level_start,1,2026-08-03T22:56:29,s_21_2_1,,iOS,2.5.0
529,21,level_complete,1,2026-08-03T23:00:28,s_21_2_1,,iOS,2.5.0
530,21,session_end,,2026-08-03T23:00:58,s_21_2_1,,iOS,2.5.0
4360,175,session_start,,2026-08-04T08:10:00,s_175_3_0,,iOS,2.4.1
4361,175,level_start,1,2026-08-04T08:11:04,s_175_3_0,,iOS,2.4.1
4362,175,level_complete,1,2026-08-04T08:14:34,s_175_3_0,,iOS,2.4.1
2731,110,session_start,,2026-08-04T08:16:00,s_110_3_0,,Android,2.4.0
4363,175,session_end,,2026-08-04T08:16:09,s_175_3_0,,iOS,2.4.1
2732,110,level_start,1,2026-08-04T08:17:10,s_110_3_0,,Android,2.4.0
2733,110,level_complete,1,2026-08-04T08:20:31,s_110_3_0,,Android,2.4.0
2734,110,level_start,2,2026-08-04T08:20:56,s_110_3_0,,Android,2.4.0
2735,110,level_complete,2,2026-08-04T08:23:54,s_110_3_0,,Android,2.4.0
2736,110,session_end,,2026-08-04T08:24:45,s_110_3_0,,Android,2.4.0
1014,45,session_start,,2026-08-04T08:25:00,s_45_3_0,,Android,2.4.0
1015,45,level_start,6,2026-08-04T08:25:26,s_45_3_0,,Android,2.4.0
3289,139,session_start,,2026-08-04T08:26:00,s_139_3_0,,Android,2.4.0
3290,139,level_start,8,2026-08-04T08:27:03,s_139_3_0,,Android,2.4.0
1016,45,level_complete,6,2026-08-04T08:29:06,s_45_3_0,,Android,2.4.0
1017,45,level_start,7,2026-08-04T08:30:00,s_45_3_0,,Android,2.4.0
3291,139,level_complete,8,2026-08-04T08:31:03,s_139_3_0,,Android,2.4.0
1018,45,level_complete,7,2026-08-04T08:32:05,s_45_3_0,,Android,2.4.0
3292,139,session_end,,2026-08-04T08:32:58,s_139_3_0,,Android,2.4.0
1019,45,level_start,8,2026-08-04T08:33:03,s_45_3_0,,Android,2.4.0
1020,45,level_complete,8,2026-08-04T08:34:52,s_45_3_0,,Android,2.4.0
2119,84,session_start,,2026-08-04T08:36:00,s_84_3_1,,Android,2.5.0
1021,45,session_end,,2026-08-04T08:36:24,s_45_3_0,,Android,2.4.0
2120,84,level_start,1,2026-08-04T08:37:24,s_84_3_1,,Android,2.5.0
4063,166,session_start,,2026-08-04T08:39:00,s_166_3_0,,iOS,2.4.0
2121,84,level_complete,1,2026-08-04T08:39:02,s_84_3_1,,Android,2.5.0
4064,166,level_start,3,2026-08-04T08:39:23,s_166_3_0,,iOS,2.4.0
2122,84,level_start,2,2026-08-04T08:40:31,s_84_3_1,,Android,2.5.0
4237,171,session_start,,2026-08-04T08:42:00,s_171_3_1,,iOS,2.5.0
4238,171,level_start,6,2026-08-04T08:43:02,s_171_3_1,,iOS,2.5.0
4065,166,level_complete,3,2026-08-04T08:43:03,s_166_3_0,,iOS,2.4.0
2123,84,level_complete,2,2026-08-04T08:43:28,s_84_3_1,,Android,2.5.0
4239,171,level_complete,6,2026-08-04T08:43:37,s_171_3_1,,iOS,2.5.0
2124,84,level_start,3,2026-08-04T08:43:52,s_84_3_1,,Android,2.5.0
4240,171,level_start,7,2026-08-04T08:44:30,s_171_3_1,,iOS,2.5.0
4066,166,session_end,,2026-08-04T08:44:31,s_166_3_0,,iOS,2.4.0
4241,171,level_complete,7,2026-08-04T08:45:19,s_171_3_1,,iOS,2.5.0
4242,171,level_start,8,2026-08-04T08:45:40,s_171_3_1,,iOS,2.5.0
2125,84,level_complete,3,2026-08-04T08:46:47,s_84_3_1,,Android,2.5.0
2126,84,level_start,4,2026-08-04T08:47:54,s_84_3_1,,Android,2.5.0
4243,171,level_complete,8,2026-08-04T08:48:42,s_171_3_1,,iOS,2.5.0
2127,84,level_complete,4,2026-08-04T08:48:52,s_84_3_1,,Android,2.5.0
4244,171,level_start,9,2026-08-04T08:50:02,s_171_3_1,,iOS,2.5.0
2128,84,session_end,,2026-08-04T08:50:50,s_84_3_1,,Android,2.5.0
4245,171,level_complete,9,2026-08-04T08:53:01,s_171_3_1,,iOS,2.5.0
4246,171,session_end,,2026-08-04T08:54:02,s_171_3_1,,iOS,2.5.0
864,39,session_start,,2026-08-04T09:00:00,s_39_3_0,,iOS,2.4.0
865,39,level_start,18,2026-08-04T09:00:36,s_39_3_0,,iOS,2.4.0
866,39,level_fail,18,2026-08-04T09:01:56,s_39_3_0,,iOS,2.4.0
867,39,session_end,,2026-08-04T09:03:13,s_39_3_0,,iOS,2.4.0
3673,153,session_start,,2026-08-04T09:12:00,s_153_3_0,,Android,2.4.0
3674,153,level_start,1,2026-08-04T09:12:37,s_153_3_0,,Android,2.4.0
3675,153,level_complete,1,2026-08-04T09:14:48,s_153_3_0,,Android,2.4.0
3676,153,level_start,2,2026-08-04T09:15:50,s_153_3_0,,Android,2.4.0
3677,153,level_complete,2,2026-08-04T09:16:28,s_153_3_0,,Android,2.4.0
3678,153,level_start,3,2026-08-04T09:17:13,s_153_3_0,,Android,2.4.0
3679,153,level_fail,3,2026-08-04T09:19:45,s_153_3_0,,Android,2.4.0
3680,153,session_end,,2026-08-04T09:20:49,s_153_3_0,,Android,2.4.0
2049,82,session_start,,2026-08-04T09:29:00,s_82_3_0,,iOS,2.5.0
2050,82,level_start,1,2026-08-04T09:30:20,s_82_3_0,,iOS,2.5.0
2051,82,level_fail,1,2026-08-04T09:31:49,s_82_3_0,,iOS,2.5.0
2052,82,session_end,,2026-08-04T09:32:37,s_82_3_0,,iOS,2.5.0
1351,54,session_start,,2026-08-04T09:48:00,s_54_3_1,,iOS,2.5.0
1352,54,level_start,14,2026-08-04T09:49:05,s_54_3_1,,iOS,2.5.0
2249,90,session_start,,2026-08-04T09:51:00,s_90_3_0,,iOS,2.4.1
1353,54,level_complete,14,2026-08-04T09:51:43,s_54_3_1,,iOS,2.5.0
2250,90,level_start,1,2026-08-04T09:52:03,s_90_3_0,,iOS,2.4.1
1354,54,session_end,,2026-08-04T09:53:40,s_54_3_1,,iOS,2.5.0
2251,90,level_fail,1,2026-08-04T09:56:00,s_90_3_0,,iOS,2.4.1
4093,167,session_start,,2026-08-04T09:57:00,s_167_3_0,,iOS,2.5.0
2252,90,session_end,,2026-08-04T09:57:56,s_90_3_0,,iOS,2.4.1
4094,167,level_start,10,2026-08-04T09:58:01,s_167_3_0,,iOS,2.5.0
4095,167,level_complete,10,2026-08-04T09:59:06,s_167_3_0,,iOS,2.5.0
4096,167,level_start,11,2026-08-04T09:59:42,s_167_3_0,,iOS,2.5.0
4097,167,level_complete,11,2026-08-04T10:01:20,s_167_3_0,,iOS,2.5.0
193,10,session_start,,2026-08-04T10:02:00,s_10_3_0,,Android,2.5.0
4098,167,session_end,,2026-08-04T10:02:15,s_167_3_0,,iOS,2.5.0
194,10,level_start,1,2026-08-04T10:02:42,s_10_3_0,,Android,2.5.0
1508,60,session_start,,2026-08-04T10:05:00,s_60_3_0,,Android,2.4.0
1509,60,level_start,1,2026-08-04T10:06:05,s_60_3_0,,Android,2.4.0
195,10,level_complete,1,2026-08-04T10:06:31,s_10_3_0,,Android,2.5.0
196,10,level_start,2,2026-08-04T10:07:52,s_10_3_0,,Android,2.5.0
1510,60,level_complete,1,2026-08-04T10:09:26,s_60_3_0,,Android,2.4.0
197,10,level_complete,2,2026-08-04T10:11:03,s_10_3_0,,Android,2.5.0
1511,60,session_end,,2026-08-04T10:11:11,s_60_3_0,,Android,2.4.0
198,10,level_start,3,2026-08-04T10:11:40,s_10_3_0,,Android,2.5.0
199,10,level_complete,3,2026-08-04T10:12:26,s_10_3_0,,Android,2.5.0
200,10,session_end,,2026-08-04T10:13:54,s_10_3_0,,Android,2.5.0
2295,92,session_start,,2026-08-04T10:24:00,s_92_3_0,,Android,2.4.0
2296,92,level_start,1,2026-08-04T10:25:18,s_92_3_0,,Android,2.4.0
944,43,session_start,,2026-08-04T10:28:00,s_43_3_0,,Android,2.4.1
2297,92,level_complete,1,2026-08-04T10:28:52,s_92_3_0,,Android,2.4.0
945,43,level_start,3,2026-08-04T10:28:57,s_43_3_0,,Android,2.4.1
946,43,level_complete,3,2026-08-04T10:29:32,s_43_3_0,,Android,2.4.1
2298,92,level_start,2,2026-08-04T10:29:57,s_92_3_0,,Android,2.4.0
947,43,session_end,,2026-08-04T10:30:15,s_43_3_0,,Android,2.4.1
2299,92,level_complete,2,2026-08-04T10:31:36,s_92_3_0,,Android,2.4.0
2300,92,level_start,3,2026-08-04T10:32:12,s_92_3_0,,Android,2.4.0
2301,92,level_complete,3,2026-08-04T10:32:50,s_92_3_0,,Android,2.4.0
2302,92,session_end,,2026-08-04T10:33:27,s_92_3_0,,Android,2.4.0
301,13,session_start,,2026-08-04T10:48:00,s_13_3_0,,iOS,2.4.1
767,31,session_start,,2026-08-04T10:48:00,s_31_3_0,,iOS,2.4.0
302,13,level_start,1,2026-08-04T10:49:00,s_13_3_0,,iOS,2.4.1
693,28,session_start,,2026-08-04T10:49:00,s_28_3_0,,iOS,2.4.0
2900,118,session_start,,2026-08-04T10:49:00,s_118_3_0,,iOS,2.4.1
768,31,level_start,3,2026-08-04T10:49:04,s_31_3_0,,iOS,2.4.0
2901,118,level_start,4,2026-08-04T10:49:30,s_118_3_0,,iOS,2.4.1
694,28,level_start,3,2026-08-04T10:50:30,s_28_3_0,,iOS,2.4.0
303,13,level_complete,1,2026-08-04T10:50:31,s_13_3_0,,iOS,2.4.1
3841,160,session_start,,2026-08-04T10:51:00,s_160_3_0,,iOS,2.4.1
769,31,level_complete,3,2026-08-04T10:51:23,s_31_3_0,,iOS,2.4.0
2902,118,level_complete,4,2026-08-04T10:51:26,s_118_3_0,,iOS,2.4.1
304,13,session_end,,2026-08-04T10:51:35,s_13_3_0,,iOS,2.4.1
770,31,session_end,,2026-08-04T10:52:10,s_31_3_0,,iOS,2.4.0
3842,160,level_start,7,2026-08-04T10:52:13,s_160_3_0,,iOS,2.4.1
2903,118,session_end,,2026-08-04T10:52:17,s_118_3_0,,iOS,2.4.1
695,28,level_complete,3,2026-08-04T10:53:10,s_28_3_0,,iOS,2.4.0
696,28,level_start,4,2026-08-04T10:53:44,s_28_3_0,,iOS,2.4.0
3843,160,level_complete,7,2026-08-04T10:55:03,s_160_3_0,,iOS,2.4.1
697,28,level_fail,4,2026-08-04T10:55:22,s_28_3_0,,iOS,2.4.0
698,28,level_start,5,2026-08-04T10:56:28,s_28_3_0,,iOS,2.4.0
3844,160,level_start,8,2026-08-04T10:56:31,s_160_3_0,,iOS,2.4.1
3845,160,level_complete,8,2026-08-04T10:59:07,s_160_3_0,,iOS,2.4.1
699,28,level_fail,5,2026-08-04T10:59:16,s_28_3_0,,iOS,2.4.0
700,28,level_start,6,2026-08-04T10:59:41,s_28_3_0,,iOS,2.4.0
3846,160,session_end,,2026-08-04T11:00:06,s_160_3_0,,iOS,2.4.1
701,28,level_complete,6,2026-08-04T11:03:25,s_28_3_0,,iOS,2.4.0
702,28,session_end,,2026-08-04T11:05:04,s_28_3_0,,iOS,2.4.0
2497,99,session_start,,2026-08-04T11:08:00,s_99_3_0,,Android,2.4.1
3801,159,session_start,,2026-08-04T11:08:00,s_159_3_0,,iOS,2.4.1
3802,159,level_start,1,2026-08-04T11:08:40,s_159_3_0,,iOS,2.4.1
2498,99,level_start,1,2026-08-04T11:08:59,s_99_3_0,,Android,2.4.1
2499,99,level_complete,1,2026-08-04T11:10:01,s_99_3_0,,Android,2.4.1
3803,159,level_complete,1,2026-08-04T11:10:28,s_159_3_0,,iOS,2.4.1
2500,99,session_end,,2026-08-04T11:10:41,s_99_3_0,,Android,2.4.1
3804,159,session_end,,2026-08-04T11:11:17,s_159_3_0,,iOS,2.4.1
249,11,session_start,,2026-08-04T11:39:00,s_11_3_0,,Android,2.5.0
250,11,level_start,4,2026-08-04T11:39:45,s_11_3_0,,Android,2.5.0
251,11,level_complete,4,2026-08-04T11:40:46,s_11_3_0,,Android,2.5.0
252,11,level_start,5,2026-08-04T11:41:15,s_11_3_0,,Android,2.5.0
253,11,level_complete,5,2026-08-04T11:43:40,s_11_3_0,,Android,2.5.0
254,11,level_start,6,2026-08-04T11:44:56,s_11_3_0,,Android,2.5.0
255,11,level_fail,6,2026-08-04T11:45:48,s_11_3_0,,Android,2.5.0
256,11,session_end,,2026-08-04T11:46:58,s_11_3_0,,Android,2.5.0
4263,172,session_start,,2026-08-04T11:47:00,s_172_3_0,,iOS,2.4.0
4264,172,level_start,15,2026-08-04T11:48:08,s_172_3_0,,iOS,2.4.0
4265,172,level_complete,15,2026-08-04T11:51:21,s_172_3_0,,iOS,2.4.0
4266,172,session_end,,2026-08-04T11:52:26,s_172_3_0,,iOS,2.4.0
3697,154,session_start,,2026-08-04T11:54:00,s_154_3_0,,iOS,2.5.0
3698,154,level_start,3,2026-08-04T11:54:35,s_154_3_0,,iOS,2.5.0
3699,154,level_complete,3,2026-08-04T11:55:38,s_154_3_0,,iOS,2.5.0
3700,154,level_start,4,2026-08-04T11:56:33,s_154_3_0,,iOS,2.5.0
3701,154,level_fail,4,2026-08-04T11:57:52,s_154_3_0,,iOS,2.5.0
3702,154,session_end,,2026-08-04T11:59:16,s_154_3_0,,iOS,2.5.0
555,23,session_start,,2026-08-04T12:02:00,s_23_3_0,,Android,2.5.0
3487,147,session_start,,2026-08-04T12:03:00,s_147_3_0,,Android,2.4.0
556,23,level_start,14,2026-08-04T12:03:29,s_23_3_0,,Android,2.5.0
3488,147,level_start,6,2026-08-04T12:04:14,s_147_3_0,,Android,2.4.0
3307,140,session_start,,2026-08-04T12:06:00,s_140_3_0,,iOS,2.4.0
3489,147,level_fail,6,2026-08-04T12:06:05,s_147_3_0,,Android,2.4.0
557,23,level_fail,14,2026-08-04T12:06:23,s_23_3_0,,Android,2.5.0
3308,140,level_start,1,2026-08-04T12:06:37,s_140_3_0,,iOS,2.4.0
3490,147,level_start,7,2026-08-04T12:06:41,s_147_3_0,,Android,2.4.0
558,23,session_end,,2026-08-04T12:07:15,s_23_3_0,,Android,2.5.0
2303,92,session_start,,2026-08-04T12:08:00,s_92_3_1,,Android,2.4.0
3309,140,level_complete,1,2026-08-04T12:08:32,s_140_3_0,,iOS,2.4.0
2304,92,level_start,1,2026-08-04T12:09:18,s_92_3_1,,Android,2.4.0
3491,147,level_complete,7,2026-08-04T12:09:24,s_147_3_0,,Android,2.4.0
3310,140,level_start,2,2026-08-04T12:09:32,s_140_3_0,,iOS,2.4.0
3492,147,session_end,,2026-08-04T12:11:09,s_147_3_0,,Android,2.4.0
2305,92,level_complete,1,2026-08-04T12:11:35,s_92_3_1,,Android,2.4.0
2306,92,session_end,,2026-08-04T12:12:48,s_92_3_1,,Android,2.4.0
3311,140,level_complete,2,2026-08-04T12:12:52,s_140_3_0,,iOS,2.4.0
3312,140,session_end,,2026-08-04T12:14:04,s_140_3_0,,iOS,2.4.0
3004,121,session_start,,2026-08-04T12:24:00,s_121_3_0,,Android,2.4.1
3005,121,level_start,8,2026-08-04T12:24:45,s_121_3_0,,Android,2.4.1
3006,121,level_fail,8,2026-08-04T12:26:16,s_121_3_0,,Android,2.4.1
3007,121,session_end,,2026-08-04T12:28:01,s_121_3_0,,Android,2.4.1
4481,180,session_start,,2026-08-04T12:37:00,s_180_3_0,,Android,2.4.1
4482,180,level_start,1,2026-08-04T12:37:30,s_180_3_0,,Android,2.4.1
4483,180,level_complete,1,2026-08-04T12:38:15,s_180_3_0,,Android,2.4.1
4484,180,level_start,2,2026-08-04T12:39:24,s_180_3_0,,Android,2.4.1
4485,180,level_complete,2,2026-08-04T12:42:00,s_180_3_0,,Android,2.4.1
4486,180,session_end,,2026-08-04T12:43:18,s_180_3_0,,Android,2.4.1
2623,105,session_start,,2026-08-04T12:59:00,s_105_3_1,,Android,2.4.0
2624,105,level_start,11,2026-08-04T13:00:26,s_105_3_1,,Android,2.4.0
2625,105,level_complete,11,2026-08-04T13:01:47,s_105_3_1,,Android,2.4.0
2626,105,level_start,12,2026-08-04T13:02:25,s_105_3_1,,Android,2.4.0
2627,105,level_complete,12,2026-08-04T13:03:56,s_105_3_1,,Android,2.4.0
2628,105,level_start,13,2026-08-04T13:04:54,s_105_3_1,,Android,2.4.0
2629,105,level_complete,13,2026-08-04T13:07:15,s_105_3_1,,Android,2.4.0
2630,105,level_start,14,2026-08-04T13:07:43,s_105_3_1,,Android,2.4.0
2631,105,level_complete,14,2026-08-04T13:10:55,s_105_3_1,,Android,2.4.0
2632,105,session_end,,2026-08-04T13:12:17,s_105_3_1,,Android,2.4.0
611,25,session_start,,2026-08-04T13:24:00,s_25_3_0,,iOS,2.4.0
612,25,level_start,11,2026-08-04T13:25:06,s_25_3_0,,iOS,2.4.0
613,25,level_fail,11,2026-08-04T13:26:05,s_25_3_0,,iOS,2.4.0
614,25,level_start,12,2026-08-04T13:26:50,s_25_3_0,,iOS,2.4.0
615,25,level_fail,12,2026-08-04T13:29:51,s_25_3_0,,iOS,2.4.0
616,25,level_start,13,2026-08-04T13:30:34,s_25_3_0,,iOS,2.4.0
617,25,level_fail,13,2026-08-04T13:33:58,s_25_3_0,,iOS,2.4.0
618,25,purchase,,2026-08-04T13:34:54,s_25_3_0,9.99,iOS,2.4.0
619,25,session_end,,2026-08-04T13:36:54,s_25_3_0,,iOS,2.4.0
3985,165,session_start,,2026-08-04T13:42:00,s_165_3_0,,iOS,2.4.0
3986,165,level_start,11,2026-08-04T13:42:39,s_165_3_0,,iOS,2.4.0
3987,165,level_fail,11,2026-08-04T13:45:06,s_165_3_0,,iOS,2.4.0
3988,165,level_start,12,2026-08-04T13:46:29,s_165_3_0,,iOS,2.4.0
3989,165,level_complete,12,2026-08-04T13:48:20,s_165_3_0,,iOS,2.4.0
3990,165,level_start,13,2026-08-04T13:49:32,s_165_3_0,,iOS,2.4.0
3613,151,session_start,,2026-08-04T13:51:00,s_151_3_0,,Android,2.4.1
3991,165,level_complete,13,2026-08-04T13:51:09,s_165_3_0,,iOS,2.4.0
3614,151,level_start,5,2026-08-04T13:51:36,s_151_3_0,,Android,2.4.1
3992,165,session_end,,2026-08-04T13:51:39,s_165_3_0,,iOS,2.4.0
3615,151,level_complete,5,2026-08-04T13:53:12,s_151_3_0,,Android,2.4.1
3616,151,level_start,6,2026-08-04T13:54:37,s_151_3_0,,Android,2.4.1
3617,151,level_complete,6,2026-08-04T13:58:09,s_151_3_0,,Android,2.4.1
3618,151,level_start,7,2026-08-04T13:58:45,s_151_3_0,,Android,2.4.1
3619,151,level_complete,7,2026-08-04T13:59:51,s_151_3_0,,Android,2.4.1
3620,151,level_start,8,2026-08-04T14:00:45,s_151_3_0,,Android,2.4.1
3621,151,level_fail,8,2026-08-04T14:01:28,s_151_3_0,,Android,2.4.1
2904,118,session_start,,2026-08-04T14:03:00,s_118_3_1,,iOS,2.4.1
3622,151,session_end,,2026-08-04T14:03:19,s_151_3_0,,Android,2.4.1
2905,118,level_start,1,2026-08-04T14:03:39,s_118_3_1,,iOS,2.4.1
2906,118,level_complete,1,2026-08-04T14:06:36,s_118_3_1,,iOS,2.4.1
2907,118,level_start,2,2026-08-04T14:08:02,s_118_3_1,,iOS,2.4.1
2908,118,level_complete,2,2026-08-04T14:09:47,s_118_3_1,,iOS,2.4.1
2909,118,level_start,3,2026-08-04T14:11:17,s_118_3_1,,iOS,2.4.1
2910,118,level_complete,3,2026-08-04T14:13:04,s_118_3_1,,iOS,2.4.1
2911,118,level_start,4,2026-08-04T14:14:04,s_118_3_1,,iOS,2.4.1
2912,118,level_complete,4,2026-08-04T14:16:02,s_118_3_1,,iOS,2.4.1
2913,118,session_end,,2026-08-04T14:17:07,s_118_3_1,,iOS,2.4.1
1347,54,session_start,,2026-08-04T14:20:00,s_54_3_0,,iOS,2.5.0
1348,54,level_start,11,2026-08-04T14:20:35,s_54_3_0,,iOS,2.5.0
1349,54,level_complete,11,2026-08-04T14:23:21,s_54_3_0,,iOS,2.5.0
1350,54,session_end,,2026-08-04T14:25:10,s_54_3_0,,iOS,2.5.0
1114,47,session_start,,2026-08-04T14:27:00,s_47_3_0,,iOS,2.4.1
1115,47,level_start,8,2026-08-04T14:27:20,s_47_3_0,,iOS,2.4.1
1116,47,level_complete,8,2026-08-04T14:27:59,s_47_3_0,,iOS,2.4.1
1117,47,level_start,9,2026-08-04T14:29:06,s_47_3_0,,iOS,2.4.1
1118,47,level_fail,9,2026-08-04T14:29:39,s_47_3_0,,iOS,2.4.1
3371,142,session_start,,2026-08-04T14:31:00,s_142_3_0,,iOS,2.4.1
1119,47,level_start,10,2026-08-04T14:31:06,s_47_3_0,,iOS,2.4.1
3372,142,level_start,2,2026-08-04T14:32:12,s_142_3_0,,iOS,2.4.1
1120,47,level_complete,10,2026-08-04T14:32:24,s_47_3_0,,iOS,2.4.1
1121,47,level_start,11,2026-08-04T14:32:44,s_47_3_0,,iOS,2.4.1
3373,142,level_fail,2,2026-08-04T14:32:51,s_142_3_0,,iOS,2.4.1
3374,142,level_start,3,2026-08-04T14:33:26,s_142_3_0,,iOS,2.4.1
3375,142,level_fail,3,2026-08-04T14:35:34,s_142_3_0,,iOS,2.4.1
1122,47,level_fail,11,2026-08-04T14:35:54,s_47_3_0,,iOS,2.4.1
3376,142,level_start,4,2026-08-04T14:36:14,s_142_3_0,,iOS,2.4.1
1123,47,session_end,,2026-08-04T14:36:52,s_47_3_0,,iOS,2.4.1
89,4,session_start,,2026-08-04T14:37:00,s_4_3_1,,Android,2.5.0
3377,142,level_complete,4,2026-08-04T14:37:33,s_142_3_0,,iOS,2.4.1
90,4,level_start,10,2026-08-04T14:38:10,s_4_3_1,,Android,2.5.0
3378,142,session_end,,2026-08-04T14:38:35,s_142_3_0,,iOS,2.4.1
91,4,level_fail,10,2026-08-04T14:39:59,s_4_3_1,,Android,2.5.0
92,4,level_start,11,2026-08-04T14:40:47,s_4_3_1,,Android,2.5.0
93,4,level_fail,11,2026-08-04T14:42:42,s_4_3_1,,Android,2.5.0
4299,173,session_start,,2026-08-04T14:43:00,s_173_3_1,,iOS,2.5.0
94,4,level_start,12,2026-08-04T14:43:11,s_4_3_1,,Android,2.5.0
4300,173,level_start,1,2026-08-04T14:43:45,s_173_3_1,,iOS,2.5.0
4301,173,level_complete,1,2026-08-04T14:45:19,s_173_3_1,,iOS,2.5.0
95,4,level_fail,12,2026-08-04T14:45:51,s_4_3_1,,Android,2.5.0
4302,173,session_end,,2026-08-04T14:46:59,s_173_3_1,,iOS,2.5.0
96,4,level_start,13,2026-08-04T14:47:18,s_4_3_1,,Android,2.5.0
97,4,level_complete,13,2026-08-04T14:49:58,s_4_3_1,,Android,2.5.0
98,4,session_end,,2026-08-04T14:51:12,s_4_3_1,,Android,2.5.0
390,17,session_start,,2026-08-04T14:56:00,s_17_3_0,,Android,2.4.0
4295,173,session_start,,2026-08-04T14:57:00,s_173_3_0,,iOS,2.5.0
391,17,level_start,5,2026-08-04T14:57:10,s_17_3_0,,Android,2.4.0
4296,173,level_start,1,2026-08-04T14:57:58,s_173_3_0,,iOS,2.5.0
4297,173,level_complete,1,2026-08-04T15:01:00,s_173_3_0,,iOS,2.5.0
392,17,level_complete,5,2026-08-04T15:01:01,s_17_3_0,,Android,2.4.0
393,17,level_start,6,2026-08-04T15:01:58,s_17_3_0,,Android,2.4.0
394,17,level_complete,6,2026-08-04T15:02:37,s_17_3_0,,Android,2.4.0
4298,173,session_end,,2026-08-04T15:02:42,s_173_3_0,,iOS,2.5.0
395,17,session_end,,2026-08-04T15:03:20,s_17_3_0,,Android,2.4.0
757,30,session_start,,2026-08-04T15:04:00,s_30_3_0,,iOS,2.4.0
758,30,level_start,1,2026-08-04T15:04:31,s_30_3_0,,iOS,2.4.0
759,30,level_complete,1,2026-08-04T15:08:08,s_30_3_0,,iOS,2.4.0
760,30,session_end,,2026-08-04T15:08:51,s_30_3_0,,iOS,2.4.0
305,13,session_start,,2026-08-04T15:15:00,s_13_3_1,,iOS,2.4.1
306,13,level_start,1,2026-08-04T15:15:26,s_13_3_1,,iOS,2.4.1
307,13,level_fail,1,2026-08-04T15:17:10,s_13_3_1,,iOS,2.4.1
308,13,session_end,,2026-08-04T15:18:58,s_13_3_1,,iOS,2.4.1
3465,146,session_start,,2026-08-04T15:42:00,s_146_3_0,,iOS,2.4.0
3466,146,level_start,11,2026-08-04T15:42:47,s_146_3_0,,iOS,2.4.0
3467,146,level_fail,11,2026-08-04T15:44:00,s_146_3_0,,iOS,2.4.0
3468,146,level_start,12,2026-08-04T15:44:31,s_146_3_0,,iOS,2.4.0
3469,146,level_complete,12,2026-08-04T15:45:28,s_146_3_0,,iOS,2.4.0
1969,78,session_start,,2026-08-04T15:46:00,s_78_3_0,,iOS,2.5.0
3470,146,session_end,,2026-08-04T15:46:01,s_146_3_0,,iOS,2.4.0
1970,78,level_start,1,2026-08-04T15:47:00,s_78_3_0,,iOS,2.5.0
1971,78,level_complete,1,2026-08-04T15:48:36,s_78_3_0,,iOS,2.5.0
1972,78,session_end,,2026-08-04T15:50:25,s_78_3_0,,iOS,2.5.0
115,5,session_start,,2026-08-04T15:58:00,s_5_3_0,,Android,2.4.0
116,5,level_start,1,2026-08-04T15:59:20,s_5_3_0,,Android,2.4.0
3233,134,session_start,,2026-08-04T16:00:00,s_134_3_0,,iOS,2.4.1
3234,134,level_start,1,2026-08-04T16:01:12,s_134_3_0,,iOS,2.4.1
117,5,level_complete,1,2026-08-04T16:01:58,s_5_3_0,,Android,2.4.0
118,5,session_end,,2026-08-04T16:02:35,s_5_3_0,,Android,2.4.0
3235,134,level_complete,1,2026-08-04T16:03:22,s_134_3_0,,iOS,2.4.1
4129,168,session_start,,2026-08-04T16:04:00,s_168_3_0,,iOS,2.4.1
3236,134,session_end,,2026-08-04T16:04:06,s_134_3_0,,iOS,2.4.1
4130,168,level_start,1,2026-08-04T16:04:47,s_168_3_0,,iOS,2.4.1
4131,168,level_complete,1,2026-08-04T16:07:31,s_168_3_0,,iOS,2.4.1
4132,168,session_end,,2026-08-04T16:09:12,s_168_3_0,,iOS,2.4.1
1762,71,session_start,,2026-08-04T16:20:00,s_71_3_0,,Android,2.4.1
1763,71,level_start,6,2026-08-04T16:21:15,s_71_3_0,,Android,2.4.1
1764,71,level_complete,6,2026-08-04T16:24:50,s_71_3_0,,Android,2.4.1
1765,71,level_start,7,2026-08-04T16:25:40,s_71_3_0,,Android,2.4.1
1766,71,level_complete,7,2026-08-04T16:28:34,s_71_3_0,,Android,2.4.1
1767,71,level_start,8,2026-08-04T16:29:42,s_71_3_0,,Android,2.4.1
1768,71,level_complete,8,2026-08-04T16:33:28,s_71_3_0,,Android,2.4.1
1769,71,session_end,,2026-08-04T16:34:30,s_71_3_0,,Android,2.4.1
1026,46,session_start,,2026-08-04T16:50:00,s_46_3_0,,Android,2.5.0
1027,46,level_start,18,2026-08-04T16:50:59,s_46_3_0,,Android,2.5.0
1028,46,level_fail,18,2026-08-04T16:54:30,s_46_3_0,,Android,2.5.0
1029,46,level_start,19,2026-08-04T16:55:07,s_46_3_0,,Android,2.5.0
1030,46,level_fail,19,2026-08-04T16:58:56,s_46_3_0,,Android,2.5.0
1031,46,session_end,,2026-08-04T16:59:29,s_46_3_0,,Android,2.5.0
2113,84,session_start,,2026-08-04T17:11:00,s_84_3_0,,Android,2.5.0
2114,84,level_start,1,2026-08-04T17:12:30,s_84_3_0,,Android,2.5.0
2039,81,session_start,,2026-08-04T17:15:00,s_81_3_0,,Android,2.4.1
2040,81,level_start,4,2026-08-04T17:15:59,s_81_3_0,,Android,2.4.1
2115,84,level_complete,1,2026-08-04T17:16:29,s_84_3_0,,Android,2.5.0
2116,84,level_start,2,2026-08-04T17:17:34,s_84_3_0,,Android,2.5.0
2117,84,level_complete,2,2026-08-04T17:19:01,s_84_3_0,,Android,2.5.0
2041,81,level_fail,4,2026-08-04T17:19:05,s_81_3_0,,Android,2.4.1
2042,81,level_start,5,2026-08-04T17:20:34,s_81_3_0,,Android,2.4.1
2118,84,session_end,,2026-08-04T17:20:48,s_84_3_0,,Android,2.5.0
2043,81,level_complete,5,2026-08-04T17:22:57,s_81_3_0,,Android,2.4.1
2044,81,session_end,,2026-08-04T17:23:30,s_81_3_0,,Android,2.4.1
145,7,session_start,,2026-08-04T17:24:00,s_7_3_0,,iOS,2.5.0
146,7,level_start,13,2026-08-04T17:24:43,s_7_3_0,,iOS,2.5.0
79,4,session_start,,2026-08-04T17:25:00,s_4_3_0,,Android,2.5.0
80,4,level_start,8,2026-08-04T17:25:34,s_4_3_0,,Android,2.5.0
81,4,level_complete,8,2026-08-04T17:27:47,s_4_3_0,,Android,2.5.0
147,7,level_fail,13,2026-08-04T17:28:10,s_7_3_0,,iOS,2.5.0
82,4,level_start,9,2026-08-04T17:28:48,s_4_3_0,,Android,2.5.0
148,7,level_start,14,2026-08-04T17:28:51,s_7_3_0,,iOS,2.5.0
83,4,level_fail,9,2026-08-04T17:30:01,s_4_3_0,,Android,2.5.0
84,4,level_start,10,2026-08-04T17:31:19,s_4_3_0,,Android,2.5.0
149,7,level_complete,14,2026-08-04T17:32:25,s_7_3_0,,iOS,2.5.0
150,7,session_end,,2026-08-04T17:34:21,s_7_3_0,,iOS,2.5.0
85,4,level_fail,10,2026-08-04T17:34:45,s_4_3_0,,Android,2.5.0
86,4,level_start,11,2026-08-04T17:35:16,s_4_3_0,,Android,2.5.0
87,4,level_fail,11,2026-08-04T17:37:37,s_4_3_0,,Android,2.5.0
88,4,session_end,,2026-08-04T17:38:38,s_4_3_0,,Android,2.5.0
2205,88,session_start,,2026-08-04T17:41:00,s_88_3_0,,Android,2.4.1
2206,88,level_start,1,2026-08-04T17:41:53,s_88_3_0,,Android,2.4.1
2207,88,level_complete,1,2026-08-04T17:42:49,s_88_3_0,,Android,2.4.1
2208,88,session_end,,2026-08-04T17:43:28,s_88_3_0,,Android,2.4.1
257,11,session_start,,2026-08-04T18:22:00,s_11_3_1,,Android,2.5.0
258,11,level_start,7,2026-08-04T18:22:58,s_11_3_1,,Android,2.5.0
259,11,level_fail,7,2026-08-04T18:24:08,s_11_3_1,,Android,2.5.0
260,11,session_end,,2026-08-04T18:26:07,s_11_3_1,,Android,2.5.0
2185,87,session_start,,2026-08-04T18:28:00,s_87_3_0,,iOS,2.5.0
2186,87,level_start,1,2026-08-04T18:28:56,s_87_3_0,,iOS,2.5.0
2187,87,level_complete,1,2026-08-04T18:30:30,s_87_3_0,,iOS,2.5.0
2188,87,level_start,2,2026-08-04T18:30:53,s_87_3_0,,iOS,2.5.0
2531,102,session_start,,2026-08-04T18:31:00,s_102_3_0,,Android,2.4.1
2532,102,level_start,1,2026-08-04T18:32:16,s_102_3_0,,Android,2.4.1
2189,87,level_complete,2,2026-08-04T18:34:01,s_87_3_0,,iOS,2.5.0
2190,87,level_start,3,2026-08-04T18:34:48,s_87_3_0,,iOS,2.5.0
2533,102,level_complete,1,2026-08-04T18:34:59,s_102_3_0,,Android,2.4.1
2534,102,session_end,,2026-08-04T18:35:39,s_102_3_0,,Android,2.4.1
2191,87,level_complete,3,2026-08-04T18:37:51,s_87_3_0,,iOS,2.5.0
2192,87,session_end,,2026-08-04T18:39:51,s_87_3_0,,iOS,2.5.0
2617,105,session_start,,2026-08-04T18:48:00,s_105_3_0,,Android,2.4.0
2618,105,level_start,13,2026-08-04T18:49:26,s_105_3_0,,Android,2.4.0
2619,105,level_complete,13,2026-08-04T18:50:43,s_105_3_0,,Android,2.4.0
2620,105,level_start,14,2026-08-04T18:51:30,s_105_3_0,,Android,2.4.0
2621,105,level_fail,14,2026-08-04T18:54:49,s_105_3_0,,Android,2.4.0
2622,105,session_end,,2026-08-04T18:56:18,s_105_3_0,,Android,2.4.0
1594,66,session_start,,2026-08-04T19:17:00,s_66_3_0,,Android,2.5.0
1595,66,level_start,10,2026-08-04T19:18:16,s_66_3_0,,Android,2.5.0
4231,171,session_start,,2026-08-04T19:19:00,s_171_3_0,,iOS,2.5.0
4232,171,level_start,10,2026-08-04T19:20:00,s_171_3_0,,iOS,2.5.0
1596,66,level_fail,10,2026-08-04T19:22:05,s_66_3_0,,Android,2.5.0
1597,66,level_start,11,2026-08-04T19:23:11,s_66_3_0,,Android,2.5.0
4233,171,level_complete,10,2026-08-04T19:23:24,s_171_3_0,,iOS,2.5.0
4234,171,level_start,11,2026-08-04T19:24:07,s_171_3_0,,iOS,2.5.0
4235,171,level_fail,11,2026-08-04T19:26:02,s_171_3_0,,iOS,2.5.0
4236,171,session_end,,2026-08-04T19:26:50,s_171_3_0,,iOS,2.5.0
1598,66,level_complete,11,2026-08-04T19:26:52,s_66_3_0,,Android,2.5.0
1599,66,level_start,12,2026-08-04T19:28:09,s_66_3_0,,Android,2.5.0
1600,66,level_complete,12,2026-08-04T19:30:24,s_66_3_0,,Android,2.5.0
1601,66,level_start,13,2026-08-04T19:30:46,s_66_3_0,,Android,2.5.0
1602,66,level_fail,13,2026-08-04T19:31:48,s_66_3_0,,Android,2.5.0
1603,66,session_end,,2026-08-04T19:33:42,s_66_3_0,,Android,2.5.0
1124,47,session_start,,2026-08-04T19:56:00,s_47_3_1,,iOS,2.4.1
1125,47,level_start,10,2026-08-04T19:56:36,s_47_3_1,,iOS,2.4.1
1126,47,level_complete,10,2026-08-04T19:57:32,s_47_3_1,,iOS,2.4.1
1127,47,level_start,11,2026-08-04T19:58:31,s_47_3_1,,iOS,2.4.1
1128,47,level_complete,11,2026-08-04T19:59:43,s_47_3_1,,iOS,2.4.1
1129,47,level_start,12,2026-08-04T20:00:08,s_47_3_1,,iOS,2.4.1
1130,47,level_fail,12,2026-08-04T20:01:54,s_47_3_1,,iOS,2.4.1
1131,47,session_end,,2026-08-04T20:03:22,s_47_3_1,,iOS,2.4.1
3107,124,session_start,,2026-08-04T20:08:00,s_124_3_0,,iOS,2.5.0
3108,124,level_start,1,2026-08-04T20:08:27,s_124_3_0,,iOS,2.5.0
790,33,session_start,,2026-08-04T20:09:00,s_33_3_0,,Android,2.4.0
791,33,level_start,5,2026-08-04T20:09:28,s_33_3_0,,Android,2.4.0
3109,124,level_complete,1,2026-08-04T20:10:14,s_124_3_0,,iOS,2.5.0
3110,124,session_end,,2026-08-04T20:10:57,s_124_3_0,,iOS,2.5.0
792,33,level_complete,5,2026-08-04T20:11:17,s_33_3_0,,Android,2.4.0
793,33,level_start,6,2026-08-04T20:12:07,s_33_3_0,,Android,2.4.0
794,33,level_complete,6,2026-08-04T20:12:51,s_33_3_0,,Android,2.4.0
795,33,level_start,7,2026-08-04T20:14:06,s_33_3_0,,Android,2.4.0
796,33,level_complete,7,2026-08-04T20:15:05,s_33_3_0,,Android,2.4.0
797,33,session_end,,2026-08-04T20:16:52,s_33_3_0,,Android,2.4.0
2823,115,session_start,,2026-08-04T20:19:00,s_115_3_1,,iOS,2.4.0
2824,115,level_start,1,2026-08-04T20:19:37,s_115_3_1,,iOS,2.4.0
2825,115,level_complete,1,2026-08-04T20:20:10,s_115_3_1,,iOS,2.4.0
2826,115,session_end,,2026-08-04T20:22:09,s_115_3_1,,iOS,2.4.0
1806,72,session_start,,2026-08-04T20:25:00,s_72_3_0,,Android,2.5.0
1807,72,level_start,2,2026-08-04T20:26:03,s_72_3_0,,Android,2.5.0
1808,72,level_complete,2,2026-08-04T20:26:54,s_72_3_0,,Android,2.5.0
1809,72,level_start,3,2026-08-04T20:27:20,s_72_3_0,,Android,2.5.0
1810,72,level_complete,3,2026-08-04T20:30:10,s_72_3_0,,Android,2.5.0
1811,72,session_end,,2026-08-04T20:30:50,s_72_3_0,,Android,2.5.0
3735,157,session_start,,2026-08-04T20:44:00,s_157_3_0,,iOS,2.4.0
3736,157,level_start,5,2026-08-04T20:45:23,s_157_3_0,,iOS,2.4.0
3737,157,level_complete,5,2026-08-04T20:48:48,s_157_3_0,,iOS,2.4.0
3738,157,level_start,6,2026-08-04T20:50:13,s_157_3_0,,iOS,2.4.0
3739,157,level_complete,6,2026-08-04T20:51:02,s_157_3_0,,iOS,2.4.0
3740,157,session_end,,2026-08-04T20:52:37,s_157_3_0,,iOS,2.4.0
816,35,session_start,,2026-08-04T21:04:00,s_35_3_0,,Android,2.4.1
817,35,level_start,1,2026-08-04T21:05:24,s_35_3_0,,Android,2.4.1
818,35,level_fail,1,2026-08-04T21:08:46,s_35_3_0,,Android,2.4.1
819,35,level_start,2,2026-08-04T21:09:28,s_35_3_0,,Android,2.4.1
820,35,level_complete,2,2026-08-04T21:10:55,s_35_3_0,,Android,2.4.1
821,35,level_start,3,2026-08-04T21:11:20,s_35_3_0,,Android,2.4.1
822,35,level_complete,3,2026-08-04T21:13:32,s_35_3_0,,Android,2.4.1
823,35,session_end,,2026-08-04T21:15:01,s_35_3_0,,Android,2.4.1
3507,148,session_start,,2026-08-04T21:31:00,s_148_3_0,,Android,2.4.1
3508,148,level_start,1,2026-08-04T21:31:40,s_148_3_0,,Android,2.4.1
3509,148,level_complete,1,2026-08-04T21:32:15,s_148_3_0,,Android,2.4.1
3510,148,level_start,2,2026-08-04T21:33:18,s_148_3_0,,Android,2.4.1
3511,148,level_complete,2,2026-08-04T21:35:36,s_148_3_0,,Android,2.4.1
3512,148,session_end,,2026-08-04T21:36:50,s_148_3_0,,Android,2.4.1
2819,115,session_start,,2026-08-04T21:42:00,s_115_3_0,,iOS,2.4.0
2820,115,level_start,1,2026-08-04T21:43:06,s_115_3_0,,iOS,2.4.0
1022,45,session_start,,2026-08-04T21:44:00,s_45_3_1,,Android,2.4.0
1023,45,level_start,8,2026-08-04T21:44:37,s_45_3_1,,Android,2.4.0
1024,45,level_fail,8,2026-08-04T21:46:23,s_45_3_1,,Android,2.4.0
2821,115,level_complete,1,2026-08-04T21:46:32,s_115_3_0,,iOS,2.4.0
1025,45,session_end,,2026-08-04T21:47:49,s_45_3_1,,Android,2.4.0
2822,115,session_end,,2026-08-04T21:47:52,s_115_3_0,,iOS,2.4.0
2053,82,session_start,,2026-08-04T21:57:00,s_82_3_1,,iOS,2.5.0
2054,82,level_start,1,2026-08-04T21:58:10,s_82_3_1,,iOS,2.5.0
2055,82,level_complete,1,2026-08-04T21:59:26,s_82_3_1,,iOS,2.5.0
2056,82,session_end,,2026-08-04T22:01:21,s_82_3_1,,iOS,2.5.0
45,3,session_start,,2026-08-04T22:21:00,s_3_3_0,,iOS,2.4.0
2767,111,session_start,,2026-08-04T22:21:00,s_111_3_0,,iOS,2.4.0
2768,111,level_start,8,2026-08-04T22:21:35,s_111_3_0,,iOS,2.4.0
46,3,level_start,5,2026-08-04T22:21:43,s_3_3_0,,iOS,2.4.0
47,3,level_complete,5,2026-08-04T22:22:49,s_3_3_0,,iOS,2.4.0
2769,111,level_complete,8,2026-08-04T22:23:45,s_111_3_0,,iOS,2.4.0
48,3,level_start,6,2026-08-04T22:24:00,s_3_3_0,,iOS,2.4.0
2770,111,session_end,,2026-08-04T22:24:28,s_111_3_0,,iOS,2.4.0
49,3,level_complete,6,2026-08-04T22:24:47,s_3_3_0,,iOS,2.4.0
50,3,level_start,7,2026-08-04T22:25:10,s_3_3_0,,iOS,2.4.0
51,3,level_fail,7,2026-08-04T22:26:03,s_3_3_0,,iOS,2.4.0
52,3,session_end,,2026-08-04T22:27:00,s_3_3_0,,iOS,2.4.0
673,27,session_start,,2026-08-04T22:39:00,s_27_3_0,,Android,2.5.0
674,27,level_start,16,2026-08-04T22:40:00,s_27_3_0,,Android,2.5.0
675,27,level_complete,16,2026-08-04T22:41:00,s_27_3_0,,Android,2.5.0
676,27,session_end,,2026-08-04T22:41:44,s_27_3_0,,Android,2.5.0
2675,106,session_start,,2026-08-04T22:51:00,s_106_3_0,,iOS,2.5.0
2676,106,level_start,6,2026-08-04T22:52:16,s_106_3_0,,iOS,2.5.0
559,23,session_start,,2026-08-04T22:54:00,s_23_3_1,,Android,2.5.0
2677,106,level_complete,6,2026-08-04T22:54:25,s_106_3_0,,iOS,2.5.0
560,23,level_start,14,2026-08-04T22:54:46,s_23_3_1,,Android,2.5.0
2678,106,session_end,,2026-08-04T22:55:45,s_106_3_0,,iOS,2.5.0
561,23,level_complete,14,2026-08-04T22:57:46,s_23_3_1,,Android,2.5.0
562,23,level_start,15,2026-08-04T22:58:56,s_23_3_1,,Android,2.5.0
563,23,level_complete,15,2026-08-04T22:59:45,s_23_3_1,,Android,2.5.0
564,23,level_start,16,2026-08-04T23:00:35,s_23_3_1,,Android,2.5.0
565,23,level_fail,16,2026-08-04T23:03:30,s_23_3_1,,Android,2.5.0
566,23,session_end,,2026-08-04T23:04:49,s_23_3_1,,Android,2.5.0
2505,99,session_start,,2026-08-05T08:12:00,s_99_4_1,,Android,2.4.1
2506,99,level_start,1,2026-08-05T08:13:25,s_99_4_1,,Android,2.4.1
2507,99,level_complete,1,2026-08-05T08:16:26,s_99_4_1,,Android,2.4.1
2508,99,session_end,,2026-08-05T08:17:11,s_99_4_1,,Android,2.4.1
1371,55,session_start,,2026-08-05T09:11:00,s_55_4_0,,Android,2.4.1
1372,55,level_start,1,2026-08-05T09:12:30,s_55_4_0,,Android,2.4.1
1373,55,level_complete,1,2026-08-05T09:13:18,s_55_4_0,,Android,2.4.1
1374,55,session_end,,2026-08-05T09:13:56,s_55_4_0,,Android,2.4.1
3493,147,session_start,,2026-08-05T09:25:00,s_147_4_0,,Android,2.4.0
3494,147,level_start,7,2026-08-05T09:26:00,s_147_4_0,,Android,2.4.0
2581,104,session_start,,2026-08-05T09:27:00,s_104_4_0,,iOS,2.4.1
3495,147,level_fail,7,2026-08-05T09:27:07,s_147_4_0,,Android,2.4.0
2582,104,level_start,1,2026-08-05T09:28:12,s_104_4_0,,iOS,2.4.1
3496,147,session_end,,2026-08-05T09:28:14,s_147_4_0,,Android,2.4.0
2583,104,level_complete,1,2026-08-05T09:30:11,s_104_4_0,,iOS,2.4.1
2584,104,session_end,,2026-08-05T09:31:12,s_104_4_0,,iOS,2.4.1
3847,160,session_start,,2026-08-05T09:37:00,s_160_4_0,,iOS,2.4.1
3848,160,level_start,7,2026-08-05T09:37:31,s_160_4_0,,iOS,2.4.1
3849,160,level_complete,7,2026-08-05T09:39:01,s_160_4_0,,iOS,2.4.1
3850,160,level_start,8,2026-08-05T09:39:47,s_160_4_0,,iOS,2.4.1
3851,160,level_complete,8,2026-08-05T09:40:21,s_160_4_0,,iOS,2.4.1
3852,160,level_start,9,2026-08-05T09:41:41,s_160_4_0,,iOS,2.4.1
3853,160,level_fail,9,2026-08-05T09:42:45,s_160_4_0,,iOS,2.4.1
3854,160,level_start,10,2026-08-05T09:43:12,s_160_4_0,,iOS,2.4.1
3855,160,level_complete,10,2026-08-05T09:45:11,s_160_4_0,,iOS,2.4.1
3856,160,session_end,,2026-08-05T09:45:58,s_160_4_0,,iOS,2.4.1
119,5,session_start,,2026-08-05T09:51:00,s_5_4_0,,Android,2.4.0
120,5,level_start,1,2026-08-05T09:52:24,s_5_4_0,,Android,2.4.0
121,5,level_complete,1,2026-08-05T09:55:39,s_5_4_0,,Android,2.4.0
122,5,level_start,2,2026-08-05T09:56:30,s_5_4_0,,Android,2.4.0
123,5,level_complete,2,2026-08-05T10:00:01,s_5_4_0,,Android,2.4.0
124,5,level_start,3,2026-08-05T10:01:17,s_5_4_0,,Android,2.4.0
125,5,level_complete,3,2026-08-05T10:04:01,s_5_4_0,,Android,2.4.0
126,5,session_end,,2026-08-05T10:04:51,s_5_4_0,,Android,2.4.0
4067,166,session_start,,2026-08-05T10:15:00,s_166_4_0,,iOS,2.4.0
4068,166,level_start,3,2026-08-05T10:15:44,s_166_4_0,,iOS,2.4.0
4069,166,level_fail,3,2026-08-05T10:18:31,s_166_4_0,,iOS,2.4.0
4070,166,level_start,4,2026-08-05T10:19:39,s_166_4_0,,iOS,2.4.0
4071,166,level_complete,4,2026-08-05T10:23:26,s_166_4_0,,iOS,2.4.0
4072,166,session_end,,2026-08-05T10:24:02,s_166_4_0,,iOS,2.4.0
1194,48,session_start,,2026-08-05T10:39:00,s_48_4_0,,Android,2.5.0
1195,48,level_start,5,2026-08-05T10:39:23,s_48_4_0,,Android,2.5.0
4364,175,session_start,,2026-08-05T10:41:00,s_175_4_0,,iOS,2.4.1
4365,175,level_start,1,2026-08-05T10:42:03,s_175_4_0,,iOS,2.4.1
1196,48,level_fail,5,2026-08-05T10:42:48,s_48_4_0,,Android,2.5.0
1197,48,level_start,6,2026-08-05T10:43:24,s_48_4_0,,Android,2.5.0
4366,175,level_complete,1,2026-08-05T10:44:30,s_175_4_0,,iOS,2.4.1
4367,175,session_end,,2026-08-05T10:45:17,s_175_4_0,,iOS,2.4.1
1198,48,level_fail,6,2026-08-05T10:45:57,s_48_4_0,,Android,2.5.0
2129,84,session_start,,2026-08-05T10:46:00,s_84_4_0,,Android,2.5.0
1199,48,level_start,7,2026-08-05T10:46:31,s_48_4_0,,Android,2.5.0
2130,84,level_start,1,2026-08-05T10:47:26,s_84_4_0,,Android,2.5.0
2131,84,level_complete,1,2026-08-05T10:48:16,s_84_4_0,,Android,2.5.0
1200,48,level_complete,7,2026-08-05T10:48:46,s_48_4_0,,Android,2.5.0
2132,84,level_start,2,2026-08-05T10:48:47,s_84_4_0,,Android,2.5.0
1201,48,level_start,8,2026-08-05T10:49:14,s_48_4_0,,Android,2.5.0
2133,84,level_complete,2,2026-08-05T10:50:19,s_84_4_0,,Android,2.5.0
1202,48,level_complete,8,2026-08-05T10:50:50,s_48_4_0,,Android,2.5.0
1203,48,session_end,,2026-08-05T10:51:21,s_48_4_0,,Android,2.5.0
2134,84,session_end,,2026-08-05T10:52:13,s_84_4_0,,Android,2.5.0
1939,77,session_start,,2026-08-05T10:55:00,s_77_4_1,,iOS,2.5.0
1940,77,level_start,1,2026-08-05T10:55:26,s_77_4_1,,iOS,2.5.0
1941,77,level_complete,1,2026-08-05T10:57:43,s_77_4_1,,iOS,2.5.0
1942,77,session_end,,2026-08-05T10:59:10,s_77_4_1,,iOS,2.5.0
2864,116,session_start,,2026-08-05T11:13:00,s_116_4_0,,iOS,2.4.0
3185,129,session_start,,2026-08-05T11:14:00,s_129_4_0,,Android,2.4.1
2865,116,level_start,2,2026-08-05T11:14:05,s_116_4_0,,iOS,2.4.0
3186,129,level_start,4,2026-08-05T11:14:50,s_129_4_0,,Android,2.4.1
2585,104,session_start,,2026-08-05T11:15:00,s_104_4_1,,iOS,2.4.1
2586,104,level_start,1,2026-08-05T11:15:28,s_104_4_1,,iOS,2.4.1
2866,116,level_complete,2,2026-08-05T11:15:41,s_116_4_0,,iOS,2.4.0
2867,116,session_end,,2026-08-05T11:16:31,s_116_4_0,,iOS,2.4.0
3187,129,level_complete,4,2026-08-05T11:17:01,s_129_4_0,,Android,2.4.1
2587,104,level_complete,1,2026-08-05T11:17:16,s_104_4_1,,iOS,2.4.1
2588,104,level_start,2,2026-08-05T11:17:57,s_104_4_1,,iOS,2.4.1
3188,129,level_start,5,2026-08-05T11:18:15,s_129_4_0,,Android,2.4.1
2589,104,level_complete,2,2026-08-05T11:18:32,s_104_4_1,,iOS,2.4.1
2590,104,session_end,,2026-08-05T11:19:06,s_104_4_1,,iOS,2.4.1
3189,129,level_complete,5,2026-08-05T11:20:21,s_129_4_0,,Android,2.4.1
3190,129,session_end,,2026-08-05T11:21:38,s_129_4_0,,Android,2.4.1
2988,120,session_start,,2026-08-05T11:39:00,s_120_4_0,,Android,2.4.0
2989,120,level_start,1,2026-08-05T11:40:20,s_120_4_0,,Android,2.4.0
2990,120,level_fail,1,2026-08-05T11:42:58,s_120_4_0,,Android,2.4.0
2991,120,session_end,,2026-08-05T11:43:43,s_120_4_0,,Android,2.4.0
309,13,session_start,,2026-08-05T11:55:00,s_13_4_0,,iOS,2.4.1
310,13,level_start,1,2026-08-05T11:56:00,s_13_4_0,,iOS,2.4.1
1032,46,session_start,,2026-08-05T11:56:00,s_46_4_0,,Android,2.5.0
1033,46,level_start,18,2026-08-05T11:56:51,s_46_4_0,,Android,2.5.0
311,13,level_complete,1,2026-08-05T11:57:18,s_13_4_0,,iOS,2.4.1
1034,46,level_complete,18,2026-08-05T11:57:29,s_46_4_0,,Android,2.5.0
1035,46,level_start,19,2026-08-05T11:58:35,s_46_4_0,,Android,2.5.0
312,13,session_end,,2026-08-05T11:58:51,s_13_4_0,,iOS,2.4.1
1036,46,level_complete,19,2026-08-05T12:02:05,s_46_4_0,,Android,2.5.0
1037,46,session_end,,2026-08-05T12:03:34,s_46_4_0,,Android,2.5.0
2679,106,session_start,,2026-08-05T12:05:00,s_106_4_0,,iOS,2.5.0
2680,106,level_start,4,2026-08-05T12:05:46,s_106_4_0,,iOS,2.5.0
2681,106,level_fail,4,2026-08-05T12:06:57,s_106_4_0,,iOS,2.5.0
2682,106,level_start,5,2026-08-05T12:07:57,s_106_4_0,,iOS,2.5.0
2683,106,level_fail,5,2026-08-05T12:11:54,s_106_4_0,,iOS,2.5.0
201,10,session_start,,2026-08-05T12:12:00,s_10_4_0,,Android,2.5.0
202,10,level_start,4,2026-08-05T12:12:25,s_10_4_0,,Android,2.5.0
2684,106,session_end,,2026-08-05T12:13:16,s_106_4_0,,iOS,2.5.0
203,10,level_fail,4,2026-08-05T12:14:15,s_10_4_0,,Android,2.5.0
204,10,session_end,,2026-08-05T12:15:50,s_10_4_0,,Android,2.5.0
3127,126,session_start,,2026-08-05T12:23:00,s_126_4_0,,Android,2.4.1
3128,126,level_start,6,2026-08-05T12:23:27,s_126_4_0,,Android,2.4.1
3129,126,level_complete,6,2026-08-05T12:24:57,s_126_4_0,,Android,2.4.1
3130,126,session_end,,2026-08-05T12:26:38,s_126_4_0,,Android,2.4.1
3857,160,session_start,,2026-08-05T12:29:00,s_160_4_1,,iOS,2.4.1
3858,160,level_start,7,2026-08-05T12:29:51,s_160_4_1,,iOS,2.4.1
3859,160,level_fail,7,2026-08-05T12:31:14,s_160_4_1,,iOS,2.4.1
3860,160,level_start,8,2026-08-05T12:31:41,s_160_4_1,,iOS,2.4.1
3861,160,level_complete,8,2026-08-05T12:35:22,s_160_4_1,,iOS,2.4.1
3862,160,session_end,,2026-08-05T12:37:21,s_160_4_1,,iOS,2.4.1
3751,157,session_start,,2026-08-05T12:54:00,s_157_4_1,,iOS,2.4.0
3752,157,level_start,6,2026-08-05T12:54:54,s_157_4_1,,iOS,2.4.0
3753,157,level_complete,6,2026-08-05T12:57:45,s_157_4_1,,iOS,2.4.0
3754,157,level_start,7,2026-08-05T12:58:33,s_157_4_1,,iOS,2.4.0
3755,157,level_complete,7,2026-08-05T12:59:14,s_157_4_1,,iOS,2.4.0
3756,157,session_end,,2026-08-05T13:00:21,s_157_4_1,,iOS,2.4.0
127,5,session_start,,2026-08-05T13:23:00,s_5_4_1,,Android,2.4.0
128,5,level_start,1,2026-08-05T13:24:12,s_5_4_1,,Android,2.4.0
129,5,level_complete,1,2026-08-05T13:28:00,s_5_4_1,,Android,2.4.0
130,5,session_end,,2026-08-05T13:29:46,s_5_4_1,,Android,2.4.0
677,27,session_start,,2026-08-05T13:44:00,s_27_4_0,,Android,2.5.0
678,27,level_start,13,2026-08-05T13:45:13,s_27_4_0,,Android,2.5.0
3907,162,session_start,,2026-08-05T13:48:00,s_162_4_0,,Android,2.5.0
679,27,level_complete,13,2026-08-05T13:48:15,s_27_4_0,,Android,2.5.0
680,27,level_start,14,2026-08-05T13:49:24,s_27_4_0,,Android,2.5.0
3908,162,level_start,6,2026-08-05T13:49:24,s_162_4_0,,Android,2.5.0
3909,162,level_complete,6,2026-08-05T13:50:43,s_162_4_0,,Android,2.5.0
681,27,level_complete,14,2026-08-05T13:51:42,s_27_4_0,,Android,2.5.0
3910,162,level_start,7,2026-08-05T13:51:53,s_162_4_0,,Android,2.5.0
682,27,session_end,,2026-08-05T13:53:33,s_27_4_0,,Android,2.5.0
3911,162,level_complete,7,2026-08-05T13:55:28,s_162_4_0,,Android,2.5.0
3912,162,level_start,8,2026-08-05T13:56:04,s_162_4_0,,Android,2.5.0
2962,119,session_start,,2026-08-05T13:58:00,s_119_4_1,,Android,2.5.0
2963,119,level_start,14,2026-08-05T13:58:34,s_119_4_1,,Android,2.5.0
3913,162,level_complete,8,2026-08-05T13:59:33,s_162_4_0,,Android,2.5.0
2964,119,level_complete,14,2026-08-05T13:59:34,s_119_4_1,,Android,2.5.0
3914,162,session_end,,2026-08-05T14:00:45,s_162_4_0,,Android,2.5.0
2965,119,session_end,,2026-08-05T14:01:10,s_119_4_1,,Android,2.5.0
3663,152,session_start,,2026-08-05T14:22:00,s_152_4_0,,Android,2.4.1
3664,152,level_start,1,2026-08-05T14:23:15,s_152_4_0,,Android,2.4.1
3665,152,level_complete,1,2026-08-05T14:25:50,s_152_4_0,,Android,2.4.1
3666,152,session_end,,2026-08-05T14:27:27,s_152_4_0,,Android,2.4.1
53,3,session_start,,2026-08-05T14:29:00,s_3_4_0,,iOS,2.4.0
54,3,level_start,4,2026-08-05T14:30:07,s_3_4_0,,iOS,2.4.0
3681,153,session_start,,2026-08-05T14:31:00,s_153_4_0,,Android,2.4.0
55,3,level_complete,4,2026-08-05T14:31:56,s_3_4_0,,iOS,2.4.0
3682,153,level_start,1,2026-08-05T14:32:01,s_153_4_0,,Android,2.4.0
56,3,level_start,5,2026-08-05T14:32:26,s_3_4_0,,iOS,2.4.0
57,3,level_complete,5,2026-08-05T14:33:09,s_3_4_0,,iOS,2.4.0
58,3,level_start,6,2026-08-05T14:33:35,s_3_4_0,,iOS,2.4.0
3683,153,level_complete,1,2026-08-05T14:35:43,s_153_4_0,,Android,2.4.0
3684,153,level_start,2,2026-08-05T14:36:54,s_153_4_0,,Android,2.4.0
59,3,level_complete,6,2026-08-05T14:36:57,s_3_4_0,,iOS,2.4.0
60,3,session_end,,2026-08-05T14:38:23,s_3_4_0,,iOS,2.4.0
3685,153,level_complete,2,2026-08-05T14:39:32,s_153_4_0,,Android,2.4.0
3686,153,session_end,,2026-08-05T14:40:51,s_153_4_0,,Android,2.4.0
1472,59,session_start,,2026-08-05T14:41:00,s_59_4_0,,iOS,2.4.0
1473,59,level_start,2,2026-08-05T14:42:12,s_59_4_0,,iOS,2.4.0
1474,59,level_complete,2,2026-08-05T14:44:14,s_59_4_0,,iOS,2.4.0
1475,59,level_start,3,2026-08-05T14:45:28,s_59_4_0,,iOS,2.4.0
1476,59,level_complete,3,2026-08-05T14:48:44,s_59_4_0,,iOS,2.4.0
1477,59,session_end,,2026-08-05T14:50:22,s_59_4_0,,iOS,2.4.0
1132,47,session_start,,2026-08-05T14:56:00,s_47_4_0,,iOS,2.4.1
1133,47,level_start,11,2026-08-05T14:57:22,s_47_4_0,,iOS,2.4.1
1134,47,level_fail,11,2026-08-05T14:59:23,s_47_4_0,,iOS,2.4.1
1135,47,level_start,12,2026-08-05T15:00:04,s_47_4_0,,iOS,2.4.1
4487,180,session_start,,2026-08-05T15:02:00,s_180_4_0,,Android,2.4.1
4488,180,level_start,2,2026-08-05T15:03:08,s_180_4_0,,Android,2.4.1
1136,47,level_complete,12,2026-08-05T15:04:01,s_47_4_0,,iOS,2.4.1
4489,180,level_complete,2,2026-08-05T15:04:25,s_180_4_0,,Android,2.4.1
1137,47,session_end,,2026-08-05T15:05:00,s_47_4_0,,iOS,2.4.1
4490,180,level_start,3,2026-08-05T15:05:53,s_180_4_0,,Android,2.4.1
4491,180,level_complete,3,2026-08-05T15:06:36,s_180_4_0,,Android,2.4.1
4492,180,session_end,,2026-08-05T15:07:10,s_180_4_0,,Android,2.4.1
1427,58,session_start,,2026-08-05T15:13:00,s_58_4_0,,Android,2.4.1
1428,58,level_start,1,2026-08-05T15:13:22,s_58_4_0,,Android,2.4.1
1429,58,level_complete,1,2026-08-05T15:14:54,s_58_4_0,,Android,2.4.1
1430,58,session_end,,2026-08-05T15:16:37,s_58_4_0,,Android,2.4.1
1770,71,session_start,,2026-08-05T15:28:00,s_71_4_0,,Android,2.4.1
1771,71,level_start,8,2026-08-05T15:28:24,s_71_4_0,,Android,2.4.1
1772,71,level_complete,8,2026-08-05T15:30:06,s_71_4_0,,Android,2.4.1
1773,71,level_start,9,2026-08-05T15:31:32,s_71_4_0,,Android,2.4.1
1774,71,level_fail,9,2026-08-05T15:32:36,s_71_4_0,,Android,2.4.1
1775,71,level_start,10,2026-08-05T15:33:34,s_71_4_0,,Android,2.4.1
1776,71,level_complete,10,2026-08-05T15:34:05,s_71_4_0,,Android,2.4.1
1777,71,level_start,11,2026-08-05T15:34:53,s_71_4_0,,Android,2.4.1
1778,71,level_fail,11,2026-08-05T15:36:17,s_71_4_0,,Android,2.4.1
1779,71,session_end,,2026-08-05T15:36:49,s_71_4_0,,Android,2.4.1
2952,119,session_start,,2026-08-05T15:44:00,s_119_4_0,,Android,2.5.0
2953,119,level_start,11,2026-08-05T15:44:40,s_119_4_0,,Android,2.5.0
2954,119,level_complete,11,2026-08-05T15:45:46,s_119_4_0,,Android,2.5.0
2955,119,level_start,12,2026-08-05T15:47:08,s_119_4_0,,Android,2.5.0
2956,119,level_complete,12,2026-08-05T15:50:40,s_119_4_0,,Android,2.5.0
620,25,session_start,,2026-08-05T15:51:00,s_25_4_0,,iOS,2.4.0
2957,119,level_start,13,2026-08-05T15:52:05,s_119_4_0,,Android,2.5.0
621,25,level_start,14,2026-08-05T15:52:12,s_25_4_0,,iOS,2.4.0
2958,119,level_complete,13,2026-08-05T15:54:50,s_119_4_0,,Android,2.5.0
622,25,level_complete,14,2026-08-05T15:55:34,s_25_4_0,,iOS,2.4.0
2959,119,level_start,14,2026-08-05T15:55:37,s_119_4_0,,Android,2.5.0
623,25,level_start,15,2026-08-05T15:56:32,s_25_4_0,,iOS,2.4.0
624,25,level_complete,15,2026-08-05T15:58:03,s_25_4_0,,iOS,2.4.0
2960,119,level_complete,14,2026-08-05T15:58:03,s_119_4_0,,Android,2.5.0
625,25,level_start,16,2026-08-05T15:58:42,s_25_4_0,,iOS,2.4.0
2961,119,session_end,,2026-08-05T15:59:44,s_119_4_0,,Android,2.5.0
1512,60,session_start,,2026-08-05T16:00:00,s_60_4_0,,Android,2.4.0
1513,60,level_start,4,2026-08-05T16:01:30,s_60_4_0,,Android,2.4.0
626,25,level_complete,16,2026-08-05T16:02:15,s_25_4_0,,iOS,2.4.0
1514,60,level_complete,4,2026-08-05T16:03:12,s_60_4_0,,Android,2.4.0
627,25,session_end,,2026-08-05T16:03:42,s_25_4_0,,iOS,2.4.0
1515,60,session_end,,2026-08-05T16:04:53,s_60_4_0,,Android,2.4.0
1935,77,session_start,,2026-08-05T16:24:00,s_77_4_0,,iOS,2.5.0
1936,77,level_start,1,2026-08-05T16:25:02,s_77_4_0,,iOS,2.5.0
1812,72,session_start,,2026-08-05T16:27:00,s_72_4_0,,Android,2.5.0
1937,77,level_fail,1,2026-08-05T16:27:56,s_77_4_0,,iOS,2.5.0
1813,72,level_start,2,2026-08-05T16:28:21,s_72_4_0,,Android,2.5.0
1938,77,session_end,,2026-08-05T16:28:45,s_77_4_0,,iOS,2.5.0
313,13,session_start,,2026-08-05T16:29:00,s_13_4_1,,iOS,2.4.1
314,13,level_start,1,2026-08-05T16:30:23,s_13_4_1,,iOS,2.4.1
315,13,level_complete,1,2026-08-05T16:30:58,s_13_4_1,,iOS,2.4.1
1814,72,level_complete,2,2026-08-05T16:31:14,s_72_4_0,,Android,2.5.0
316,13,session_end,,2026-08-05T16:32:18,s_13_4_1,,iOS,2.4.1
1815,72,level_start,3,2026-08-05T16:32:24,s_72_4_0,,Android,2.5.0
1816,72,level_complete,3,2026-08-05T16:35:40,s_72_4_0,,Android,2.5.0
1817,72,session_end,,2026-08-05T16:37:21,s_72_4_0,,Android,2.5.0
3379,142,session_start,,2026-08-05T16:45:00,s_142_4_0,,iOS,2.4.1
3380,142,level_start,1,2026-08-05T16:45:27,s_142_4_0,,iOS,2.4.1
4493,180,session_start,,2026-08-05T16:48:00,s_180_4_1,,Android,2.4.1
3381,142,level_complete,1,2026-08-05T16:48:43,s_142_4_0,,iOS,2.4.1
3741,157,session_start,,2026-08-05T16:49:00,s_157_4_0,,iOS,2.4.0
4494,180,level_start,2,2026-08-05T16:49:03,s_180_4_1,,Android,2.4.1
3742,157,level_start,3,2026-08-05T16:49:54,s_157_4_0,,iOS,2.4.0
3382,142,level_start,2,2026-08-05T16:49:57,s_142_4_0,,iOS,2.4.1
4495,180,level_fail,2,2026-08-05T16:50:40,s_180_4_1,,Android,2.4.1
3743,157,level_complete,3,2026-08-05T16:51:16,s_157_4_0,,iOS,2.4.0
4496,180,level_start,3,2026-08-05T16:51:27,s_180_4_1,,Android,2.4.1
3744,157,level_start,4,2026-08-05T16:51:56,s_157_4_0,,iOS,2.4.0
3383,142,level_complete,2,2026-08-05T16:53:35,s_142_4_0,,iOS,2.4.1
3745,157,level_complete,4,2026-08-05T16:54:52,s_157_4_0,,iOS,2.4.0
3384,142,session_end,,2026-08-05T16:55:06,s_142_4_0,,iOS,2.4.1
4497,180,level_complete,3,2026-08-05T16:55:10,s_180_4_1,,Android,2.4.1
3746,157,level_start,5,2026-08-05T16:55:13,s_157_4_0,,iOS,2.4.0
4498,180,level_start,4,2026-08-05T16:56:25,s_180_4_1,,Android,2.4.1
4499,180,level_fail,4,2026-08-05T16:58:44,s_180_4_1,,Android,2.4.1
3747,157,level_complete,5,2026-08-05T16:59:05,s_157_4_0,,iOS,2.4.0
4500,180,session_end,,2026-08-05T16:59:21,s_180_4_1,,Android,2.4.1
3748,157,level_start,6,2026-08-05T17:00:29,s_157_4_0,,iOS,2.4.0
3749,157,level_complete,6,2026-08-05T17:04:00,s_157_4_0,,iOS,2.4.0
3750,157,session_end,,2026-08-05T17:05:03,s_157_4_0,,iOS,2.4.0
1431,58,session_start,,2026-08-05T17:10:00,s_58_4_1,,Android,2.4.1
1432,58,level_start,3,2026-08-05T17:10:38,s_58_4_1,,Android,2.4.1
1433,58,level_complete,3,2026-08-05T17:11:22,s_58_4_1,,Android,2.4.1
1434,58,level_start,4,2026-08-05T17:12:05,s_58_4_1,,Android,2.4.1
1435,58,level_fail,4,2026-08-05T17:14:47,s_58_4_1,,Android,2.4.1
1436,58,session_end,,2026-08-05T17:16:33,s_58_4_1,,Android,2.4.1
3999,165,session_start,,2026-08-05T17:24:00,s_165_4_1,,iOS,2.4.0
4000,165,level_start,10,2026-08-05T17:24:46,s_165_4_1,,iOS,2.4.0
4001,165,level_fail,10,2026-08-05T17:26:04,s_165_4_1,,iOS,2.4.0
4002,165,level_start,11,2026-08-05T17:26:25,s_165_4_1,,iOS,2.4.0
4003,165,level_fail,11,2026-08-05T17:28:29,s_165_4_1,,iOS,2.4.0
4004,165,session_end,,2026-08-05T17:29:01,s_165_4_1,,iOS,2.4.0
4273,172,session_start,,2026-08-05T17:33:00,s_172_4_1,,iOS,2.4.0
4274,172,level_start,14,2026-08-05T17:34:15,s_172_4_1,,iOS,2.4.0
868,39,session_start,,2026-08-05T17:37:00,s_39_4_0,,iOS,2.4.0
869,39,level_start,17,2026-08-05T17:37:22,s_39_4_0,,iOS,2.4.0
870,39,level_complete,17,2026-08-05T17:38:08,s_39_4_0,,iOS,2.4.0
4275,172,level_complete,14,2026-08-05T17:38:08,s_172_4_1,,iOS,2.4.0
4276,172,level_start,15,2026-08-05T17:39:12,s_172_4_1,,iOS,2.4.0
871,39,level_start,18,2026-08-05T17:39:24,s_39_4_0,,iOS,2.4.0
4277,172,level_complete,15,2026-08-05T17:40:55,s_172_4_1,,iOS,2.4.0
4278,172,level_start,16,2026-08-05T17:41:16,s_172_4_1,,iOS,2.4.0
872,39,level_complete,18,2026-08-05T17:43:21,s_39_4_0,,iOS,2.4.0
4279,172,level_fail,16,2026-08-05T17:43:53,s_172_4_1,,iOS,2.4.0
873,39,level_start,19,2026-08-05T17:44:23,s_39_4_0,,iOS,2.4.0
4280,172,session_end,,2026-08-05T17:44:41,s_172_4_1,,iOS,2.4.0
874,39,level_complete,19,2026-08-05T17:45:24,s_39_4_0,,iOS,2.4.0
875,39,session_end,,2026-08-05T17:46:53,s_39_4_0,,iOS,2.4.0
1818,72,session_start,,2026-08-05T17:47:00,s_72_4_1,,Android,2.5.0
1819,72,level_start,2,2026-08-05T17:47:29,s_72_4_1,,Android,2.5.0
1820,72,level_complete,2,2026-08-05T17:49:07,s_72_4_1,,Android,2.5.0
1821,72,level_start,3,2026-08-05T17:50:08,s_72_4_1,,Android,2.5.0
1822,72,level_fail,3,2026-08-05T17:53:33,s_72_4_1,,Android,2.5.0
1823,72,session_end,,2026-08-05T17:54:14,s_72_4_1,,Android,2.5.0
3313,140,session_start,,2026-08-05T17:58:00,s_140_4_0,,iOS,2.4.0
3314,140,level_start,1,2026-08-05T17:59:25,s_140_4_0,,iOS,2.4.0
3315,140,level_complete,1,2026-08-05T18:02:38,s_140_4_0,,iOS,2.4.0
3316,140,level_start,2,2026-08-05T18:04:02,s_140_4_0,,iOS,2.4.0
3317,140,level_complete,2,2026-08-05T18:07:02,s_140_4_0,,iOS,2.4.0
3318,140,session_end,,2026-08-05T18:07:33,s_140_4_0,,iOS,2.4.0
61,3,session_start,,2026-08-05T18:27:00,s_3_4_1,,iOS,2.4.0
62,3,level_start,1,2026-08-05T18:28:13,s_3_4_1,,iOS,2.4.0
63,3,level_complete,1,2026-08-05T18:29:52,s_3_4_1,,iOS,2.4.0
64,3,level_start,2,2026-08-05T18:31:17,s_3_4_1,,iOS,2.4.0
65,3,level_complete,2,2026-08-05T18:32:16,s_3_4_1,,iOS,2.4.0
66,3,level_start,3,2026-08-05T18:32:50,s_3_4_1,,iOS,2.4.0
1728,69,session_start,,2026-08-05T18:34:00,s_69_4_0,,Android,2.4.1
67,3,level_complete,3,2026-08-05T18:34:32,s_3_4_1,,iOS,2.4.0
1729,69,level_start,8,2026-08-05T18:35:27,s_69_4_0,,Android,2.4.1
68,3,level_start,4,2026-08-05T18:35:54,s_3_4_1,,iOS,2.4.0
69,3,level_complete,4,2026-08-05T18:38:38,s_3_4_1,,iOS,2.4.0
1730,69,level_complete,8,2026-08-05T18:38:51,s_69_4_0,,Android,2.4.1
70,3,session_end,,2026-08-05T18:39:13,s_3_4_1,,iOS,2.4.0
1731,69,level_start,9,2026-08-05T18:40:21,s_69_4_0,,Android,2.4.1
1732,69,level_complete,9,2026-08-05T18:41:30,s_69_4_0,,Android,2.4.1
1733,69,level_start,10,2026-08-05T18:42:31,s_69_4_0,,Android,2.4.1
1734,69,level_complete,10,2026-08-05T18:44:45,s_69_4_0,,Android,2.4.1
1735,69,level_start,11,2026-08-05T18:45:19,s_69_4_0,,Android,2.4.1
1736,69,level_complete,11,2026-08-05T18:46:13,s_69_4_0,,Android,2.4.1
1737,69,session_end,,2026-08-05T18:46:51,s_69_4_0,,Android,2.4.1
2914,118,session_start,,2026-08-05T19:25:00,s_118_4_0,,iOS,2.4.1
2915,118,level_start,1,2026-08-05T19:26:29,s_118_4_0,,iOS,2.4.1
2916,118,level_complete,1,2026-08-05T19:29:38,s_118_4_0,,iOS,2.4.1
2917,118,level_start,2,2026-08-05T19:30:54,s_118_4_0,,iOS,2.4.1
2918,118,level_complete,2,2026-08-05T19:34:22,s_118_4_0,,iOS,2.4.1
2919,118,level_start,3,2026-08-05T19:35:33,s_118_4_0,,iOS,2.4.1
4133,168,session_start,,2026-08-05T19:38:00,s_168_4_0,,iOS,2.4.1
4134,168,level_start,1,2026-08-05T19:39:15,s_168_4_0,,iOS,2.4.1
2920,118,level_complete,3,2026-08-05T19:39:21,s_118_4_0,,iOS,2.4.1
2921,118,session_end,,2026-08-05T19:40:29,s_118_4_0,,iOS,2.4.1
4135,168,level_complete,1,2026-08-05T19:41:06,s_168_4_0,,iOS,2.4.1
4136,168,session_end,,2026-08-05T19:42:01,s_168_4_0,,iOS,2.4.1
1604,66,session_start,,2026-08-05T19:44:00,s_66_4_0,,Android,2.5.0
1605,66,level_start,14,2026-08-05T19:44:41,s_66_4_0,,Android,2.5.0
1606,66,level_complete,14,2026-08-05T19:46:52,s_66_4_0,,Android,2.5.0
1607,66,session_end,,2026-08-05T19:47:30,s_66_4_0,,Android,2.5.0
2501,99,session_start,,2026-08-05T19:48:00,s_99_4_0,,Android,2.4.1
2502,99,level_start,1,2026-08-05T19:48:22,s_99_4_0,,Android,2.4.1
3623,151,session_start,,2026-08-05T19:49:00,s_151_4_0,,Android,2.4.1
3624,151,level_start,7,2026-08-05T19:50:18,s_151_4_0,,Android,2.4.1
3625,151,level_complete,7,2026-08-05T19:51:34,s_151_4_0,,Android,2.4.1
2503,99,level_complete,1,2026-08-05T19:52:10,s_99_4_0,,Android,2.4.1
3626,151,level_start,8,2026-08-05T19:52:39,s_151_4_0,,Android,2.4.1
2504,99,session_end,,2026-08-05T19:53:35,s_99_4_0,,Android,2.4.1
1204,48,session_start,,2026-08-05T19:55:00,s_48_4_1,,Android,2.5.0
1205,48,level_start,7,2026-08-05T19:56:26,s_48_4_1,,Android,2.5.0
3627,151,level_complete,8,2026-08-05T19:56:33,s_151_4_0,,Android,2.4.1
3628,151,session_end,,2026-08-05T19:57:39,s_151_4_0,,Android,2.4.1
1206,48,level_complete,7,2026-08-05T19:59:09,s_48_4_1,,Android,2.5.0
1207,48,level_start,8,2026-08-05T19:59:41,s_48_4_1,,Android,2.5.0
1208,48,level_complete,8,2026-08-05T20:02:01,s_48_4_1,,Android,2.5.0
1209,48,session_end,,2026-08-05T20:03:02,s_48_4_1,,Android,2.5.0
261,11,session_start,,2026-08-05T20:23:00,s_11_4_0,,Android,2.5.0
262,11,level_start,8,2026-08-05T20:23:45,s_11_4_0,,Android,2.5.0
263,11,level_complete,8,2026-08-05T20:27:37,s_11_4_0,,Android,2.5.0
264,11,level_start,9,2026-08-05T20:29:00,s_11_4_0,,Android,2.5.0
265,11,level_complete,9,2026-08-05T20:29:36,s_11_4_0,,Android,2.5.0
266,11,session_end,,2026-08-05T20:31:19,s_11_4_0,,Android,2.5.0
1290,52,session_start,,2026-08-05T20:43:00,s_52_4_0,,Android,2.5.0
1291,52,level_start,1,2026-08-05T20:43:21,s_52_4_0,,Android,2.5.0
3066,123,session_start,,2026-08-05T20:45:00,s_123_4_0,,Android,2.5.0
1298,52,session_start,,2026-08-05T20:46:00,s_52_4_1,,Android,2.5.0
3067,123,level_start,1,2026-08-05T20:46:23,s_123_4_0,,Android,2.5.0
1292,52,level_complete,1,2026-08-05T20:47:01,s_52_4_0,,Android,2.5.0
1299,52,level_start,1,2026-08-05T20:47:17,s_52_4_1,,Android,2.5.0
1293,52,level_start,2,2026-08-05T20:48:17,s_52_4_0,,Android,2.5.0
3068,123,level_complete,1,2026-08-05T20:48:25,s_123_4_0,,Android,2.5.0
1300,52,level_fail,1,2026-08-05T20:48:32,s_52_4_1,,Android,2.5.0
1301,52,purchase,,2026-08-05T20:48:53,s_52_4_1,19.99,Android,2.5.0
1302,52,session_end,,2026-08-05T20:49:38,s_52_4_1,,Android,2.5.0
1294,52,level_fail,2,2026-08-05T20:49:44,s_52_4_0,,Android,2.5.0
3069,123,level_start,2,2026-08-05T20:49:48,s_123_4_0,,Android,2.5.0
1295,52,level_start,3,2026-08-05T20:50:51,s_52_4_0,,Android,2.5.0
3070,123,level_complete,2,2026-08-05T20:53:18,s_123_4_0,,Android,2.5.0
3071,123,purchase,,2026-08-05T20:53:40,s_123_4_0,9.99,Android,2.5.0
824,35,session_start,,2026-08-05T20:54:00,s_35_4_0,,Android,2.4.1
3072,123,session_end,,2026-08-05T20:54:24,s_123_4_0,,Android,2.5.0
825,35,level_start,1,2026-08-05T20:54:31,s_35_4_0,,Android,2.4.1
1296,52,level_complete,3,2026-08-05T20:54:34,s_52_4_0,,Android,2.5.0
2057,82,session_start,,2026-08-05T20:55:00,s_82_4_0,,iOS,2.5.0
1297,52,session_end,,2026-08-05T20:55:29,s_52_4_0,,Android,2.5.0
2058,82,level_start,1,2026-08-05T20:56:22,s_82_4_0,,iOS,2.5.0
2059,82,level_complete,1,2026-08-05T20:56:59,s_82_4_0,,iOS,2.5.0
826,35,level_complete,1,2026-08-05T20:57:22,s_35_4_0,,Android,2.4.1
2060,82,session_end,,2026-08-05T20:57:43,s_82_4_0,,iOS,2.5.0
827,35,session_end,,2026-08-05T20:58:39,s_35_4_0,,Android,2.4.1
2827,115,session_start,,2026-08-05T21:01:00,s_115_4_0,,iOS,2.4.0
2828,115,level_start,1,2026-08-05T21:01:38,s_115_4_0,,iOS,2.4.0
2829,115,level_complete,1,2026-08-05T21:04:54,s_115_4_0,,iOS,2.4.0
2830,115,session_end,,2026-08-05T21:06:32,s_115_4_0,,iOS,2.4.0
2633,105,session_start,,2026-08-05T21:18:00,s_105_4_0,,Android,2.4.0
2634,105,level_start,11,2026-08-05T21:18:50,s_105_4_0,,Android,2.4.0
2635,105,level_complete,11,2026-08-05T21:21:03,s_105_4_0,,Android,2.4.0
2636,105,level_start,12,2026-08-05T21:21:42,s_105_4_0,,Android,2.4.0
2637,105,level_complete,12,2026-08-05T21:23:01,s_105_4_0,,Android,2.4.0
2638,105,session_end,,2026-08-05T21:24:10,s_105_4_0,,Android,2.4.0
3993,165,session_start,,2026-08-05T21:54:00,s_165_4_0,,iOS,2.4.0
3994,165,level_start,9,2026-08-05T21:54:32,s_165_4_0,,iOS,2.4.0
3995,165,level_complete,9,2026-08-05T21:55:11,s_165_4_0,,iOS,2.4.0
3996,165,level_start,10,2026-08-05T21:55:55,s_165_4_0,,iOS,2.4.0
3997,165,level_fail,10,2026-08-05T21:58:12,s_165_4_0,,iOS,2.4.0
3998,165,session_end,,2026-08-05T21:59:03,s_165_4_0,,iOS,2.4.0
1973,78,session_start,,2026-08-05T22:08:00,s_78_4_0,,iOS,2.5.0
1974,78,level_start,1,2026-08-05T22:09:23,s_78_4_0,,iOS,2.5.0
1975,78,level_complete,1,2026-08-05T22:13:19,s_78_4_0,,iOS,2.5.0
1976,78,session_end,,2026-08-05T22:15:07,s_78_4_0,,iOS,2.5.0
2307,92,session_start,,2026-08-05T22:18:00,s_92_4_0,,Android,2.4.0
2308,92,level_start,2,2026-08-05T22:19:30,s_92_4_0,,Android,2.4.0
1852,73,session_start,,2026-08-05T22:20:00,s_73_4_0,,iOS,2.5.0
1853,73,level_start,1,2026-08-05T22:20:43,s_73_4_0,,iOS,2.5.0
2309,92,level_complete,2,2026-08-05T22:20:58,s_92_4_0,,Android,2.4.0
1854,73,level_complete,1,2026-08-05T22:22:03,s_73_4_0,,iOS,2.5.0
2310,92,level_start,3,2026-08-05T22:22:24,s_92_4_0,,Android,2.4.0
1855,73,level_start,2,2026-08-05T22:23:21,s_73_4_0,,iOS,2.5.0
2311,92,level_fail,3,2026-08-05T22:24:59,s_92_4_0,,Android,2.4.0
2312,92,session_end,,2026-08-05T22:25:56,s_92_4_0,,Android,2.4.0
1856,73,level_fail,2,2026-08-05T22:26:14,s_73_4_0,,iOS,2.5.0
1857,73,purchase,,2026-08-05T22:26:39,s_73_4_0,19.99,iOS,2.5.0
1858,73,session_end,,2026-08-05T22:27:48,s_73_4_0,,iOS,2.5.0
4267,172,session_start,,2026-08-05T22:33:00,s_172_4_0,,iOS,2.4.0
4268,172,level_start,13,2026-08-05T22:34:04,s_172_4_0,,iOS,2.4.0
4269,172,level_complete,13,2026-08-05T22:35:58,s_172_4_0,,iOS,2.4.0
4270,172,level_start,14,2026-08-05T22:37:11,s_172_4_0,,iOS,2.4.0
4271,172,level_complete,14,2026-08-05T22:38:51,s_172_4_0,,iOS,2.4.0
4272,172,session_end,,2026-08-05T22:39:26,s_172_4_0,,iOS,2.4.0
2509,99,session_start,,2026-08-06T08:04:00,s_99_5_0,,Android,2.4.1
2510,99,level_start,1,2026-08-06T08:04:32,s_99_5_0,,Android,2.4.1
2511,99,level_complete,1,2026-08-06T08:08:22,s_99_5_0,,Android,2.4.1
2512,99,session_end,,2026-08-06T08:10:09,s_99_5_0,,Android,2.4.1
2595,104,session_start,,2026-08-06T08:20:00,s_104_5_1,,iOS,2.4.1
2596,104,level_start,1,2026-08-06T08:21:01,s_104_5_1,,iOS,2.4.1
2597,104,level_complete,1,2026-08-06T08:23:57,s_104_5_1,,iOS,2.4.1
2598,104,session_end,,2026-08-06T08:25:29,s_104_5_1,,iOS,2.4.1
1303,52,session_start,,2026-08-06T08:27:00,s_52_5_0,,Android,2.5.0
1304,52,level_start,1,2026-08-06T08:27:36,s_52_5_0,,Android,2.5.0
1305,52,level_complete,1,2026-08-06T08:28:47,s_52_5_0,,Android,2.5.0
1306,52,session_end,,2026-08-06T08:29:59,s_52_5_0,,Android,2.5.0
2922,118,session_start,,2026-08-06T08:34:00,s_118_5_0,,iOS,2.4.1
2923,118,level_start,1,2026-08-06T08:34:36,s_118_5_0,,iOS,2.4.1
2924,118,level_fail,1,2026-08-06T08:37:19,s_118_5_0,,iOS,2.4.1
2925,118,session_end,,2026-08-06T08:38:25,s_118_5_0,,iOS,2.4.1
4137,168,session_start,,2026-08-06T08:51:00,s_168_5_0,,iOS,2.4.1
4138,168,level_start,1,2026-08-06T08:51:25,s_168_5_0,,iOS,2.4.1
4139,168,level_complete,1,2026-08-06T08:53:05,s_168_5_0,,iOS,2.4.1
4140,168,session_end,,2026-08-06T08:53:50,s_168_5_0,,iOS,2.4.1
2649,105,session_start,,2026-08-06T08:55:00,s_105_5_1,,Android,2.4.0
2650,105,level_start,12,2026-08-06T08:55:58,s_105_5_1,,Android,2.4.0
2651,105,level_fail,12,2026-08-06T08:56:44,s_105_5_1,,Android,2.4.0
2652,105,session_end,,2026-08-06T08:58:06,s_105_5_1,,Android,2.4.0
2831,115,session_start,,2026-08-06T09:19:00,s_115_5_0,,iOS,2.4.0
2832,115,level_start,1,2026-08-06T09:20:20,s_115_5_0,,iOS,2.4.0
2833,115,level_complete,1,2026-08-06T09:22:38,s_115_5_0,,iOS,2.4.0
2834,115,purchase,,2026-08-06T09:22:57,s_115_5_0,9.99,iOS,2.4.0
2835,115,session_end,,2026-08-06T09:24:29,s_115_5_0,,iOS,2.4.0
4073,166,session_start,,2026-08-06T09:59:00,s_166_5_0,,iOS,2.4.0
4074,166,level_start,5,2026-08-06T09:59:33,s_166_5_0,,iOS,2.4.0
4075,166,level_complete,5,2026-08-06T10:00:31,s_166_5_0,,iOS,2.4.0
4076,166,level_start,6,2026-08-06T10:01:06,s_166_5_0,,iOS,2.4.0
4077,166,level_complete,6,2026-08-06T10:02:03,s_166_5_0,,iOS,2.4.0
4078,166,session_end,,2026-08-06T10:03:06,s_166_5_0,,iOS,2.4.0
2535,102,session_start,,2026-08-06T10:25:00,s_102_5_0,,Android,2.4.1
2536,102,level_start,1,2026-08-06T10:25:41,s_102_5_0,,Android,2.4.1
2537,102,level_complete,1,2026-08-06T10:26:27,s_102_5_0,,Android,2.4.1
2538,102,level_start,2,2026-08-06T10:27:12,s_102_5_0,,Android,2.4.1
2539,102,level_complete,2,2026-08-06T10:29:08,s_102_5_0,,Android,2.4.1
2540,102,level_start,3,2026-08-06T10:30:19,s_102_5_0,,Android,2.4.1
2541,102,level_complete,3,2026-08-06T10:31:20,s_102_5_0,,Android,2.4.1
2542,102,session_end,,2026-08-06T10:32:44,s_102_5_0,,Android,2.4.1
876,39,session_start,,2026-08-06T10:59:00,s_39_5_0,,iOS,2.4.0
877,39,level_start,13,2026-08-06T11:00:23,s_39_5_0,,iOS,2.4.0
878,39,level_complete,13,2026-08-06T11:01:00,s_39_5_0,,iOS,2.4.0
879,39,level_start,14,2026-08-06T11:02:14,s_39_5_0,,iOS,2.4.0
880,39,level_complete,14,2026-08-06T11:03:28,s_39_5_0,,iOS,2.4.0
881,39,level_start,15,2026-08-06T11:04:11,s_39_5_0,,iOS,2.4.0
882,39,level_complete,15,2026-08-06T11:05:51,s_39_5_0,,iOS,2.4.0
883,39,level_start,16,2026-08-06T11:06:30,s_39_5_0,,iOS,2.4.0
884,39,level_fail,16,2026-08-06T11:07:08,s_39_5_0,,iOS,2.4.0
885,39,session_end,,2026-08-06T11:08:56,s_39_5_0,,iOS,2.4.0
317,13,session_start,,2026-08-06T11:13:00,s_13_5_0,,iOS,2.4.1
318,13,level_start,1,2026-08-06T11:13:26,s_13_5_0,,iOS,2.4.1
319,13,level_complete,1,2026-08-06T11:15:08,s_13_5_0,,iOS,2.4.1
320,13,session_end,,2026-08-06T11:17:01,s_13_5_0,,iOS,2.4.1
4303,173,session_start,,2026-08-06T12:19:00,s_173_5_0,,iOS,2.5.0
4304,173,level_start,1,2026-08-06T12:20:19,s_173_5_0,,iOS,2.5.0
4305,173,level_complete,1,2026-08-06T12:23:08,s_173_5_0,,iOS,2.5.0
4306,173,session_end,,2026-08-06T12:24:33,s_173_5_0,,iOS,2.5.0
396,17,session_start,,2026-08-06T12:29:00,s_17_5_0,,Android,2.4.0
397,17,level_start,2,2026-08-06T12:30:24,s_17_5_0,,Android,2.4.0
398,17,level_complete,2,2026-08-06T12:32:53,s_17_5_0,,Android,2.4.0
399,17,level_start,3,2026-08-06T12:33:27,s_17_5_0,,Android,2.4.0
400,17,level_complete,3,2026-08-06T12:35:21,s_17_5_0,,Android,2.4.0
401,17,level_start,4,2026-08-06T12:36:39,s_17_5_0,,Android,2.4.0
1612,66,session_start,,2026-08-06T12:39:00,s_66_5_1,,Android,2.5.0
402,17,level_complete,4,2026-08-06T12:39:54,s_17_5_0,,Android,2.4.0
1613,66,level_start,14,2026-08-06T12:40:09,s_66_5_1,,Android,2.5.0
403,17,level_start,5,2026-08-06T12:40:37,s_17_5_0,,Android,2.4.0
404,17,level_complete,5,2026-08-06T12:41:10,s_17_5_0,,Android,2.4.0
1614,66,level_complete,14,2026-08-06T12:41:58,s_66_5_1,,Android,2.5.0
405,17,session_end,,2026-08-06T12:42:52,s_17_5_0,,Android,2.4.0
1615,66,level_start,15,2026-08-06T12:42:54,s_66_5_1,,Android,2.5.0
1616,66,level_fail,15,2026-08-06T12:45:17,s_66_5_1,,Android,2.5.0
1617,66,session_end,,2026-08-06T12:46:03,s_66_5_1,,Android,2.5.0
948,43,session_start,,2026-08-06T13:10:00,s_43_5_0,,Android,2.4.1
949,43,level_start,1,2026-08-06T13:10:29,s_43_5_0,,Android,2.4.1
950,43,level_fail,1,2026-08-06T13:13:19,s_43_5_0,,Android,2.4.1
951,43,level_start,2,2026-08-06T13:13:50,s_43_5_0,,Android,2.4.1
952,43,level_complete,2,2026-08-06T13:15:46,s_43_5_0,,Android,2.4.1
953,43,session_end,,2026-08-06T13:17:34,s_43_5_0,,Android,2.4.1
922,41,session_start,,2026-08-06T13:19:00,s_41_5_0,,Android,2.4.0
923,41,level_start,3,2026-08-06T13:19:40,s_41_5_0,,Android,2.4.0
924,41,level_fail,3,2026-08-06T13:23:17,s_41_5_0,,Android,2.4.0
925,41,level_start,4,2026-08-06T13:24:39,s_41_5_0,,Android,2.4.0
926,41,level_complete,4,2026-08-06T13:27:55,s_41_5_0,,Android,2.4.0
927,41,level_start,5,2026-08-06T13:29:00,s_41_5_0,,Android,2.4.0
928,41,level_complete,5,2026-08-06T13:30:27,s_41_5_0,,Android,2.4.0
929,41,session_end,,2026-08-06T13:31:19,s_41_5_0,,Android,2.4.0
151,8,session_start,,2026-08-06T13:43:00,s_8_5_0,,Android,2.5.0
152,8,level_start,1,2026-08-06T13:43:56,s_8_5_0,,Android,2.5.0
153,8,level_complete,1,2026-08-06T13:47:45,s_8_5_0,,Android,2.5.0
154,8,level_start,2,2026-08-06T13:49:12,s_8_5_0,,Android,2.5.0
155,8,level_fail,2,2026-08-06T13:51:29,s_8_5_0,,Android,2.5.0
156,8,level_start,3,2026-08-06T13:52:14,s_8_5_0,,Android,2.5.0
157,8,level_complete,3,2026-08-06T13:56:09,s_8_5_0,,Android,2.5.0
158,8,level_start,4,2026-08-06T13:57:01,s_8_5_0,,Android,2.5.0
159,8,level_complete,4,2026-08-06T13:57:44,s_8_5_0,,Android,2.5.0
160,8,session_end,,2026-08-06T13:59:01,s_8_5_0,,Android,2.5.0
3513,148,session_start,,2026-08-06T14:04:00,s_148_5_0,,Android,2.4.1
3514,148,level_start,1,2026-08-06T14:04:44,s_148_5_0,,Android,2.4.1
703,28,session_start,,2026-08-06T14:06:00,s_28_5_0,,iOS,2.4.0
704,28,level_start,6,2026-08-06T14:06:24,s_28_5_0,,iOS,2.4.0
3515,148,level_fail,1,2026-08-06T14:08:13,s_148_5_0,,Android,2.4.1
705,28,level_complete,6,2026-08-06T14:08:49,s_28_5_0,,iOS,2.4.0
706,28,level_start,7,2026-08-06T14:09:20,s_28_5_0,,iOS,2.4.0
3516,148,level_start,2,2026-08-06T14:09:23,s_148_5_0,,Android,2.4.1
3517,148,level_complete,2,2026-08-06T14:10:17,s_148_5_0,,Android,2.4.1
707,28,level_fail,7,2026-08-06T14:11:42,s_28_5_0,,iOS,2.4.0
3518,148,session_end,,2026-08-06T14:12:01,s_148_5_0,,Android,2.4.1
708,28,session_end,,2026-08-06T14:12:27,s_28_5_0,,iOS,2.4.0
3943,163,session_start,,2026-08-06T14:26:00,s_163_5_0,,Android,2.5.0
3944,163,level_start,1,2026-08-06T14:27:06,s_163_5_0,,Android,2.5.0
3945,163,level_fail,1,2026-08-06T14:29:47,s_163_5_0,,Android,2.5.0
3946,163,session_end,,2026-08-06T14:30:57,s_163_5_0,,Android,2.5.0
3629,151,session_start,,2026-08-06T14:33:00,s_151_5_0,,Android,2.4.1
3630,151,level_start,8,2026-08-06T14:33:31,s_151_5_0,,Android,2.4.1
3631,151,level_complete,8,2026-08-06T14:35:19,s_151_5_0,,Android,2.4.1
3632,151,level_start,9,2026-08-06T14:36:19,s_151_5_0,,Android,2.4.1
3633,151,level_complete,9,2026-08-06T14:37:12,s_151_5_0,,Android,2.4.1
3634,151,session_end,,2026-08-06T14:37:51,s_151_5_0,,Android,2.4.1
71,3,session_start,,2026-08-06T14:38:00,s_3_5_0,,iOS,2.4.0
72,3,level_start,7,2026-08-06T14:38:46,s_3_5_0,,iOS,2.4.0
73,3,level_fail,7,2026-08-06T14:40:33,s_3_5_0,,iOS,2.4.0
74,3,session_end,,2026-08-06T14:41:20,s_3_5_0,,iOS,2.4.0
3863,160,session_start,,2026-08-06T14:46:00,s_160_5_0,,iOS,2.4.1
3864,160,level_start,8,2026-08-06T14:47:07,s_160_5_0,,iOS,2.4.1
3865,160,level_fail,8,2026-08-06T14:47:50,s_160_5_0,,iOS,2.4.1
3866,160,session_end,,2026-08-06T14:49:44,s_160_5_0,,iOS,2.4.1
1859,73,session_start,,2026-08-06T15:25:00,s_73_5_0,,iOS,2.5.0
1860,73,level_start,1,2026-08-06T15:26:04,s_73_5_0,,iOS,2.5.0
2061,82,session_start,,2026-08-06T15:29:00,s_82_5_0,,iOS,2.5.0
1861,73,level_complete,1,2026-08-06T15:29:29,s_73_5_0,,iOS,2.5.0
2062,82,level_start,1,2026-08-06T15:30:04,s_82_5_0,,iOS,2.5.0
1862,73,level_start,2,2026-08-06T15:30:27,s_73_5_0,,iOS,2.5.0
1863,73,level_fail,2,2026-08-06T15:31:57,s_73_5_0,,iOS,2.5.0
1864,73,session_end,,2026-08-06T15:33:02,s_73_5_0,,iOS,2.5.0
2063,82,level_complete,1,2026-08-06T15:33:08,s_82_5_0,,iOS,2.5.0
2064,82,session_end,,2026-08-06T15:34:43,s_82_5_0,,iOS,2.5.0
2639,105,session_start,,2026-08-06T15:35:00,s_105_5_0,,Android,2.4.0
2640,105,level_start,8,2026-08-06T15:35:24,s_105_5_0,,Android,2.4.0
2641,105,level_complete,8,2026-08-06T15:36:45,s_105_5_0,,Android,2.4.0
2642,105,level_start,9,2026-08-06T15:37:22,s_105_5_0,,Android,2.4.0
2643,105,level_complete,9,2026-08-06T15:37:59,s_105_5_0,,Android,2.4.0
463,19,session_start,,2026-08-06T15:38:00,s_19_5_1,,Android,2.5.0
464,19,level_start,2,2026-08-06T15:38:25,s_19_5_1,,Android,2.5.0
2644,105,level_start,10,2026-08-06T15:38:54,s_105_5_0,,Android,2.4.0
465,19,level_complete,2,2026-08-06T15:40:37,s_19_5_1,,Android,2.5.0
2645,105,level_complete,10,2026-08-06T15:42:12,s_105_5_0,,Android,2.4.0
466,19,session_end,,2026-08-06T15:42:16,s_19_5_1,,Android,2.5.0
2646,105,level_start,11,2026-08-06T15:42:37,s_105_5_0,,Android,2.4.0
3497,147,session_start,,2026-08-06T15:43:00,s_147_5_0,,Android,2.4.0
3498,147,level_start,6,2026-08-06T15:43:56,s_147_5_0,,Android,2.4.0
1307,52,session_start,,2026-08-06T15:45:00,s_52_5_1,,Android,2.5.0
3499,147,level_fail,6,2026-08-06T15:45:03,s_147_5_0,,Android,2.4.0
3500,147,level_start,7,2026-08-06T15:45:27,s_147_5_0,,Android,2.4.0
1308,52,level_start,2,2026-08-06T15:45:39,s_52_5_1,,Android,2.5.0
2647,105,level_complete,11,2026-08-06T15:46:11,s_105_5_0,,Android,2.4.0
2648,105,session_end,,2026-08-06T15:46:43,s_105_5_0,,Android,2.4.0
1309,52,level_complete,2,2026-08-06T15:47:31,s_52_5_1,,Android,2.5.0
1310,52,level_start,3,2026-08-06T15:48:29,s_52_5_1,,Android,2.5.0
3501,147,level_complete,7,2026-08-06T15:48:30,s_147_5_0,,Android,2.4.0
3502,147,level_start,8,2026-08-06T15:49:54,s_147_5_0,,Android,2.4.0
1311,52,level_complete,3,2026-08-06T15:51:04,s_52_5_1,,Android,2.5.0
1312,52,session_end,,2026-08-06T15:51:43,s_52_5_1,,Android,2.5.0
1582,64,session_start,,2026-08-06T15:53:00,s_64_5_0,,Android,2.4.1
3503,147,level_complete,8,2026-08-06T15:53:20,s_147_5_0,,Android,2.4.0
1583,64,level_start,8,2026-08-06T15:54:02,s_64_5_0,,Android,2.4.1
3504,147,level_start,9,2026-08-06T15:54:41,s_147_5_0,,Android,2.4.0
1584,64,level_complete,8,2026-08-06T15:55:38,s_64_5_0,,Android,2.4.1
2415,95,session_start,,2026-08-06T15:57:00,s_95_5_0,,Android,2.4.1
1585,64,session_end,,2026-08-06T15:57:19,s_64_5_0,,Android,2.4.1
3505,147,level_fail,9,2026-08-06T15:57:52,s_147_5_0,,Android,2.4.0
2416,95,level_start,7,2026-08-06T15:58:16,s_95_5_0,,Android,2.4.1
3506,147,session_end,,2026-08-06T15:59:25,s_147_5_0,,Android,2.4.0
2417,95,level_complete,7,2026-08-06T16:00:12,s_95_5_0,,Android,2.4.1
2418,95,level_start,8,2026-08-06T16:01:33,s_95_5_0,,Android,2.4.1
2419,95,level_complete,8,2026-08-06T16:02:13,s_95_5_0,,Android,2.4.1
1608,66,session_start,,2026-08-06T16:03:00,s_66_5_0,,Android,2.5.0
3111,124,session_start,,2026-08-06T16:03:00,s_124_5_0,,iOS,2.5.0
2420,95,level_start,9,2026-08-06T16:03:43,s_95_5_0,,Android,2.4.1
3112,124,level_start,1,2026-08-06T16:04:11,s_124_5_0,,iOS,2.5.0
1609,66,level_start,12,2026-08-06T16:04:27,s_66_5_0,,Android,2.5.0
2421,95,level_complete,9,2026-08-06T16:04:42,s_95_5_0,,Android,2.4.1
3191,129,session_start,,2026-08-06T16:05:00,s_129_5_0,,Android,2.4.1
3113,124,level_complete,1,2026-08-06T16:05:05,s_124_5_0,,iOS,2.5.0
3192,129,level_start,7,2026-08-06T16:05:57,s_129_5_0,,Android,2.4.1
2422,95,session_end,,2026-08-06T16:06:03,s_95_5_0,,Android,2.4.1
3114,124,session_end,,2026-08-06T16:06:51,s_124_5_0,,iOS,2.5.0
1610,66,level_fail,12,2026-08-06T16:08:12,s_66_5_0,,Android,2.5.0
3193,129,level_complete,7,2026-08-06T16:08:20,s_129_5_0,,Android,2.4.1
1611,66,session_end,,2026-08-06T16:08:55,s_66_5_0,,Android,2.5.0
3194,129,level_start,8,2026-08-06T16:09:09,s_129_5_0,,Android,2.4.1
3195,129,level_complete,8,2026-08-06T16:12:08,s_129_5_0,,Android,2.4.1
3196,129,session_end,,2026-08-06T16:13:43,s_129_5_0,,Android,2.4.1
4501,180,session_start,,2026-08-06T16:24:00,s_180_5_0,,Android,2.4.1
4502,180,level_start,1,2026-08-06T16:25:14,s_180_5_0,,Android,2.4.1
4503,180,level_complete,1,2026-08-06T16:28:10,s_180_5_0,,Android,2.4.1
4504,180,session_end,,2026-08-06T16:29:46,s_180_5_0,,Android,2.4.1
1272,51,session_start,,2026-08-06T16:34:00,s_51_5_0,,iOS,2.4.0
1273,51,level_start,11,2026-08-06T16:35:05,s_51_5_0,,iOS,2.4.0
1274,51,level_complete,11,2026-08-06T16:37:58,s_51_5_0,,iOS,2.4.0
1275,51,level_start,12,2026-08-06T16:39:11,s_51_5_0,,iOS,2.4.0
1276,51,level_fail,12,2026-08-06T16:42:33,s_51_5_0,,iOS,2.4.0
1277,51,level_start,13,2026-08-06T16:44:01,s_51_5_0,,iOS,2.4.0
1278,51,level_fail,13,2026-08-06T16:45:44,s_51_5_0,,iOS,2.4.0
1279,51,session_end,,2026-08-06T16:47:08,s_51_5_0,,iOS,2.4.0
628,25,session_start,,2026-08-06T17:25:00,s_25_5_0,,iOS,2.4.0
629,25,level_start,13,2026-08-06T17:26:06,s_25_5_0,,iOS,2.4.0
630,25,level_fail,13,2026-08-06T17:29:35,s_25_5_0,,iOS,2.4.0
631,25,level_start,14,2026-08-06T17:31:03,s_25_5_0,,iOS,2.4.0
3073,123,session_start,,2026-08-06T17:32:00,s_123_5_0,,Android,2.5.0
3074,123,level_start,1,2026-08-06T17:33:30,s_123_5_0,,Android,2.5.0
632,25,level_fail,14,2026-08-06T17:34:05,s_25_5_0,,iOS,2.4.0
633,25,level_start,15,2026-08-06T17:34:35,s_25_5_0,,iOS,2.4.0
3075,123,level_complete,1,2026-08-06T17:34:49,s_123_5_0,,Android,2.5.0
1042,46,session_start,,2026-08-06T17:35:00,s_46_5_1,,Android,2.5.0
3076,123,level_start,2,2026-08-06T17:35:31,s_123_5_0,,Android,2.5.0
634,25,level_fail,15,2026-08-06T17:35:32,s_25_5_0,,iOS,2.4.0
1043,46,level_start,15,2026-08-06T17:35:40,s_46_5_1,,Android,2.5.0
3077,123,level_complete,2,2026-08-06T17:36:17,s_123_5_0,,Android,2.5.0
635,25,level_start,16,2026-08-06T17:36:37,s_25_5_0,,iOS,2.4.0
3078,123,session_end,,2026-08-06T17:37:03,s_123_5_0,,Android,2.5.0
1044,46,level_fail,15,2026-08-06T17:37:16,s_46_5_1,,Android,2.5.0
1045,46,level_start,16,2026-08-06T17:37:47,s_46_5_1,,Android,2.5.0
636,25,level_fail,16,2026-08-06T17:37:49,s_25_5_0,,iOS,2.4.0
637,25,purchase,,2026-08-06T17:38:40,s_25_5_0,9.99,iOS,2.4.0
1046,46,level_complete,16,2026-08-06T17:39:29,s_46_5_1,,Android,2.5.0
638,25,session_end,,2026-08-06T17:39:52,s_25_5_0,,iOS,2.4.0
1047,46,level_start,17,2026-08-06T17:39:55,s_46_5_1,,Android,2.5.0
1048,46,level_fail,17,2026-08-06T17:41:06,s_46_5_1,,Android,2.5.0
1049,46,session_end,,2026-08-06T17:42:03,s_46_5_1,,Android,2.5.0
459,19,session_start,,2026-08-06T17:49:00,s_19_5_0,,Android,2.5.0
460,19,level_start,2,2026-08-06T17:49:46,s_19_5_0,,Android,2.5.0
461,19,level_complete,2,2026-08-06T17:50:33,s_19_5_0,,Android,2.5.0
462,19,session_end,,2026-08-06T17:51:07,s_19_5_0,,Android,2.5.0
3757,157,session_start,,2026-08-06T18:09:00,s_157_5_0,,iOS,2.4.0
3758,157,level_start,6,2026-08-06T18:09:54,s_157_5_0,,iOS,2.4.0
1943,77,session_start,,2026-08-06T18:11:00,s_77_5_0,,iOS,2.5.0
1944,77,level_start,1,2026-08-06T18:11:45,s_77_5_0,,iOS,2.5.0
1945,77,level_complete,1,2026-08-06T18:12:15,s_77_5_0,,iOS,2.5.0
1946,77,session_end,,2026-08-06T18:13:17,s_77_5_0,,iOS,2.5.0
3759,157,level_complete,6,2026-08-06T18:13:46,s_157_5_0,,iOS,2.4.0
3760,157,level_start,7,2026-08-06T18:14:37,s_157_5_0,,iOS,2.4.0
3761,157,level_complete,7,2026-08-06T18:18:37,s_157_5_0,,iOS,2.4.0
3762,157,level_start,8,2026-08-06T18:19:11,s_157_5_0,,iOS,2.4.0
3763,157,level_complete,8,2026-08-06T18:19:41,s_157_5_0,,iOS,2.4.0
3764,157,session_end,,2026-08-06T18:21:31,s_157_5_0,,iOS,2.4.0
1824,72,session_start,,2026-08-06T18:26:00,s_72_5_0,,Android,2.5.0
1825,72,level_start,1,2026-08-06T18:27:04,s_72_5_0,,Android,2.5.0
1826,72,level_complete,1,2026-08-06T18:28:22,s_72_5_0,,Android,2.5.0
1827,72,level_start,2,2026-08-06T18:28:45,s_72_5_0,,Android,2.5.0
321,13,session_start,,2026-08-06T18:30:00,s_13_5_1,,iOS,2.4.1
322,13,level_start,1,2026-08-06T18:30:33,s_13_5_1,,iOS,2.4.1
1828,72,level_complete,2,2026-08-06T18:32:32,s_72_5_0,,Android,2.5.0
323,13,level_complete,1,2026-08-06T18:32:53,s_13_5_1,,iOS,2.4.1
1829,72,session_end,,2026-08-06T18:33:46,s_72_5_0,,Android,2.5.0
324,13,session_end,,2026-08-06T18:33:56,s_13_5_1,,iOS,2.4.1
2591,104,session_start,,2026-08-06T18:55:00,s_104_5_0,,iOS,2.4.1
2592,104,level_start,1,2026-08-06T18:55:54,s_104_5_0,,iOS,2.4.1
2593,104,level_complete,1,2026-08-06T18:56:29,s_104_5_0,,iOS,2.4.1
2594,104,session_end,,2026-08-06T18:58:14,s_104_5_0,,iOS,2.4.1
1038,46,session_start,,2026-08-06T18:59:00,s_46_5_0,,Android,2.5.0
1039,46,level_start,19,2026-08-06T18:59:50,s_46_5_0,,Android,2.5.0
1040,46,level_fail,19,2026-08-06T19:01:55,s_46_5_0,,Android,2.5.0
1041,46,session_end,,2026-08-06T19:03:25,s_46_5_0,,Android,2.5.0
1138,47,session_start,,2026-08-06T19:08:00,s_47_5_0,,iOS,2.4.1
1139,47,level_start,13,2026-08-06T19:09:24,s_47_5_0,,iOS,2.4.1
1140,47,level_complete,13,2026-08-06T19:10:37,s_47_5_0,,iOS,2.4.1
1141,47,level_start,14,2026-08-06T19:11:01,s_47_5_0,,iOS,2.4.1
1142,47,level_fail,14,2026-08-06T19:13:07,s_47_5_0,,iOS,2.4.1
1143,47,session_end,,2026-08-06T19:14:09,s_47_5_0,,iOS,2.4.1
639,25,session_start,,2026-08-06T20:27:00,s_25_5_1,,iOS,2.4.0
640,25,level_start,16,2026-08-06T20:27:32,s_25_5_1,,iOS,2.4.0
641,25,level_complete,16,2026-08-06T20:29:08,s_25_5_1,,iOS,2.4.0
642,25,session_end,,2026-08-06T20:30:49,s_25_5_1,,iOS,2.4.0
4368,175,session_start,,2026-08-06T20:48:00,s_175_5_0,,iOS,2.4.1
4369,175,level_start,1,2026-08-06T20:48:28,s_175_5_0,,iOS,2.4.1
4370,175,level_complete,1,2026-08-06T20:51:43,s_175_5_0,,iOS,2.4.1
4371,175,session_end,,2026-08-06T20:53:13,s_175_5_0,,iOS,2.4.1
2313,92,session_start,,2026-08-06T21:29:00,s_92_5_0,,Android,2.4.0
2314,92,level_start,2,2026-08-06T21:30:14,s_92_5_0,,Android,2.4.0
2315,92,level_fail,2,2026-08-06T21:33:52,s_92_5_0,,Android,2.4.0
2316,92,level_start,3,2026-08-06T21:34:43,s_92_5_0,,Android,2.4.0
2317,92,level_complete,3,2026-08-06T21:36:36,s_92_5_0,,Android,2.4.0
2318,92,level_start,4,2026-08-06T21:37:24,s_92_5_0,,Android,2.4.0
2319,92,level_fail,4,2026-08-06T21:40:25,s_92_5_0,,Android,2.4.0
2320,92,session_end,,2026-08-06T21:42:08,s_92_5_0,,Android,2.4.0
3519,148,session_start,,2026-08-06T21:51:00,s_148_5_1,,Android,2.4.1
3520,148,level_start,2,2026-08-06T21:52:18,s_148_5_1,,Android,2.4.1
2745,110,session_start,,2026-08-06T21:53:00,s_110_5_1,,Android,2.4.0
2746,110,level_start,1,2026-08-06T21:54:15,s_110_5_1,,Android,2.4.0
2868,116,session_start,,2026-08-06T21:55:00,s_116_5_0,,iOS,2.4.0
3521,148,level_complete,2,2026-08-06T21:55:35,s_148_5_1,,Android,2.4.1
2747,110,level_fail,1,2026-08-06T21:55:57,s_110_5_1,,Android,2.4.0
2869,116,level_start,2,2026-08-06T21:56:03,s_116_5_0,,iOS,2.4.0
3522,148,session_end,,2026-08-06T21:56:22,s_148_5_1,,Android,2.4.1
2748,110,level_start,2,2026-08-06T21:56:50,s_110_5_1,,Android,2.4.0
2870,116,level_complete,2,2026-08-06T21:58:23,s_116_5_0,,iOS,2.4.0
2871,116,session_end,,2026-08-06T21:59:22,s_116_5_0,,iOS,2.4.0
2749,110,level_fail,2,2026-08-06T21:59:56,s_110_5_1,,Android,2.4.0
2321,92,session_start,,2026-08-06T22:00:00,s_92_5_1,,Android,2.4.0
2322,92,level_start,1,2026-08-06T22:00:25,s_92_5_1,,Android,2.4.0
2750,110,session_end,,2026-08-06T22:00:59,s_110_5_1,,Android,2.4.0
2323,92,level_complete,1,2026-08-06T22:02:55,s_92_5_1,,Android,2.4.0
2324,92,level_start,2,2026-08-06T22:04:19,s_92_5_1,,Android,2.4.0
2325,92,level_complete,2,2026-08-06T22:04:57,s_92_5_1,,Android,2.4.0
2703,108,session_start,,2026-08-06T22:05:00,s_108_5_0,,iOS,2.4.1
2704,108,level_start,1,2026-08-06T22:05:53,s_108_5_0,,iOS,2.4.1
2326,92,level_start,3,2026-08-06T22:06:07,s_92_5_1,,Android,2.4.0
2327,92,level_fail,3,2026-08-06T22:08:39,s_92_5_1,,Android,2.4.0
2328,92,level_start,4,2026-08-06T22:09:11,s_92_5_1,,Android,2.4.0
2705,108,level_fail,1,2026-08-06T22:09:22,s_108_5_0,,iOS,2.4.1
2706,108,level_start,2,2026-08-06T22:09:48,s_108_5_0,,iOS,2.4.1
2329,92,level_complete,4,2026-08-06T22:11:36,s_92_5_1,,Android,2.4.0
2707,108,level_complete,2,2026-08-06T22:12:00,s_108_5_0,,iOS,2.4.1
2330,92,session_end,,2026-08-06T22:12:16,s_92_5_1,,Android,2.4.0
2708,108,level_start,3,2026-08-06T22:12:53,s_108_5_0,,iOS,2.4.1
2709,108,level_complete,3,2026-08-06T22:14:01,s_108_5_0,,iOS,2.4.1
2710,108,level_start,4,2026-08-06T22:15:08,s_108_5_0,,iOS,2.4.1
2711,108,level_fail,4,2026-08-06T22:16:21,s_108_5_0,,iOS,2.4.1
2712,108,session_end,,2026-08-06T22:17:06,s_108_5_0,,iOS,2.4.1
2737,110,session_start,,2026-08-06T22:21:00,s_110_5_0,,Android,2.4.0
2738,110,level_start,1,2026-08-06T22:21:31,s_110_5_0,,Android,2.4.0
2739,110,level_complete,1,2026-08-06T22:23:22,s_110_5_0,,Android,2.4.0
2740,110,level_start,2,2026-08-06T22:24:37,s_110_5_0,,Android,2.4.0
2209,89,session_start,,2026-08-06T22:25:00,s_89_5_0,,iOS,2.4.0
2741,110,level_complete,2,2026-08-06T22:25:43,s_110_5_0,,Android,2.4.0
2210,89,level_start,1,2026-08-06T22:26:21,s_89_5_0,,iOS,2.4.0
2742,110,level_start,3,2026-08-06T22:26:43,s_110_5_0,,Android,2.4.0
2743,110,level_fail,3,2026-08-06T22:27:24,s_110_5_0,,Android,2.4.0
2211,89,level_complete,1,2026-08-06T22:28:42,s_89_5_0,,iOS,2.4.0
2744,110,session_end,,2026-08-06T22:28:57,s_110_5_0,,Android,2.4.0
2212,89,session_end,,2026-08-06T22:29:20,s_89_5_0,,iOS,2.4.0
1780,71,session_start,,2026-08-06T22:35:00,s_71_5_0,,Android,2.4.1
1781,71,level_start,10,2026-08-06T22:35:24,s_71_5_0,,Android,2.4.1
1782,71,level_complete,10,2026-08-06T22:37:51,s_71_5_0,,Android,2.4.1
1783,71,level_start,11,2026-08-06T22:38:28,s_71_5_0,,Android,2.4.1
1784,71,level_complete,11,2026-08-06T22:40:05,s_71_5_0,,Android,2.4.1
1785,71,session_end,,2026-08-06T22:41:49,s_71_5_0,,Android,2.4.1
1840,72,session_start,,2026-08-07T08:21:00,s_72_6_1,,Android,2.5.0
1841,72,level_start,2,2026-08-07T08:22:17,s_72_6_1,,Android,2.5.0
2213,89,session_start,,2026-08-07T08:24:00,s_89_6_0,,iOS,2.4.0
1842,72,level_complete,2,2026-08-07T08:24:47,s_72_6_1,,Android,2.5.0
2214,89,level_start,1,2026-08-07T08:25:28,s_89_6_0,,iOS,2.4.0
1843,72,session_end,,2026-08-07T08:25:43,s_72_6_1,,Android,2.5.0
2215,89,level_complete,1,2026-08-07T08:27:29,s_89_6_0,,iOS,2.4.0
2216,89,session_end,,2026-08-07T08:28:37,s_89_6_0,,iOS,2.4.0
1220,48,session_start,,2026-08-07T08:32:00,s_48_6_1,,Android,2.5.0
1221,48,level_start,6,2026-08-07T08:33:11,s_48_6_1,,Android,2.5.0
1222,48,level_complete,6,2026-08-07T08:37:10,s_48_6_1,,Android,2.5.0
1223,48,level_start,7,2026-08-07T08:38:28,s_48_6_1,,Android,2.5.0
1224,48,level_fail,7,2026-08-07T08:40:51,s_48_6_1,,Android,2.5.0
1225,48,session_end,,2026-08-07T08:42:18,s_48_6_1,,Android,2.5.0
2836,115,session_start,,2026-08-07T08:55:00,s_115_6_0,,iOS,2.4.0
2837,115,level_start,1,2026-08-07T08:55:45,s_115_6_0,,iOS,2.4.0
2838,115,level_complete,1,2026-08-07T08:57:30,s_115_6_0,,iOS,2.4.0
2839,115,session_end,,2026-08-07T08:58:06,s_115_6_0,,iOS,2.4.0
4079,166,session_start,,2026-08-07T09:04:00,s_166_6_0,,iOS,2.4.0
4080,166,level_start,1,2026-08-07T09:04:46,s_166_6_0,,iOS,2.4.0
3687,153,session_start,,2026-08-07T09:06:00,s_153_6_0,,Android,2.4.0
3688,153,level_start,2,2026-08-07T09:06:39,s_153_6_0,,Android,2.4.0
4081,166,level_complete,1,2026-08-07T09:06:56,s_166_6_0,,iOS,2.4.0
4082,166,level_start,2,2026-08-07T09:07:18,s_166_6_0,,iOS,2.4.0
3689,153,level_complete,2,2026-08-07T09:08:37,s_153_6_0,,Android,2.4.0
4083,166,level_complete,2,2026-08-07T09:09:33,s_166_6_0,,iOS,2.4.0
4084,166,level_start,3,2026-08-07T09:10:02,s_166_6_0,,iOS,2.4.0
3690,153,session_end,,2026-08-07T09:10:34,s_153_6_0,,Android,2.4.0
4085,166,level_complete,3,2026-08-07T09:11:25,s_166_6_0,,iOS,2.4.0
4086,166,level_start,4,2026-08-07T09:12:33,s_166_6_0,,iOS,2.4.0
4087,166,level_complete,4,2026-08-07T09:14:23,s_166_6_0,,iOS,2.4.0
4088,166,session_end,,2026-08-07T09:15:50,s_166_6_0,,iOS,2.4.0
4307,173,session_start,,2026-08-07T10:33:00,s_173_6_0,,iOS,2.5.0
4308,173,level_start,1,2026-08-07T10:34:24,s_173_6_0,,iOS,2.5.0
4309,173,level_complete,1,2026-08-07T10:37:49,s_173_6_0,,iOS,2.5.0
406,17,session_start,,2026-08-07T10:39:00,s_17_6_0,,Android,2.4.0
4310,173,session_end,,2026-08-07T10:39:18,s_173_6_0,,iOS,2.5.0
407,17,level_start,1,2026-08-07T10:40:25,s_17_6_0,,Android,2.4.0
408,17,level_complete,1,2026-08-07T10:42:18,s_17_6_0,,Android,2.4.0
409,17,level_start,2,2026-08-07T10:42:50,s_17_6_0,,Android,2.4.0
410,17,level_fail,2,2026-08-07T10:44:07,s_17_6_0,,Android,2.4.0
411,17,level_start,3,2026-08-07T10:45:28,s_17_6_0,,Android,2.4.0
412,17,level_fail,3,2026-08-07T10:47:20,s_17_6_0,,Android,2.4.0
413,17,purchase,,2026-08-07T10:47:54,s_17_6_0,1.99,Android,2.4.0
414,17,session_end,,2026-08-07T10:49:21,s_17_6_0,,Android,2.4.0
1786,71,session_start,,2026-08-07T11:16:00,s_71_6_0,,Android,2.4.1
1787,71,level_start,9,2026-08-07T11:17:11,s_71_6_0,,Android,2.4.1
1788,71,level_fail,9,2026-08-07T11:20:06,s_71_6_0,,Android,2.4.1
1789,71,level_start,10,2026-08-07T11:20:35,s_71_6_0,,Android,2.4.1
1790,71,level_complete,10,2026-08-07T11:24:10,s_71_6_0,,Android,2.4.1
1791,71,level_start,11,2026-08-07T11:25:31,s_71_6_0,,Android,2.4.1
1792,71,level_complete,11,2026-08-07T11:26:45,s_71_6_0,,Android,2.4.1
1793,71,session_end,,2026-08-07T11:28:43,s_71_6_0,,Android,2.4.1
709,28,session_start,,2026-08-07T11:51:00,s_28_6_0,,iOS,2.4.0
710,28,level_start,4,2026-08-07T11:51:41,s_28_6_0,,iOS,2.4.0
976,44,session_start,,2026-08-07T11:53:00,s_44_6_0,,iOS,2.4.0
977,44,level_start,2,2026-08-07T11:53:39,s_44_6_0,,iOS,2.4.0
711,28,level_complete,4,2026-08-07T11:54:48,s_28_6_0,,iOS,2.4.0
712,28,level_start,5,2026-08-07T11:55:34,s_28_6_0,,iOS,2.4.0
978,44,level_complete,2,2026-08-07T11:57:21,s_44_6_0,,iOS,2.4.0
979,44,level_start,3,2026-08-07T11:57:53,s_44_6_0,,iOS,2.4.0
980,44,level_complete,3,2026-08-07T11:58:44,s_44_6_0,,iOS,2.4.0
713,28,level_complete,5,2026-08-07T11:59:32,s_28_6_0,,iOS,2.4.0
714,28,level_start,6,2026-08-07T11:59:59,s_28_6_0,,iOS,2.4.0
981,44,level_start,4,2026-08-07T12:00:13,s_44_6_0,,iOS,2.4.0
982,44,level_fail,4,2026-08-07T12:02:28,s_44_6_0,,iOS,2.4.0
715,28,level_complete,6,2026-08-07T12:02:54,s_28_6_0,,iOS,2.4.0
716,28,session_end,,2026-08-07T12:03:59,s_28_6_0,,iOS,2.4.0
983,44,session_end,,2026-08-07T12:04:13,s_44_6_0,,iOS,2.4.0
1484,59,session_start,,2026-08-07T12:36:00,s_59_6_1,,iOS,2.4.0
1485,59,level_start,1,2026-08-07T12:36:37,s_59_6_1,,iOS,2.4.0
1486,59,level_complete,1,2026-08-07T12:39:55,s_59_6_1,,iOS,2.4.0
1487,59,level_start,2,2026-08-07T12:40:44,s_59_6_1,,iOS,2.4.0
1488,59,level_complete,2,2026-08-07T12:43:08,s_59_6_1,,iOS,2.4.0
1489,59,session_end,,2026-08-07T12:43:50,s_59_6_1,,iOS,2.4.0
2543,102,session_start,,2026-08-07T12:48:00,s_102_6_0,,Android,2.4.1
2544,102,level_start,1,2026-08-07T12:49:05,s_102_6_0,,Android,2.4.1
2545,102,level_complete,1,2026-08-07T12:51:36,s_102_6_0,,Android,2.4.1
2546,102,session_end,,2026-08-07T12:52:57,s_102_6_0,,Android,2.4.1
4165,169,session_start,,2026-08-07T12:56:00,s_169_6_0,,iOS,2.4.0
4166,169,level_start,8,2026-08-07T12:56:26,s_169_6_0,,iOS,2.4.0
4167,169,level_complete,8,2026-08-07T12:58:13,s_169_6_0,,iOS,2.4.0
4168,169,session_end,,2026-08-07T12:59:25,s_169_6_0,,iOS,2.4.0
2840,115,session_start,,2026-08-07T13:00:00,s_115_6_1,,iOS,2.4.0
2841,115,level_start,1,2026-08-07T13:01:13,s_115_6_1,,iOS,2.4.0
2842,115,level_complete,1,2026-08-07T13:03:49,s_115_6_1,,iOS,2.4.0
2843,115,session_end,,2026-08-07T13:05:29,s_115_6_1,,iOS,2.4.0
1210,48,session_start,,2026-08-07T13:42:00,s_48_6_0,,Android,2.5.0
1211,48,level_start,6,2026-08-07T13:42:26,s_48_6_0,,Android,2.5.0
1212,48,level_complete,6,2026-08-07T13:42:58,s_48_6_0,,Android,2.5.0
1213,48,level_start,7,2026-08-07T13:43:38,s_48_6_0,,Android,2.5.0
1214,48,level_fail,7,2026-08-07T13:46:17,s_48_6_0,,Android,2.5.0
1215,48,level_start,8,2026-08-07T13:47:40,s_48_6_0,,Android,2.5.0
1216,48,level_complete,8,2026-08-07T13:48:52,s_48_6_0,,Android,2.5.0
1217,48,level_start,9,2026-08-07T13:50:14,s_48_6_0,,Android,2.5.0
1218,48,level_complete,9,2026-08-07T13:52:06,s_48_6_0,,Android,2.5.0
1219,48,session_end,,2026-08-07T13:53:11,s_48_6_0,,Android,2.5.0
2387,94,session_start,,2026-08-07T14:37:00,s_94_6_0,,iOS,2.4.0
2388,94,level_start,1,2026-08-07T14:38:22,s_94_6_0,,iOS,2.4.0
2389,94,level_complete,1,2026-08-07T14:41:23,s_94_6_0,,iOS,2.4.0
2390,94,session_end,,2026-08-07T14:43:00,s_94_6_0,,iOS,2.4.0
4410,178,session_start,,2026-08-07T14:45:00,s_178_6_0,,iOS,2.4.0
4411,178,level_start,6,2026-08-07T14:45:40,s_178_6_0,,iOS,2.4.0
4412,178,level_complete,6,2026-08-07T14:47:23,s_178_6_0,,iOS,2.4.0
567,23,session_start,,2026-08-07T14:48:00,s_23_6_0,,Android,2.5.0
4413,178,level_start,7,2026-08-07T14:48:13,s_178_6_0,,iOS,2.4.0
568,23,level_start,15,2026-08-07T14:49:24,s_23_6_0,,Android,2.5.0
4414,178,level_fail,7,2026-08-07T14:50:55,s_178_6_0,,iOS,2.4.0
2065,82,session_start,,2026-08-07T14:52:00,s_82_6_0,,iOS,2.5.0
4415,178,level_start,8,2026-08-07T14:52:19,s_178_6_0,,iOS,2.4.0
2066,82,level_start,1,2026-08-07T14:52:29,s_82_6_0,,iOS,2.5.0
569,23,level_fail,15,2026-08-07T14:53:04,s_23_6_0,,Android,2.5.0
570,23,level_start,16,2026-08-07T14:53:30,s_23_6_0,,Android,2.5.0
4416,178,level_complete,8,2026-08-07T14:54:08,s_178_6_0,,iOS,2.4.0
571,23,level_complete,16,2026-08-07T14:54:25,s_23_6_0,,Android,2.5.0
4417,178,purchase,,2026-08-07T14:55:02,s_178_6_0,0.99,iOS,2.4.0
572,23,session_end,,2026-08-07T14:55:04,s_23_6_0,,Android,2.5.0
2067,82,level_complete,1,2026-08-07T14:56:21,s_82_6_0,,iOS,2.5.0
4418,178,session_end,,2026-08-07T14:56:46,s_178_6_0,,iOS,2.4.0
2068,82,session_end,,2026-08-07T14:57:50,s_82_6_0,,iOS,2.5.0
2423,95,session_start,,2026-08-07T15:22:00,s_95_6_0,,Android,2.4.1
2424,95,level_start,8,2026-08-07T15:22:27,s_95_6_0,,Android,2.4.1
643,25,session_start,,2026-08-07T15:23:00,s_25_6_0,,iOS,2.4.0
644,25,level_start,10,2026-08-07T15:24:24,s_25_6_0,,iOS,2.4.0
645,25,level_complete,10,2026-08-07T15:25:32,s_25_6_0,,iOS,2.4.0
2425,95,level_complete,8,2026-08-07T15:25:32,s_95_6_0,,Android,2.4.1
646,25,level_start,11,2026-08-07T15:25:55,s_25_6_0,,iOS,2.4.0
2426,95,session_end,,2026-08-07T15:27:16,s_95_6_0,,Android,2.4.1
647,25,level_complete,11,2026-08-07T15:28:28,s_25_6_0,,iOS,2.4.0
648,25,level_start,12,2026-08-07T15:29:41,s_25_6_0,,iOS,2.4.0
649,25,level_complete,12,2026-08-07T15:30:32,s_25_6_0,,iOS,2.4.0
1947,77,session_start,,2026-08-07T15:31:00,s_77_6_0,,iOS,2.5.0
650,25,level_start,13,2026-08-07T15:31:10,s_25_6_0,,iOS,2.4.0
2547,102,session_start,,2026-08-07T15:32:00,s_102_6_1,,Android,2.4.1
1948,77,level_start,1,2026-08-07T15:32:23,s_77_6_0,,iOS,2.5.0
651,25,level_complete,13,2026-08-07T15:33:09,s_25_6_0,,iOS,2.4.0
2548,102,level_start,1,2026-08-07T15:33:18,s_102_6_1,,Android,2.4.1
1949,77,level_complete,1,2026-08-07T15:33:53,s_77_6_0,,iOS,2.5.0
652,25,session_end,,2026-08-07T15:34:05,s_25_6_0,,iOS,2.4.0
2549,102,level_complete,1,2026-08-07T15:34:15,s_102_6_1,,Android,2.4.1
1950,77,level_start,2,2026-08-07T15:35:13,s_77_6_0,,iOS,2.5.0
2550,102,level_start,2,2026-08-07T15:35:37,s_102_6_1,,Android,2.4.1
1951,77,level_complete,2,2026-08-07T15:37:39,s_77_6_0,,iOS,2.5.0
2551,102,level_complete,2,2026-08-07T15:38:14,s_102_6_1,,Android,2.4.1
1952,77,session_end,,2026-08-07T15:38:19,s_77_6_0,,iOS,2.5.0
2552,102,session_end,,2026-08-07T15:39:01,s_102_6_1,,Android,2.4.1
267,11,session_start,,2026-08-07T15:51:00,s_11_6_0,,Android,2.5.0
268,11,level_start,8,2026-08-07T15:51:28,s_11_6_0,,Android,2.5.0
3867,160,session_start,,2026-08-07T15:53:00,s_160_6_0,,iOS,2.4.1
269,11,level_complete,8,2026-08-07T15:53:17,s_11_6_0,,Android,2.5.0
3868,160,level_start,10,2026-08-07T15:53:38,s_160_6_0,,iOS,2.4.1
270,11,level_start,9,2026-08-07T15:54:38,s_11_6_0,,Android,2.5.0
3869,160,level_complete,10,2026-08-07T15:55:41,s_160_6_0,,iOS,2.4.1
3870,160,level_start,11,2026-08-07T15:56:32,s_160_6_0,,iOS,2.4.1
3871,160,level_complete,11,2026-08-07T15:57:21,s_160_6_0,,iOS,2.4.1
271,11,level_complete,9,2026-08-07T15:57:22,s_11_6_0,,Android,2.5.0
272,11,session_end,,2026-08-07T15:58:44,s_11_6_0,,Android,2.5.0
3872,160,session_end,,2026-08-07T15:58:44,s_160_6_0,,iOS,2.4.1
3237,134,session_start,,2026-08-07T16:26:00,s_134_6_0,,iOS,2.4.1
3238,134,level_start,1,2026-08-07T16:27:09,s_134_6_0,,iOS,2.4.1
3239,134,level_complete,1,2026-08-07T16:28:31,s_134_6_0,,iOS,2.4.1
3240,134,level_start,2,2026-08-07T16:29:17,s_134_6_0,,iOS,2.4.1
3241,134,level_complete,2,2026-08-07T16:31:06,s_134_6_0,,iOS,2.4.1
3242,134,level_start,3,2026-08-07T16:32:26,s_134_6_0,,iOS,2.4.1
3243,134,level_complete,3,2026-08-07T16:33:36,s_134_6_0,,iOS,2.4.1
3244,134,session_end,,2026-08-07T16:34:45,s_134_6_0,,iOS,2.4.1
1144,47,session_start,,2026-08-07T17:03:00,s_47_6_0,,iOS,2.4.1
1145,47,level_start,14,2026-08-07T17:03:26,s_47_6_0,,iOS,2.4.1
1355,54,session_start,,2026-08-07T17:05:00,s_54_6_0,,iOS,2.5.0
1356,54,level_start,9,2026-08-07T17:06:08,s_54_6_0,,iOS,2.5.0
1146,47,level_complete,14,2026-08-07T17:06:52,s_47_6_0,,iOS,2.4.1
1147,47,session_end,,2026-08-07T17:08:18,s_47_6_0,,iOS,2.4.1
1357,54,level_fail,9,2026-08-07T17:08:19,s_54_6_0,,iOS,2.5.0
1358,54,level_start,10,2026-08-07T17:08:42,s_54_6_0,,iOS,2.5.0
1830,72,session_start,,2026-08-07T17:09:00,s_72_6_0,,Android,2.5.0
1831,72,level_start,1,2026-08-07T17:09:49,s_72_6_0,,Android,2.5.0
1832,72,level_complete,1,2026-08-07T17:11:10,s_72_6_0,,Android,2.5.0
1359,54,level_complete,10,2026-08-07T17:11:13,s_54_6_0,,iOS,2.5.0
1833,72,level_start,2,2026-08-07T17:11:49,s_72_6_0,,Android,2.5.0
1360,54,level_start,11,2026-08-07T17:12:01,s_54_6_0,,iOS,2.5.0
1361,54,level_fail,11,2026-08-07T17:13:05,s_54_6_0,,iOS,2.5.0
1362,54,session_end,,2026-08-07T17:14:44,s_54_6_0,,iOS,2.5.0
1834,72,level_complete,2,2026-08-07T17:15:32,s_72_6_0,,Android,2.5.0
1835,72,level_start,3,2026-08-07T17:16:02,s_72_6_0,,Android,2.5.0
1836,72,level_complete,3,2026-08-07T17:17:00,s_72_6_0,,Android,2.5.0
1837,72,level_start,4,2026-08-07T17:17:51,s_72_6_0,,Android,2.5.0
1,1,session_start,,2026-08-07T17:20:00,s_1_6_0,,Android,2.5.0
2,1,level_start,2,2026-08-07T17:20:53,s_1_6_0,,Android,2.5.0
1838,72,level_fail,4,2026-08-07T17:20:59,s_72_6_0,,Android,2.5.0
335,15,session_start,,2026-08-07T17:21:00,s_15_6_0,,iOS,2.4.0
3,1,level_complete,2,2026-08-07T17:21:36,s_1_6_0,,Android,2.5.0
1839,72,session_end,,2026-08-07T17:22:05,s_72_6_0,,Android,2.5.0
336,15,level_start,10,2026-08-07T17:22:20,s_15_6_0,,iOS,2.4.0
4,1,session_end,,2026-08-07T17:22:59,s_1_6_0,,Android,2.5.0
1478,59,session_start,,2026-08-07T17:23:00,s_59_6_0,,iOS,2.4.0
1479,59,level_start,1,2026-08-07T17:23:46,s_59_6_0,,iOS,2.4.0
1480,59,level_complete,1,2026-08-07T17:26:01,s_59_6_0,,iOS,2.4.0
337,15,level_complete,10,2026-08-07T17:26:18,s_15_6_0,,iOS,2.4.0
338,15,level_start,11,2026-08-07T17:27:20,s_15_6_0,,iOS,2.4.0
1481,59,level_start,2,2026-08-07T17:27:22,s_59_6_0,,iOS,2.4.0
1482,59,level_complete,2,2026-08-07T17:28:37,s_59_6_0,,iOS,2.4.0
1483,59,session_end,,2026-08-07T17:29:39,s_59_6_0,,iOS,2.4.0
339,15,level_complete,11,2026-08-07T17:30:42,s_15_6_0,,iOS,2.4.0
340,15,level_start,12,2026-08-07T17:31:55,s_15_6_0,,iOS,2.4.0
341,15,level_complete,12,2026-08-07T17:34:54,s_15_6_0,,iOS,2.4.0
342,15,level_start,13,2026-08-07T17:35:17,s_15_6_0,,iOS,2.4.0
343,15,level_complete,13,2026-08-07T17:38:19,s_15_6_0,,iOS,2.4.0
344,15,session_end,,2026-08-07T17:40:12,s_15_6_0,,iOS,2.4.0
4372,175,session_start,,2026-08-07T17:45:00,s_175_6_0,,iOS,2.4.1
4373,175,level_start,1,2026-08-07T17:46:01,s_175_6_0,,iOS,2.4.1
4374,175,level_fail,1,2026-08-07T17:49:01,s_175_6_0,,iOS,2.4.1
4375,175,session_end,,2026-08-07T17:50:15,s_175_6_0,,iOS,2.4.1
3919,162,session_start,,2026-08-07T17:55:00,s_162_6_1,,Android,2.5.0
3920,162,level_start,9,2026-08-07T17:55:40,s_162_6_1,,Android,2.5.0
3921,162,level_fail,9,2026-08-07T17:56:48,s_162_6_1,,Android,2.5.0
2513,99,session_start,,2026-08-07T17:57:00,s_99_6_0,,Android,2.4.1
3922,162,session_end,,2026-08-07T17:57:28,s_162_6_1,,Android,2.5.0
2514,99,level_start,1,2026-08-07T17:58:04,s_99_6_0,,Android,2.4.1
2515,99,level_complete,1,2026-08-07T17:58:41,s_99_6_0,,Android,2.4.1
2516,99,session_end,,2026-08-07T17:59:46,s_99_6_0,,Android,2.4.1
1560,62,session_start,,2026-08-07T18:13:00,s_62_6_0,,Android,2.4.0
1050,46,session_start,,2026-08-07T18:14:00,s_46_6_0,,Android,2.5.0
1561,62,level_start,15,2026-08-07T18:14:01,s_62_6_0,,Android,2.4.0
1051,46,level_start,16,2026-08-07T18:15:12,s_46_6_0,,Android,2.5.0
1865,73,session_start,,2026-08-07T18:16:00,s_73_6_0,,iOS,2.5.0
1562,62,level_fail,15,2026-08-07T18:16:03,s_62_6_0,,Android,2.4.0
1866,73,level_start,1,2026-08-07T18:16:55,s_73_6_0,,iOS,2.5.0
1563,62,level_start,16,2026-08-07T18:16:56,s_62_6_0,,Android,2.4.0
1052,46,level_complete,16,2026-08-07T18:17:53,s_46_6_0,,Android,2.5.0
1564,62,level_fail,16,2026-08-07T18:18:13,s_62_6_0,,Android,2.4.0
1053,46,level_start,17,2026-08-07T18:18:14,s_46_6_0,,Android,2.5.0
1867,73,level_complete,1,2026-08-07T18:18:22,s_73_6_0,,iOS,2.5.0
1565,62,level_start,17,2026-08-07T18:19:03,s_62_6_0,,Android,2.4.0
1868,73,level_start,2,2026-08-07T18:19:32,s_73_6_0,,iOS,2.5.0
1566,62,level_complete,17,2026-08-07T18:20:41,s_62_6_0,,Android,2.4.0
1054,46,level_fail,17,2026-08-07T18:20:45,s_46_6_0,,Android,2.5.0
1567,62,level_start,18,2026-08-07T18:21:44,s_62_6_0,,Android,2.4.0
1055,46,session_end,,2026-08-07T18:22:31,s_46_6_0,,Android,2.5.0
1869,73,level_complete,2,2026-08-07T18:22:50,s_73_6_0,,iOS,2.5.0
1568,62,level_complete,18,2026-08-07T18:23:47,s_62_6_0,,Android,2.4.0
1870,73,session_end,,2026-08-07T18:24:26,s_73_6_0,,iOS,2.5.0
1569,62,session_end,,2026-08-07T18:25:11,s_62_6_0,,Android,2.4.0
2135,84,session_start,,2026-08-07T18:40:00,s_84_6_0,,Android,2.5.0
2136,84,level_start,3,2026-08-07T18:41:03,s_84_6_0,,Android,2.5.0
2137,84,level_complete,3,2026-08-07T18:43:49,s_84_6_0,,Android,2.5.0
2138,84,level_start,4,2026-08-07T18:45:09,s_84_6_0,,Android,2.5.0
2139,84,level_complete,4,2026-08-07T18:47:35,s_84_6_0,,Android,2.5.0
2140,84,level_start,5,2026-08-07T18:48:55,s_84_6_0,,Android,2.5.0
2141,84,level_complete,5,2026-08-07T18:51:51,s_84_6_0,,Android,2.5.0
2142,84,session_end,,2026-08-07T18:53:14,s_84_6_0,,Android,2.5.0
1977,78,session_start,,2026-08-07T19:18:00,s_78_6_0,,iOS,2.5.0
1978,78,level_start,3,2026-08-07T19:18:35,s_78_6_0,,iOS,2.5.0
1979,78,level_complete,3,2026-08-07T19:19:11,s_78_6_0,,iOS,2.5.0
1980,78,level_start,4,2026-08-07T19:19:46,s_78_6_0,,iOS,2.5.0
1981,78,level_fail,4,2026-08-07T19:23:24,s_78_6_0,,iOS,2.5.0
1982,78,session_end,,2026-08-07T19:25:12,s_78_6_0,,iOS,2.5.0
2331,92,session_start,,2026-08-07T19:46:00,s_92_6_0,,Android,2.4.0
2332,92,level_start,1,2026-08-07T19:46:36,s_92_6_0,,Android,2.4.0
2333,92,level_complete,1,2026-08-07T19:48:37,s_92_6_0,,Android,2.4.0
2334,92,level_start,2,2026-08-07T19:49:08,s_92_6_0,,Android,2.4.0
2335,92,level_complete,2,2026-08-07T19:49:42,s_92_6_0,,Android,2.4.0
2336,92,level_start,3,2026-08-07T19:50:41,s_92_6_0,,Android,2.4.0
2337,92,level_complete,3,2026-08-07T19:51:52,s_92_6_0,,Android,2.4.0
1260,50,session_start,,2026-08-07T19:52:00,s_50_6_0,,Android,2.5.0
1261,50,level_start,6,2026-08-07T19:53:09,s_50_6_0,,Android,2.5.0
2338,92,session_end,,2026-08-07T19:53:35,s_92_6_0,,Android,2.4.0
1262,50,level_complete,6,2026-08-07T19:56:27,s_50_6_0,,Android,2.5.0
1263,50,level_start,7,2026-08-07T19:57:28,s_50_6_0,,Android,2.5.0
1264,50,level_fail,7,2026-08-07T20:00:07,s_50_6_0,,Android,2.5.0
1265,50,session_end,,2026-08-07T20:01:30,s_50_6_0,,Android,2.5.0
4189,170,session_start,,2026-08-07T20:19:00,s_170_6_0,,iOS,2.5.0
4190,170,level_start,4,2026-08-07T20:20:24,s_170_6_0,,iOS,2.5.0
4191,170,level_fail,4,2026-08-07T20:21:21,s_170_6_0,,iOS,2.5.0
4192,170,level_start,5,2026-08-07T20:22:09,s_170_6_0,,iOS,2.5.0
4193,170,level_complete,5,2026-08-07T20:24:12,s_170_6_0,,iOS,2.5.0
4194,170,level_start,6,2026-08-07T20:25:29,s_170_6_0,,iOS,2.5.0
4195,170,level_complete,6,2026-08-07T20:28:37,s_170_6_0,,iOS,2.5.0
4196,170,level_start,7,2026-08-07T20:29:48,s_170_6_0,,iOS,2.5.0
4197,170,level_complete,7,2026-08-07T20:31:06,s_170_6_0,,iOS,2.5.0
4198,170,session_end,,2026-08-07T20:32:30,s_170_6_0,,iOS,2.5.0
131,5,session_start,,2026-08-07T20:40:00,s_5_6_0,,Android,2.4.0
132,5,level_start,1,2026-08-07T20:41:02,s_5_6_0,,Android,2.4.0
133,5,level_complete,1,2026-08-07T20:41:56,s_5_6_0,,Android,2.4.0
134,5,level_start,2,2026-08-07T20:43:05,s_5_6_0,,Android,2.4.0
135,5,level_complete,2,2026-08-07T20:44:47,s_5_6_0,,Android,2.4.0
136,5,level_start,3,2026-08-07T20:45:26,s_5_6_0,,Android,2.4.0
137,5,level_complete,3,2026-08-07T20:47:21,s_5_6_0,,Android,2.4.0
138,5,session_end,,2026-08-07T20:49:15,s_5_6_0,,Android,2.4.0
4005,165,session_start,,2026-08-07T22:19:00,s_165_6_0,,iOS,2.4.0
4006,165,level_start,10,2026-08-07T22:20:18,s_165_6_0,,iOS,2.4.0
4007,165,level_complete,10,2026-08-07T22:22:33,s_165_6_0,,iOS,2.4.0
4008,165,session_end,,2026-08-07T22:23:48,s_165_6_0,,iOS,2.4.0
3079,123,session_start,,2026-08-07T22:36:00,s_123_6_0,,Android,2.5.0
3080,123,level_start,1,2026-08-07T22:36:44,s_123_6_0,,Android,2.5.0
3081,123,level_complete,1,2026-08-07T22:40:07,s_123_6_0,,Android,2.5.0
3082,123,session_end,,2026-08-07T22:42:03,s_123_6_0,,Android,2.5.0
3915,162,session_start,,2026-08-07T22:47:00,s_162_6_0,,Android,2.5.0
3916,162,level_start,10,2026-08-07T22:47:23,s_162_6_0,,Android,2.5.0
3917,162,level_fail,10,2026-08-07T22:50:23,s_162_6_0,,Android,2.5.0
3918,162,session_end,,2026-08-07T22:51:54,s_162_6_0,,Android,2.5.0
3385,142,session_start,,2026-08-07T22:52:00,s_142_6_0,,iOS,2.4.1
3386,142,level_start,2,2026-08-07T22:52:38,s_142_6_0,,iOS,2.4.1
3387,142,level_complete,2,2026-08-07T22:54:14,s_142_6_0,,iOS,2.4.1
3388,142,level_start,3,2026-08-07T22:54:52,s_142_6_0,,iOS,2.4.1
3389,142,level_complete,3,2026-08-07T22:56:27,s_142_6_0,,iOS,2.4.1
3390,142,level_start,4,2026-08-07T22:57:07,s_142_6_0,,iOS,2.4.1
3391,142,level_complete,4,2026-08-07T22:57:40,s_142_6_0,,iOS,2.4.1
3392,142,session_end,,2026-08-07T22:58:21,s_142_6_0,,iOS,2.4.1
3471,146,session_start,,2026-08-07T22:59:00,s_146_6_0,,iOS,2.4.0
3472,146,level_start,8,2026-08-07T22:59:55,s_146_6_0,,iOS,2.4.0
3473,146,level_fail,8,2026-08-07T23:01:21,s_146_6_0,,iOS,2.4.0
3474,146,level_start,9,2026-08-07T23:02:41,s_146_6_0,,iOS,2.4.0
3475,146,level_complete,9,2026-08-07T23:06:02,s_146_6_0,,iOS,2.4.0
3476,146,level_start,10,2026-08-07T23:06:39,s_146_6_0,,iOS,2.4.0
3477,146,level_complete,10,2026-08-07T23:09:25,s_146_6_0,,iOS,2.4.0
3478,146,session_end,,2026-08-07T23:10:57,s_146_6_0,,iOS,2.4.0
1618,66,session_start,,2026-08-08T08:02:00,s_66_7_0,,Android,2.5.0
1619,66,level_start,11,2026-08-08T08:03:20,s_66_7_0,,Android,2.5.0
1620,66,level_fail,11,2026-08-08T08:05:49,s_66_7_0,,Android,2.5.0
1621,66,level_start,12,2026-08-08T08:07:18,s_66_7_0,,Android,2.5.0
1622,66,level_complete,12,2026-08-08T08:08:57,s_66_7_0,,Android,2.5.0
1623,66,level_start,13,2026-08-08T08:09:34,s_66_7_0,,Android,2.5.0
1624,66,level_complete,13,2026-08-08T08:13:02,s_66_7_0,,Android,2.5.0
1625,66,session_end,,2026-08-08T08:14:47,s_66_7_0,,Android,2.5.0
2992,120,session_start,,2026-08-08T08:17:00,s_120_7_0,,Android,2.4.0
2993,120,level_start,1,2026-08-08T08:18:16,s_120_7_0,,Android,2.4.0
2994,120,level_complete,1,2026-08-08T08:19:07,s_120_7_0,,Android,2.4.0
2995,120,session_end,,2026-08-08T08:20:54,s_120_7_0,,Android,2.4.0
3805,159,session_start,,2026-08-08T08:34:00,s_159_7_0,,iOS,2.4.1
3806,159,level_start,1,2026-08-08T08:34:22,s_159_7_0,,iOS,2.4.1
3807,159,level_complete,1,2026-08-08T08:35:03,s_159_7_0,,iOS,2.4.1
3808,159,session_end,,2026-08-08T08:36:10,s_159_7_0,,iOS,2.4.1
3319,140,session_start,,2026-08-08T08:39:00,s_140_7_0,,iOS,2.4.0
3320,140,level_start,3,2026-08-08T08:39:50,s_140_7_0,,iOS,2.4.0
2217,89,session_start,,2026-08-08T08:40:00,s_89_7_0,,iOS,2.4.0
2218,89,level_start,1,2026-08-08T08:41:28,s_89_7_0,,iOS,2.4.0
2219,89,level_complete,1,2026-08-08T08:43:25,s_89_7_0,,iOS,2.4.0
3321,140,level_complete,3,2026-08-08T08:43:28,s_140_7_0,,iOS,2.4.0
3322,140,session_end,,2026-08-08T08:44:29,s_140_7_0,,iOS,2.4.0
2220,89,session_end,,2026-08-08T08:44:53,s_89_7_0,,iOS,2.4.0
3203,131,session_start,,2026-08-08T08:49:00,s_131_7_0,,Android,2.4.1
3204,131,level_start,12,2026-08-08T08:50:04,s_131_7_0,,Android,2.4.1
3205,131,level_fail,12,2026-08-08T08:53:54,s_131_7_0,,Android,2.4.1
3206,131,level_start,13,2026-08-08T08:55:05,s_131_7_0,,Android,2.4.1
3207,131,level_complete,13,2026-08-08T08:59:05,s_131_7_0,,Android,2.4.1
3208,131,level_start,14,2026-08-08T08:59:26,s_131_7_0,,Android,2.4.1
3209,131,level_fail,14,2026-08-08T09:01:56,s_131_7_0,,Android,2.4.1
3210,131,session_end,,2026-08-08T09:02:45,s_131_7_0,,Android,2.4.1
181,9,session_start,,2026-08-08T09:07:00,s_9_7_0,,Android,2.4.1
182,9,level_start,1,2026-08-08T09:08:25,s_9_7_0,,Android,2.4.1
3635,151,session_start,,2026-08-08T09:10:00,s_151_7_0,,Android,2.4.1
3636,151,level_start,11,2026-08-08T09:10:56,s_151_7_0,,Android,2.4.1
585,24,session_start,,2026-08-08T09:11:00,s_24_7_0,,iOS,2.4.0
183,9,level_complete,1,2026-08-08T09:11:22,s_9_7_0,,Android,2.4.1
184,9,session_end,,2026-08-08T09:12:10,s_9_7_0,,Android,2.4.1
586,24,level_start,9,2026-08-08T09:12:25,s_24_7_0,,iOS,2.4.0
3637,151,level_fail,11,2026-08-08T09:13:47,s_151_7_0,,Android,2.4.1
3638,151,session_end,,2026-08-08T09:14:18,s_151_7_0,,Android,2.4.1
587,24,level_complete,9,2026-08-08T09:14:39,s_24_7_0,,iOS,2.4.0
588,24,level_start,10,2026-08-08T09:15:10,s_24_7_0,,iOS,2.4.0
589,24,level_complete,10,2026-08-08T09:17:10,s_24_7_0,,iOS,2.4.0
590,24,level_start,11,2026-08-08T09:18:11,s_24_7_0,,iOS,2.4.0
591,24,level_complete,11,2026-08-08T09:20:19,s_24_7_0,,iOS,2.4.0
2073,82,session_start,,2026-08-08T09:21:00,s_82_7_1,,iOS,2.5.0
592,24,level_start,12,2026-08-08T09:21:31,s_24_7_0,,iOS,2.4.0
2074,82,level_start,1,2026-08-08T09:22:15,s_82_7_1,,iOS,2.5.0
593,24,level_fail,12,2026-08-08T09:23:40,s_24_7_0,,iOS,2.4.0
2075,82,level_complete,1,2026-08-08T09:25:10,s_82_7_1,,iOS,2.5.0
594,24,session_end,,2026-08-08T09:25:21,s_24_7_0,,iOS,2.4.0
2076,82,session_end,,2026-08-08T09:26:49,s_82_7_1,,iOS,2.5.0
2926,118,session_start,,2026-08-08T09:32:00,s_118_7_0,,iOS,2.4.1
2927,118,level_start,1,2026-08-08T09:32:40,s_118_7_0,,iOS,2.4.1
2928,118,level_complete,1,2026-08-08T09:33:15,s_118_7_0,,iOS,2.4.1
2929,118,level_start,2,2026-08-08T09:34:44,s_118_7_0,,iOS,2.4.1
2930,118,level_complete,2,2026-08-08T09:37:45,s_118_7_0,,iOS,2.4.1
2931,118,session_end,,2026-08-08T09:38:53,s_118_7_0,,iOS,2.4.1
3261,138,session_start,,2026-08-08T09:40:00,s_138_7_0,,iOS,2.5.0
3262,138,level_start,1,2026-08-08T09:41:03,s_138_7_0,,iOS,2.5.0
3947,163,session_start,,2026-08-08T09:43:00,s_163_7_0,,Android,2.5.0
3948,163,level_start,1,2026-08-08T09:43:53,s_163_7_0,,Android,2.5.0
3263,138,level_complete,1,2026-08-08T09:44:43,s_138_7_0,,iOS,2.5.0
3264,138,level_start,2,2026-08-08T09:45:27,s_138_7_0,,iOS,2.5.0
3949,163,level_complete,1,2026-08-08T09:47:17,s_163_7_0,,Android,2.5.0
3265,138,level_complete,2,2026-08-08T09:47:38,s_138_7_0,,iOS,2.5.0
3266,138,level_start,3,2026-08-08T09:48:30,s_138_7_0,,iOS,2.5.0
3950,163,session_end,,2026-08-08T09:49:09,s_163_7_0,,Android,2.5.0
3267,138,level_complete,3,2026-08-08T09:49:29,s_138_7_0,,iOS,2.5.0
3268,138,session_end,,2026-08-08T09:50:16,s_138_7_0,,iOS,2.5.0
273,11,session_start,,2026-08-08T10:20:00,s_11_7_0,,Android,2.5.0
274,11,level_start,6,2026-08-08T10:21:19,s_11_7_0,,Android,2.5.0
4505,180,session_start,,2026-08-08T10:24:00,s_180_7_0,,Android,2.4.1
4506,180,level_start,1,2026-08-08T10:24:36,s_180_7_0,,Android,2.4.1
275,11,level_complete,6,2026-08-08T10:24:43,s_11_7_0,,Android,2.5.0
4507,180,level_complete,1,2026-08-08T10:25:09,s_180_7_0,,Android,2.4.1
276,11,session_end,,2026-08-08T10:25:29,s_11_7_0,,Android,2.5.0
4508,180,level_start,2,2026-08-08T10:26:04,s_180_7_0,,Android,2.4.1
4509,180,level_fail,2,2026-08-08T10:26:55,s_180_7_0,,Android,2.4.1
4510,180,level_start,3,2026-08-08T10:28:24,s_180_7_0,,Android,2.4.1
4511,180,level_complete,3,2026-08-08T10:30:09,s_180_7_0,,Android,2.4.1
4512,180,session_end,,2026-08-08T10:31:29,s_180_7_0,,Android,2.4.1
4141,168,session_start,,2026-08-08T10:38:00,s_168_7_0,,iOS,2.4.1
4142,168,level_start,1,2026-08-08T10:38:50,s_168_7_0,,iOS,2.4.1
4143,168,level_complete,1,2026-08-08T10:41:47,s_168_7_0,,iOS,2.4.1
4144,168,session_end,,2026-08-08T10:42:19,s_168_7_0,,iOS,2.4.1
1056,46,session_start,,2026-08-08T11:16:00,s_46_7_0,,Android,2.5.0
1057,46,level_start,15,2026-08-08T11:17:14,s_46_7_0,,Android,2.5.0
1058,46,level_fail,15,2026-08-08T11:19:20,s_46_7_0,,Android,2.5.0
1059,46,level_start,16,2026-08-08T11:20:38,s_46_7_0,,Android,2.5.0
1060,46,level_complete,16,2026-08-08T11:22:12,s_46_7_0,,Android,2.5.0
1061,46,level_start,17,2026-08-08T11:23:10,s_46_7_0,,Android,2.5.0
1062,46,level_fail,17,2026-08-08T11:26:33,s_46_7_0,,Android,2.5.0
1063,46,session_end,,2026-08-08T11:28:17,s_46_7_0,,Android,2.5.0
1844,72,session_start,,2026-08-08T11:34:00,s_72_7_0,,Android,2.5.0
1845,72,level_start,1,2026-08-08T11:34:38,s_72_7_0,,Android,2.5.0
1846,72,level_complete,1,2026-08-08T11:38:05,s_72_7_0,,Android,2.5.0
1847,72,session_end,,2026-08-08T11:38:37,s_72_7_0,,Android,2.5.0
1953,77,session_start,,2026-08-08T11:56:00,s_77_7_0,,iOS,2.5.0
1954,77,level_start,1,2026-08-08T11:56:26,s_77_7_0,,iOS,2.5.0
1955,77,level_complete,1,2026-08-08T11:57:43,s_77_7_0,,iOS,2.5.0
1956,77,session_end,,2026-08-08T11:59:36,s_77_7_0,,iOS,2.5.0
185,9,session_start,,2026-08-08T12:27:00,s_9_7_1,,Android,2.4.1
186,9,level_start,1,2026-08-08T12:27:50,s_9_7_1,,Android,2.4.1
187,9,level_complete,1,2026-08-08T12:30:46,s_9_7_1,,Android,2.4.1
188,9,session_end,,2026-08-08T12:32:41,s_9_7_1,,Android,2.4.1
4169,169,session_start,,2026-08-08T12:44:00,s_169_7_0,,iOS,2.4.0
4170,169,level_start,6,2026-08-08T12:45:18,s_169_7_0,,iOS,2.4.0
4171,169,level_complete,6,2026-08-08T12:46:18,s_169_7_0,,iOS,2.4.0
4172,169,level_start,7,2026-08-08T12:46:56,s_169_7_0,,iOS,2.4.0
4173,169,level_complete,7,2026-08-08T12:50:38,s_169_7_0,,iOS,2.4.0
4174,169,session_end,,2026-08-08T12:52:00,s_169_7_0,,iOS,2.4.0
3765,157,session_start,,2026-08-08T13:05:00,s_157_7_0,,iOS,2.4.0
3766,157,level_start,6,2026-08-08T13:06:12,s_157_7_0,,iOS,2.4.0
3767,157,level_complete,6,2026-08-08T13:09:18,s_157_7_0,,iOS,2.4.0
3768,157,level_start,7,2026-08-08T13:09:45,s_157_7_0,,iOS,2.4.0
3769,157,level_fail,7,2026-08-08T13:12:55,s_157_7_0,,iOS,2.4.0
3770,157,level_start,8,2026-08-08T13:14:00,s_157_7_0,,iOS,2.4.0
3771,157,level_fail,8,2026-08-08T13:15:26,s_157_7_0,,iOS,2.4.0
3772,157,session_end,,2026-08-08T13:16:31,s_157_7_0,,iOS,2.4.0
2395,94,session_start,,2026-08-08T13:18:00,s_94_7_1,,iOS,2.4.0
2396,94,level_start,2,2026-08-08T13:19:05,s_94_7_1,,iOS,2.4.0
2397,94,level_complete,2,2026-08-08T13:20:47,s_94_7_1,,iOS,2.4.0
2398,94,session_end,,2026-08-08T13:21:38,s_94_7_1,,iOS,2.4.0
717,28,session_start,,2026-08-08T13:45:00,s_28_7_0,,iOS,2.4.0
718,28,level_start,5,2026-08-08T13:45:54,s_28_7_0,,iOS,2.4.0
719,28,level_fail,5,2026-08-08T13:48:35,s_28_7_0,,iOS,2.4.0
720,28,level_start,6,2026-08-08T13:49:07,s_28_7_0,,iOS,2.4.0
721,28,level_fail,6,2026-08-08T13:50:11,s_28_7_0,,iOS,2.4.0
722,28,level_start,7,2026-08-08T13:51:23,s_28_7_0,,iOS,2.4.0
1516,60,session_start,,2026-08-08T13:52:00,s_60_7_0,,Android,2.4.0
723,28,level_fail,7,2026-08-08T13:52:08,s_28_7_0,,iOS,2.4.0
1517,60,level_start,1,2026-08-08T13:52:44,s_60_7_0,,Android,2.4.0
724,28,session_end,,2026-08-08T13:54:01,s_28_7_0,,iOS,2.4.0
1518,60,level_fail,1,2026-08-08T13:55:10,s_60_7_0,,Android,2.4.0
1519,60,level_start,2,2026-08-08T13:55:30,s_60_7_0,,Android,2.4.0
1520,60,level_complete,2,2026-08-08T13:57:06,s_60_7_0,,Android,2.4.0
1521,60,level_start,3,2026-08-08T13:58:30,s_60_7_0,,Android,2.4.0
1522,60,level_complete,3,2026-08-08T13:59:27,s_60_7_0,,Android,2.4.0
1523,60,session_end,,2026-08-08T14:01:01,s_60_7_0,,Android,2.4.0
1871,73,session_start,,2026-08-08T14:15:00,s_73_7_0,,iOS,2.5.0
1872,73,level_start,1,2026-08-08T14:15:59,s_73_7_0,,iOS,2.5.0
471,20,session_start,,2026-08-08T14:19:00,s_20_7_0,,iOS,2.4.0
1873,73,level_complete,1,2026-08-08T14:19:03,s_73_7_0,,iOS,2.5.0
472,20,level_start,5,2026-08-08T14:19:42,s_20_7_0,,iOS,2.4.0
1874,73,session_end,,2026-08-08T14:19:59,s_73_7_0,,iOS,2.5.0
473,20,level_complete,5,2026-08-08T14:22:52,s_20_7_0,,iOS,2.4.0
474,20,level_start,6,2026-08-08T14:24:15,s_20_7_0,,iOS,2.4.0
475,20,level_fail,6,2026-08-08T14:24:57,s_20_7_0,,iOS,2.4.0
476,20,level_start,7,2026-08-08T14:26:05,s_20_7_0,,iOS,2.4.0
477,20,level_complete,7,2026-08-08T14:29:56,s_20_7_0,,iOS,2.4.0
478,20,session_end,,2026-08-08T14:31:55,s_20_7_0,,iOS,2.4.0
3393,142,session_start,,2026-08-08T14:45:00,s_142_7_0,,iOS,2.4.1
3394,142,level_start,3,2026-08-08T14:46:14,s_142_7_0,,iOS,2.4.1
3395,142,level_fail,3,2026-08-08T14:47:26,s_142_7_0,,iOS,2.4.1
3396,142,session_end,,2026-08-08T14:48:28,s_142_7_0,,iOS,2.4.1
2751,110,session_start,,2026-08-08T14:57:00,s_110_7_0,,Android,2.4.0
2752,110,level_start,1,2026-08-08T14:58:22,s_110_7_0,,Android,2.4.0
3008,122,session_start,,2026-08-08T15:01:00,s_122_7_0,,iOS,2.5.0
3009,122,level_start,2,2026-08-08T15:01:22,s_122_7_0,,iOS,2.5.0
2753,110,level_fail,1,2026-08-08T15:02:07,s_110_7_0,,Android,2.4.0
3010,122,level_complete,2,2026-08-08T15:03:00,s_122_7_0,,iOS,2.5.0
2754,110,level_start,2,2026-08-08T15:03:23,s_110_7_0,,Android,2.4.0
3011,122,level_start,3,2026-08-08T15:03:32,s_122_7_0,,iOS,2.5.0
2755,110,level_complete,2,2026-08-08T15:04:06,s_110_7_0,,Android,2.4.0
2756,110,session_end,,2026-08-08T15:04:42,s_110_7_0,,Android,2.4.0
3012,122,level_complete,3,2026-08-08T15:05:05,s_122_7_0,,iOS,2.5.0
3013,122,level_start,4,2026-08-08T15:05:41,s_122_7_0,,iOS,2.5.0
3014,122,level_complete,4,2026-08-08T15:07:28,s_122_7_0,,iOS,2.5.0
3015,122,level_start,5,2026-08-08T15:08:45,s_122_7_0,,iOS,2.5.0
3016,122,level_fail,5,2026-08-08T15:09:36,s_122_7_0,,iOS,2.5.0
3017,122,session_end,,2026-08-08T15:11:10,s_122_7_0,,iOS,2.5.0
2391,94,session_start,,2026-08-08T15:19:00,s_94_7_0,,iOS,2.4.0
2392,94,level_start,1,2026-08-08T15:19:41,s_94_7_0,,iOS,2.4.0
2393,94,level_complete,1,2026-08-08T15:23:33,s_94_7_0,,iOS,2.4.0
2394,94,session_end,,2026-08-08T15:25:04,s_94_7_0,,iOS,2.4.0
2479,98,session_start,,2026-08-08T16:12:00,s_98_7_0,,Android,2.4.1
2480,98,level_start,8,2026-08-08T16:12:41,s_98_7_0,,Android,2.4.1
2481,98,level_complete,8,2026-08-08T16:15:30,s_98_7_0,,Android,2.4.1
2482,98,level_start,9,2026-08-08T16:16:30,s_98_7_0,,Android,2.4.1
2483,98,level_fail,9,2026-08-08T16:19:55,s_98_7_0,,Android,2.4.1
2484,98,session_end,,2026-08-08T16:20:59,s_98_7_0,,Android,2.4.1
4009,165,session_start,,2026-08-08T16:48:00,s_165_7_0,,iOS,2.4.0
4010,165,level_start,11,2026-08-08T16:48:42,s_165_7_0,,iOS,2.4.0
4011,165,level_complete,11,2026-08-08T16:51:09,s_165_7_0,,iOS,2.4.0
4012,165,level_start,12,2026-08-08T16:51:51,s_165_7_0,,iOS,2.4.0
4013,165,level_complete,12,2026-08-08T16:54:42,s_165_7_0,,iOS,2.4.0
4014,165,level_start,13,2026-08-08T16:56:11,s_165_7_0,,iOS,2.4.0
4015,165,level_complete,13,2026-08-08T16:58:32,s_165_7_0,,iOS,2.4.0
4016,165,session_end,,2026-08-08T17:00:26,s_165_7_0,,iOS,2.4.0
2069,82,session_start,,2026-08-08T17:26:00,s_82_7_0,,iOS,2.5.0
2070,82,level_start,1,2026-08-08T17:27:30,s_82_7_0,,iOS,2.5.0
2071,82,level_fail,1,2026-08-08T17:28:40,s_82_7_0,,iOS,2.5.0
2072,82,session_end,,2026-08-08T17:29:59,s_82_7_0,,iOS,2.5.0
886,39,session_start,,2026-08-08T18:18:00,s_39_7_0,,iOS,2.4.0
4199,170,session_start,,2026-08-08T18:19:00,s_170_7_0,,iOS,2.5.0
887,39,level_start,13,2026-08-08T18:19:30,s_39_7_0,,iOS,2.4.0
4200,170,level_start,7,2026-08-08T18:20:19,s_170_7_0,,iOS,2.5.0
4201,170,level_fail,7,2026-08-08T18:21:16,s_170_7_0,,iOS,2.5.0
888,39,level_complete,13,2026-08-08T18:22:02,s_39_7_0,,iOS,2.4.0
4202,170,session_end,,2026-08-08T18:22:16,s_170_7_0,,iOS,2.5.0
889,39,level_start,14,2026-08-08T18:22:57,s_39_7_0,,iOS,2.4.0
890,39,level_complete,14,2026-08-08T18:25:05,s_39_7_0,,iOS,2.4.0
891,39,level_start,15,2026-08-08T18:25:50,s_39_7_0,,iOS,2.4.0
4175,169,session_start,,2026-08-08T18:28:00,s_169_7_1,,iOS,2.4.0
892,39,level_fail,15,2026-08-08T18:29:04,s_39_7_0,,iOS,2.4.0
4176,169,level_start,7,2026-08-08T18:29:21,s_169_7_1,,iOS,2.4.0
893,39,level_start,16,2026-08-08T18:30:31,s_39_7_0,,iOS,2.4.0
894,39,level_fail,16,2026-08-08T18:32:04,s_39_7_0,,iOS,2.4.0
4177,169,level_complete,7,2026-08-08T18:32:40,s_169_7_1,,iOS,2.4.0
895,39,session_end,,2026-08-08T18:33:43,s_39_7_0,,iOS,2.4.0
4178,169,session_end,,2026-08-08T18:33:45,s_169_7_1,,iOS,2.4.0
3083,123,session_start,,2026-08-08T18:35:00,s_123_7_0,,Android,2.5.0
3084,123,level_start,1,2026-08-08T18:36:14,s_123_7_0,,Android,2.5.0
3085,123,level_complete,1,2026-08-08T18:39:28,s_123_7_0,,Android,2.5.0
3086,123,level_start,2,2026-08-08T18:39:54,s_123_7_0,,Android,2.5.0
3087,123,level_complete,2,2026-08-08T18:41:46,s_123_7_0,,Android,2.5.0
3088,123,level_start,3,2026-08-08T18:42:58,s_123_7_0,,Android,2.5.0
3089,123,level_complete,3,2026-08-08T18:44:38,s_123_7_0,,Android,2.5.0
3090,123,session_end,,2026-08-08T18:46:11,s_123_7_0,,Android,2.5.0
3531,148,session_start,,2026-08-08T18:50:00,s_148_7_1,,Android,2.4.1
4145,168,session_start,,2026-08-08T18:50:00,s_168_7_1,,iOS,2.4.1
4146,168,level_start,1,2026-08-08T18:50:56,s_168_7_1,,iOS,2.4.1
3532,148,level_start,1,2026-08-08T18:51:14,s_148_7_1,,Android,2.4.1
4147,168,level_fail,1,2026-08-08T18:51:59,s_168_7_1,,iOS,2.4.1
4148,168,session_end,,2026-08-08T18:53:20,s_168_7_1,,iOS,2.4.1
3533,148,level_fail,1,2026-08-08T18:54:37,s_148_7_1,,Android,2.4.1
3534,148,session_end,,2026-08-08T18:55:14,s_148_7_1,,Android,2.4.1
954,43,session_start,,2026-08-08T19:01:00,s_43_7_0,,Android,2.4.1
955,43,level_start,1,2026-08-08T19:02:15,s_43_7_0,,Android,2.4.1
345,15,session_start,,2026-08-08T19:03:00,s_15_7_0,,iOS,2.4.0
956,43,level_complete,1,2026-08-08T19:03:25,s_43_7_0,,Android,2.4.1
346,15,level_start,11,2026-08-08T19:04:27,s_15_7_0,,iOS,2.4.0
957,43,level_start,2,2026-08-08T19:04:27,s_43_7_0,,Android,2.4.1
958,43,level_fail,2,2026-08-08T19:05:49,s_43_7_0,,Android,2.4.1
959,43,session_end,,2026-08-08T19:07:11,s_43_7_0,,Android,2.4.1
347,15,level_fail,11,2026-08-08T19:07:38,s_15_7_0,,iOS,2.4.0
348,15,level_start,12,2026-08-08T19:08:46,s_15_7_0,,iOS,2.4.0
349,15,level_fail,12,2026-08-08T19:09:53,s_15_7_0,,iOS,2.4.0
350,15,level_start,13,2026-08-08T19:10:44,s_15_7_0,,iOS,2.4.0
351,15,level_complete,13,2026-08-08T19:11:22,s_15_7_0,,iOS,2.4.0
352,15,level_start,14,2026-08-08T19:11:56,s_15_7_0,,iOS,2.4.0
353,15,level_complete,14,2026-08-08T19:13:14,s_15_7_0,,iOS,2.4.0
3923,162,session_start,,2026-08-08T19:14:00,s_162_7_0,,Android,2.5.0
354,15,session_end,,2026-08-08T19:14:24,s_15_7_0,,iOS,2.4.0
3924,162,level_start,9,2026-08-08T19:14:40,s_162_7_0,,Android,2.5.0
3925,162,level_complete,9,2026-08-08T19:17:18,s_162_7_0,,Android,2.5.0
3926,162,level_start,10,2026-08-08T19:18:44,s_162_7_0,,Android,2.5.0
3397,142,session_start,,2026-08-08T19:19:00,s_142_7_1,,iOS,2.4.1
3398,142,level_start,1,2026-08-08T19:20:12,s_142_7_1,,iOS,2.4.1
3927,162,level_complete,10,2026-08-08T19:22:30,s_162_7_0,,Android,2.5.0
3928,162,session_end,,2026-08-08T19:23:16,s_162_7_0,,Android,2.5.0
3399,142,level_fail,1,2026-08-08T19:23:54,s_142_7_1,,iOS,2.4.1
3400,142,level_start,2,2026-08-08T19:24:25,s_142_7_1,,iOS,2.4.1
3401,142,level_complete,2,2026-08-08T19:25:22,s_142_7_1,,iOS,2.4.1
3402,142,session_end,,2026-08-08T19:26:36,s_142_7_1,,iOS,2.4.1
2685,107,session_start,,2026-08-08T19:27:00,s_107_7_0,,iOS,2.5.0
2686,107,level_start,1,2026-08-08T19:27:53,s_107_7_0,,iOS,2.5.0
3523,148,session_start,,2026-08-08T19:30:00,s_148_7_0,,Android,2.4.1
2687,107,level_complete,1,2026-08-08T19:30:32,s_107_7_0,,iOS,2.5.0
3524,148,level_start,1,2026-08-08T19:30:46,s_148_7_0,,Android,2.4.1
2688,107,session_end,,2026-08-08T19:31:55,s_107_7_0,,iOS,2.5.0
3525,148,level_complete,1,2026-08-08T19:32:11,s_148_7_0,,Android,2.4.1
3526,148,level_start,2,2026-08-08T19:32:56,s_148_7_0,,Android,2.4.1
960,43,session_start,,2026-08-08T19:35:00,s_43_7_1,,Android,2.4.1
961,43,level_start,1,2026-08-08T19:35:58,s_43_7_1,,Android,2.4.1
3527,148,level_complete,2,2026-08-08T19:36:34,s_148_7_0,,Android,2.4.1
962,43,level_complete,1,2026-08-08T19:37:28,s_43_7_1,,Android,2.4.1
3528,148,level_start,3,2026-08-08T19:37:40,s_148_7_0,,Android,2.4.1
963,43,session_end,,2026-08-08T19:38:48,s_43_7_1,,Android,2.4.1
3529,148,level_fail,3,2026-08-08T19:41:15,s_148_7_0,,Android,2.4.1
3530,148,session_end,,2026-08-08T19:41:58,s_148_7_0,,Android,2.4.1
4017,165,session_start,,2026-08-08T19:43:00,s_165_7_1,,iOS,2.4.0
4018,165,level_start,8,2026-08-08T19:43:32,s_165_7_1,,iOS,2.4.0
4019,165,level_fail,8,2026-08-08T19:44:24,s_165_7_1,,iOS,2.4.0
4020,165,level_start,9,2026-08-08T19:44:57,s_165_7_1,,iOS,2.4.0
4021,165,level_complete,9,2026-08-08T19:45:49,s_165_7_1,,iOS,2.4.0
4022,165,level_start,10,2026-08-08T19:47:01,s_165_7_1,,iOS,2.4.0
4023,165,level_complete,10,2026-08-08T19:47:57,s_165_7_1,,iOS,2.4.0
4024,165,level_start,11,2026-08-08T19:49:26,s_165_7_1,,iOS,2.4.0
4025,165,level_fail,11,2026-08-08T19:50:21,s_165_7_1,,iOS,2.4.0
4026,165,session_end,,2026-08-08T19:51:55,s_165_7_1,,iOS,2.4.0
161,8,session_start,,2026-08-08T19:54:00,s_8_7_0,,Android,2.5.0
162,8,level_start,5,2026-08-08T19:54:30,s_8_7_0,,Android,2.5.0
163,8,level_complete,5,2026-08-08T19:58:15,s_8_7_0,,Android,2.5.0
164,8,session_end,,2026-08-08T19:59:42,s_8_7_0,,Android,2.5.0
1897,75,session_start,,2026-08-08T20:00:00,s_75_7_0,,Android,2.4.0
1898,75,level_start,1,2026-08-08T20:00:48,s_75_7_0,,Android,2.4.0
1899,75,level_complete,1,2026-08-08T20:04:28,s_75_7_0,,Android,2.4.0
1900,75,session_end,,2026-08-08T20:05:23,s_75_7_0,,Android,2.4.0
3873,160,session_start,,2026-08-08T20:11:00,s_160_7_0,,iOS,2.4.1
3874,160,level_start,7,2026-08-08T20:12:27,s_160_7_0,,iOS,2.4.1
1901,75,session_start,,2026-08-08T20:13:00,s_75_7_1,,Android,2.4.0
1902,75,level_start,2,2026-08-08T20:14:16,s_75_7_1,,Android,2.4.0
3875,160,level_fail,7,2026-08-08T20:15:55,s_160_7_0,,iOS,2.4.1
3876,160,level_start,8,2026-08-08T20:17:15,s_160_7_0,,iOS,2.4.1
1903,75,level_complete,2,2026-08-08T20:17:23,s_75_7_1,,Android,2.4.0
1904,75,session_end,,2026-08-08T20:18:34,s_75_7_1,,Android,2.4.0
3877,160,level_fail,8,2026-08-08T20:19:30,s_160_7_0,,iOS,2.4.1
3878,160,level_start,9,2026-08-08T20:20:46,s_160_7_0,,iOS,2.4.1
3879,160,level_complete,9,2026-08-08T20:24:36,s_160_7_0,,iOS,2.4.1
3880,160,level_start,10,2026-08-08T20:24:57,s_160_7_0,,iOS,2.4.1
325,13,session_start,,2026-08-08T20:25:00,s_13_7_0,,iOS,2.4.1
326,13,level_start,1,2026-08-08T20:26:11,s_13_7_0,,iOS,2.4.1
3881,160,level_complete,10,2026-08-08T20:26:40,s_160_7_0,,iOS,2.4.1
327,13,level_complete,1,2026-08-08T20:26:54,s_13_7_0,,iOS,2.4.1
3882,160,session_end,,2026-08-08T20:27:17,s_160_7_0,,iOS,2.4.1
328,13,session_end,,2026-08-08T20:27:48,s_13_7_0,,iOS,2.4.1
2221,89,session_start,,2026-08-08T20:49:00,s_89_7_1,,iOS,2.4.0
2222,89,level_start,1,2026-08-08T20:49:42,s_89_7_1,,iOS,2.4.0
2223,89,level_complete,1,2026-08-08T20:52:33,s_89_7_1,,iOS,2.4.0
2224,89,session_end,,2026-08-08T20:53:52,s_89_7_1,,iOS,2.4.0
467,19,session_start,,2026-08-08T20:55:00,s_19_7_0,,Android,2.5.0
468,19,level_start,2,2026-08-08T20:56:24,s_19_7_0,,Android,2.5.0
469,19,level_complete,2,2026-08-08T20:58:08,s_19_7_0,,Android,2.5.0
2427,95,session_start,,2026-08-08T20:59:00,s_95_7_0,,Android,2.4.1
2428,95,level_start,7,2026-08-08T20:59:22,s_95_7_0,,Android,2.4.1
470,19,session_end,,2026-08-08T20:59:51,s_19_7_0,,Android,2.5.0
2429,95,level_complete,7,2026-08-08T21:00:13,s_95_7_0,,Android,2.4.1
2430,95,level_start,8,2026-08-08T21:01:30,s_95_7_0,,Android,2.4.1
2431,95,level_complete,8,2026-08-08T21:04:53,s_95_7_0,,Android,2.4.1
2432,95,level_start,9,2026-08-08T21:05:24,s_95_7_0,,Android,2.4.1
2433,95,level_complete,9,2026-08-08T21:08:05,s_95_7_0,,Android,2.4.1
2434,95,session_end,,2026-08-08T21:09:37,s_95_7_0,,Android,2.4.1
1437,58,session_start,,2026-08-08T22:46:00,s_58_7_0,,Android,2.4.1
1438,58,level_start,2,2026-08-08T22:46:47,s_58_7_0,,Android,2.4.1
4427,178,session_start,,2026-08-08T22:48:00,s_178_7_1,,iOS,2.4.0
1439,58,level_complete,2,2026-08-08T22:49:11,s_58_7_0,,Android,2.4.1
4428,178,level_start,7,2026-08-08T22:49:23,s_178_7_1,,iOS,2.4.0
4429,178,level_fail,7,2026-08-08T22:50:11,s_178_7_1,,iOS,2.4.0
1440,58,level_start,3,2026-08-08T22:50:31,s_58_7_0,,Android,2.4.1
4430,178,session_end,,2026-08-08T22:51:59,s_178_7_1,,iOS,2.4.0
1441,58,level_complete,3,2026-08-08T22:53:04,s_58_7_0,,Android,2.4.1
1442,58,level_start,4,2026-08-08T22:54:16,s_58_7_0,,Android,2.4.1
1443,58,level_complete,4,2026-08-08T22:57:19,s_58_7_0,,Android,2.4.1
4419,178,session_start,,2026-08-08T22:58:00,s_178_7_0,,iOS,2.4.0
4420,178,level_start,6,2026-08-08T22:58:24,s_178_7_0,,iOS,2.4.0
1444,58,session_end,,2026-08-08T22:59:03,s_58_7_0,,Android,2.4.1
4421,178,level_complete,6,2026-08-08T23:00:20,s_178_7_0,,iOS,2.4.0
4422,178,level_start,7,2026-08-08T23:01:05,s_178_7_0,,iOS,2.4.0
4423,178,level_fail,7,2026-08-08T23:03:00,s_178_7_0,,iOS,2.4.0
4424,178,level_start,8,2026-08-08T23:03:27,s_178_7_0,,iOS,2.4.0
4425,178,level_complete,8,2026-08-08T23:04:32,s_178_7_0,,iOS,2.4.0
4426,178,session_end,,2026-08-08T23:05:44,s_178_7_0,,iOS,2.4.0
3323,140,session_start,,2026-08-09T08:08:00,s_140_8_0,,iOS,2.4.0
3324,140,level_start,1,2026-08-09T08:08:57,s_140_8_0,,iOS,2.4.0
1957,77,session_start,,2026-08-09T08:09:00,s_77_8_0,,iOS,2.5.0
1958,77,level_start,1,2026-08-09T08:10:02,s_77_8_0,,iOS,2.5.0
3325,140,level_complete,1,2026-08-09T08:10:18,s_140_8_0,,iOS,2.4.0
1959,77,level_complete,1,2026-08-09T08:10:54,s_77_8_0,,iOS,2.5.0
3326,140,level_start,2,2026-08-09T08:11:04,s_140_8_0,,iOS,2.4.0
1960,77,session_end,,2026-08-09T08:12:17,s_77_8_0,,iOS,2.5.0
3327,140,level_complete,2,2026-08-09T08:14:18,s_140_8_0,,iOS,2.4.0
3328,140,session_end,,2026-08-09T08:16:04,s_140_8_0,,iOS,2.4.0
2844,115,session_start,,2026-08-09T08:31:00,s_115_8_0,,iOS,2.4.0
1064,46,session_start,,2026-08-09T08:32:00,s_46_8_0,,Android,2.5.0
2845,115,level_start,1,2026-08-09T08:32:25,s_115_8_0,,iOS,2.4.0
1065,46,level_start,15,2026-08-09T08:32:58,s_46_8_0,,Android,2.5.0
2846,115,level_complete,1,2026-08-09T08:35:26,s_115_8_0,,iOS,2.4.0
1066,46,level_complete,15,2026-08-09T08:36:23,s_46_8_0,,Android,2.5.0
1067,46,level_start,16,2026-08-09T08:36:51,s_46_8_0,,Android,2.5.0
2847,115,session_end,,2026-08-09T08:36:58,s_115_8_0,,iOS,2.4.0
1068,46,level_fail,16,2026-08-09T08:38:47,s_46_8_0,,Android,2.5.0
531,22,session_start,,2026-08-09T08:39:00,s_22_8_0,,Android,2.4.0
532,22,level_start,1,2026-08-09T08:39:22,s_22_8_0,,Android,2.4.0
1069,46,level_start,17,2026-08-09T08:39:48,s_46_8_0,,Android,2.5.0
533,22,level_complete,1,2026-08-09T08:39:53,s_22_8_0,,Android,2.4.0
534,22,session_end,,2026-08-09T08:41:15,s_22_8_0,,Android,2.4.0
1070,46,level_complete,17,2026-08-09T08:41:28,s_46_8_0,,Android,2.5.0
1071,46,session_end,,2026-08-09T08:43:21,s_46_8_0,,Android,2.5.0
2936,118,session_start,,2026-08-09T08:48:00,s_118_8_1,,iOS,2.4.1
2937,118,level_start,1,2026-08-09T08:48:58,s_118_8_1,,iOS,2.4.1
2938,118,level_complete,1,2026-08-09T08:51:54,s_118_8_1,,iOS,2.4.1
2939,118,session_end,,2026-08-09T08:53:22,s_118_8_1,,iOS,2.4.1
4376,175,session_start,,2026-08-09T09:02:00,s_175_8_0,,iOS,2.4.1
4377,175,level_start,1,2026-08-09T09:02:49,s_175_8_0,,iOS,2.4.1
4378,175,level_complete,1,2026-08-09T09:03:43,s_175_8_0,,iOS,2.4.1
4337,174,session_start,,2026-08-09T09:04:00,s_174_8_0,,iOS,2.5.0
4338,174,level_start,4,2026-08-09T09:04:35,s_174_8_0,,iOS,2.5.0
4379,175,session_end,,2026-08-09T09:05:16,s_175_8_0,,iOS,2.4.1
4339,174,level_complete,4,2026-08-09T09:07:18,s_174_8_0,,iOS,2.5.0
4340,174,purchase,,2026-08-09T09:07:58,s_174_8_0,0.99,iOS,2.5.0
13,2,session_start,,2026-08-09T09:08:00,s_2_8_0,,Android,2.4.0
14,2,level_start,4,2026-08-09T09:09:08,s_2_8_0,,Android,2.4.0
4341,174,session_end,,2026-08-09T09:09:32,s_174_8_0,,iOS,2.5.0
15,2,level_complete,4,2026-08-09T09:12:10,s_2_8_0,,Android,2.4.0
16,2,level_start,5,2026-08-09T09:13:28,s_2_8_0,,Android,2.4.0
17,2,level_complete,5,2026-08-09T09:16:07,s_2_8_0,,Android,2.4.0
18,2,level_start,6,2026-08-09T09:16:39,s_2_8_0,,Android,2.4.0
19,2,level_complete,6,2026-08-09T09:20:32,s_2_8_0,,Android,2.4.0
20,2,session_end,,2026-08-09T09:22:25,s_2_8_0,,Android,2.4.0
2485,98,session_start,,2026-08-09T09:34:00,s_98_8_0,,Android,2.4.1
2486,98,level_start,6,2026-08-09T09:34:21,s_98_8_0,,Android,2.4.1
1148,47,session_start,,2026-08-09T09:35:00,s_47_8_0,,iOS,2.4.1
2487,98,level_complete,6,2026-08-09T09:35:26,s_98_8_0,,Android,2.4.1
1149,47,level_start,9,2026-08-09T09:35:39,s_47_8_0,,iOS,2.4.1
2488,98,level_start,7,2026-08-09T09:36:33,s_98_8_0,,Android,2.4.1
1150,47,level_fail,9,2026-08-09T09:37:01,s_47_8_0,,iOS,2.4.1
1151,47,level_start,10,2026-08-09T09:37:22,s_47_8_0,,iOS,2.4.1
1152,47,level_complete,10,2026-08-09T09:39:09,s_47_8_0,,iOS,2.4.1
1153,47,level_start,11,2026-08-09T09:39:41,s_47_8_0,,iOS,2.4.1
2489,98,level_complete,7,2026-08-09T09:40:22,s_98_8_0,,Android,2.4.1
2490,98,level_start,8,2026-08-09T09:41:25,s_98_8_0,,Android,2.4.1
2491,98,level_complete,8,2026-08-09T09:42:36,s_98_8_0,,Android,2.4.1
1154,47,level_complete,11,2026-08-09T09:43:00,s_47_8_0,,iOS,2.4.1
2492,98,session_end,,2026-08-09T09:43:25,s_98_8_0,,Android,2.4.1
1155,47,session_end,,2026-08-09T09:44:49,s_47_8_0,,iOS,2.4.1
2553,102,session_start,,2026-08-09T09:47:00,s_102_8_0,,Android,2.4.1
2554,102,level_start,3,2026-08-09T09:48:23,s_102_8_0,,Android,2.4.1
2555,102,level_complete,3,2026-08-09T09:51:46,s_102_8_0,,Android,2.4.1
2556,102,session_end,,2026-08-09T09:52:38,s_102_8_0,,Android,2.4.1
2771,111,session_start,,2026-08-09T10:01:00,s_111_8_0,,iOS,2.4.0
2772,111,level_start,7,2026-08-09T10:02:21,s_111_8_0,,iOS,2.4.0
2773,111,level_complete,7,2026-08-09T10:04:47,s_111_8_0,,iOS,2.4.0
2774,111,session_end,,2026-08-09T10:05:51,s_111_8_0,,iOS,2.4.0
4089,166,session_start,,2026-08-09T10:19:00,s_166_8_0,,iOS,2.4.0
4090,166,level_start,5,2026-08-09T10:19:24,s_166_8_0,,iOS,2.4.0
4091,166,level_fail,5,2026-08-09T10:20:24,s_166_8_0,,iOS,2.4.0
4092,166,session_end,,2026-08-09T10:21:38,s_166_8_0,,iOS,2.4.0
2025,80,session_start,,2026-08-09T10:49:00,s_80_8_0,,iOS,2.5.0
2026,80,level_start,2,2026-08-09T10:49:46,s_80_8_0,,iOS,2.5.0
2027,80,level_complete,2,2026-08-09T10:53:21,s_80_8_0,,iOS,2.5.0
2028,80,session_end,,2026-08-09T10:54:40,s_80_8_0,,iOS,2.5.0
3131,127,session_start,,2026-08-09T11:42:00,s_127_8_0,,Android,2.5.0
3132,127,level_start,1,2026-08-09T11:43:02,s_127_8_0,,Android,2.5.0
3133,127,level_complete,1,2026-08-09T11:46:00,s_127_8_0,,Android,2.5.0
3134,127,session_end,,2026-08-09T11:47:12,s_127_8_0,,Android,2.5.0
3929,162,session_start,,2026-08-09T12:23:00,s_162_8_0,,Android,2.5.0
3930,162,level_start,8,2026-08-09T12:24:09,s_162_8_0,,Android,2.5.0
3931,162,level_complete,8,2026-08-09T12:25:40,s_162_8_0,,Android,2.5.0
3932,162,level_start,9,2026-08-09T12:26:09,s_162_8_0,,Android,2.5.0
3933,162,level_complete,9,2026-08-09T12:27:18,s_162_8_0,,Android,2.5.0
3934,162,level_start,10,2026-08-09T12:28:41,s_162_8_0,,Android,2.5.0
3935,162,level_fail,10,2026-08-09T12:29:35,s_162_8_0,,Android,2.5.0
3936,162,level_start,11,2026-08-09T12:30:13,s_162_8_0,,Android,2.5.0
3937,162,level_fail,11,2026-08-09T12:33:59,s_162_8_0,,Android,2.5.0
3938,162,session_end,,2026-08-09T12:35:39,s_162_8_0,,Android,2.5.0
798,33,session_start,,2026-08-09T12:42:00,s_33_8_0,,Android,2.4.0
799,33,level_start,9,2026-08-09T12:42:21,s_33_8_0,,Android,2.4.0
800,33,level_complete,9,2026-08-09T12:45:52,s_33_8_0,,Android,2.4.0
801,33,level_start,10,2026-08-09T12:46:13,s_33_8_0,,Android,2.4.0
3403,142,session_start,,2026-08-09T12:47:00,s_142_8_0,,iOS,2.4.1
802,33,level_complete,10,2026-08-09T12:47:24,s_33_8_0,,Android,2.4.0
3404,142,level_start,1,2026-08-09T12:47:59,s_142_8_0,,iOS,2.4.1
3405,142,level_fail,1,2026-08-09T12:48:30,s_142_8_0,,iOS,2.4.1
803,33,session_end,,2026-08-09T12:48:38,s_33_8_0,,Android,2.4.0
3406,142,session_end,,2026-08-09T12:50:02,s_142_8_0,,iOS,2.4.1
4431,178,session_start,,2026-08-09T13:04:00,s_178_8_0,,iOS,2.4.0
4432,178,level_start,5,2026-08-09T13:05:30,s_178_8_0,,iOS,2.4.0
4433,178,level_fail,5,2026-08-09T13:08:02,s_178_8_0,,iOS,2.4.0
4434,178,level_start,6,2026-08-09T13:08:56,s_178_8_0,,iOS,2.4.0
4435,178,level_complete,6,2026-08-09T13:12:31,s_178_8_0,,iOS,2.4.0
4436,178,level_start,7,2026-08-09T13:12:55,s_178_8_0,,iOS,2.4.0
4437,178,level_complete,7,2026-08-09T13:15:32,s_178_8_0,,iOS,2.4.0
4438,178,level_start,8,2026-08-09T13:16:36,s_178_8_0,,iOS,2.4.0
1636,66,session_start,,2026-08-09T13:18:00,s_66_8_1,,Android,2.5.0
4439,178,level_complete,8,2026-08-09T13:18:56,s_178_8_0,,iOS,2.4.0
415,17,session_start,,2026-08-09T13:19:00,s_17_8_0,,Android,2.4.0
1637,66,level_start,12,2026-08-09T13:19:22,s_66_8_1,,Android,2.5.0
4440,178,session_end,,2026-08-09T13:19:55,s_178_8_0,,iOS,2.4.0
416,17,level_start,4,2026-08-09T13:20:06,s_17_8_0,,Android,2.4.0
1638,66,level_complete,12,2026-08-09T13:23:05,s_66_8_1,,Android,2.5.0
1639,66,level_start,13,2026-08-09T13:23:26,s_66_8_1,,Android,2.5.0
417,17,level_complete,4,2026-08-09T13:23:33,s_17_8_0,,Android,2.4.0
418,17,session_end,,2026-08-09T13:25:02,s_17_8_0,,Android,2.4.0
1640,66,level_complete,13,2026-08-09T13:27:12,s_66_8_1,,Android,2.5.0
1641,66,level_start,14,2026-08-09T13:28:09,s_66_8_1,,Android,2.5.0
653,25,session_start,,2026-08-09T13:30:00,s_25_8_0,,iOS,2.4.0
1642,66,level_complete,14,2026-08-09T13:31:11,s_66_8_1,,Android,2.5.0
654,25,level_start,13,2026-08-09T13:31:17,s_25_8_0,,iOS,2.4.0
1643,66,level_start,15,2026-08-09T13:31:31,s_66_8_1,,Android,2.5.0
655,25,level_complete,13,2026-08-09T13:33:08,s_25_8_0,,iOS,2.4.0
656,25,purchase,,2026-08-09T13:34:03,s_25_8_0,0.99,iOS,2.4.0
1644,66,level_complete,15,2026-08-09T13:34:21,s_66_8_1,,Android,2.5.0
657,25,session_end,,2026-08-09T13:34:35,s_25_8_0,,iOS,2.4.0
1645,66,session_end,,2026-08-09T13:35:43,s_66_8_1,,Android,2.5.0
3115,125,session_start,,2026-08-09T13:41:00,s_125_8_0,,iOS,2.5.0
3116,125,level_start,1,2026-08-09T13:42:26,s_125_8_0,,iOS,2.5.0
3117,125,level_complete,1,2026-08-09T13:44:20,s_125_8_0,,iOS,2.5.0
3118,125,session_end,,2026-08-09T13:45:03,s_125_8_0,,iOS,2.5.0
479,20,session_start,,2026-08-09T14:09:00,s_20_8_0,,iOS,2.4.0
480,20,level_start,2,2026-08-09T14:09:43,s_20_8_0,,iOS,2.4.0
481,20,level_complete,2,2026-08-09T14:13:26,s_20_8_0,,iOS,2.4.0
482,20,level_start,3,2026-08-09T14:14:16,s_20_8_0,,iOS,2.4.0
483,20,level_complete,3,2026-08-09T14:15:43,s_20_8_0,,iOS,2.4.0
484,20,level_start,4,2026-08-09T14:16:21,s_20_8_0,,iOS,2.4.0
485,20,level_complete,4,2026-08-09T14:20:17,s_20_8_0,,iOS,2.4.0
486,20,session_end,,2026-08-09T14:20:54,s_20_8_0,,iOS,2.4.0
4311,173,session_start,,2026-08-09T14:29:00,s_173_8_0,,iOS,2.5.0
4312,173,level_start,1,2026-08-09T14:30:19,s_173_8_0,,iOS,2.5.0
4313,173,level_fail,1,2026-08-09T14:30:56,s_173_8_0,,iOS,2.5.0
4314,173,session_end,,2026-08-09T14:31:29,s_173_8_0,,iOS,2.5.0
2339,92,session_start,,2026-08-09T15:29:00,s_92_8_0,,Android,2.4.0
2340,92,level_start,1,2026-08-09T15:29:43,s_92_8_0,,Android,2.4.0
2341,92,level_fail,1,2026-08-09T15:33:35,s_92_8_0,,Android,2.4.0
2342,92,session_end,,2026-08-09T15:35:25,s_92_8_0,,Android,2.4.0
2689,107,session_start,,2026-08-09T15:44:00,s_107_8_0,,iOS,2.5.0
2690,107,level_start,1,2026-08-09T15:44:43,s_107_8_0,,iOS,2.5.0
2691,107,level_complete,1,2026-08-09T15:47:54,s_107_8_0,,iOS,2.5.0
2692,107,session_end,,2026-08-09T15:49:46,s_107_8_0,,iOS,2.5.0
984,44,session_start,,2026-08-09T16:03:00,s_44_8_0,,iOS,2.4.0
985,44,level_start,1,2026-08-09T16:04:28,s_44_8_0,,iOS,2.4.0
2932,118,session_start,,2026-08-09T16:07:00,s_118_8_0,,iOS,2.4.1
986,44,level_fail,1,2026-08-09T16:07:53,s_44_8_0,,iOS,2.4.0
2933,118,level_start,2,2026-08-09T16:07:53,s_118_8_0,,iOS,2.4.1
987,44,session_end,,2026-08-09T16:09:23,s_44_8_0,,iOS,2.4.0
2934,118,level_complete,2,2026-08-09T16:11:03,s_118_8_0,,iOS,2.4.1
2935,118,session_end,,2026-08-09T16:11:48,s_118_8_0,,iOS,2.4.1
2872,116,session_start,,2026-08-09T16:14:00,s_116_8_0,,iOS,2.4.0
2873,116,level_start,1,2026-08-09T16:15:03,s_116_8_0,,iOS,2.4.0
2874,116,level_complete,1,2026-08-09T16:18:53,s_116_8_0,,iOS,2.4.0
2875,116,session_end,,2026-08-09T16:19:28,s_116_8_0,,iOS,2.4.0
487,20,session_start,,2026-08-09T16:26:00,s_20_8_1,,iOS,2.4.0
488,20,level_start,3,2026-08-09T16:27:09,s_20_8_1,,iOS,2.4.0
489,20,level_complete,3,2026-08-09T16:28:41,s_20_8_1,,iOS,2.4.0
490,20,level_start,4,2026-08-09T16:29:43,s_20_8_1,,iOS,2.4.0
491,20,level_complete,4,2026-08-09T16:32:58,s_20_8_1,,iOS,2.4.0
492,20,level_start,5,2026-08-09T16:34:15,s_20_8_1,,iOS,2.4.0
493,20,level_complete,5,2026-08-09T16:36:19,s_20_8_1,,iOS,2.4.0
494,20,level_start,6,2026-08-09T16:37:03,s_20_8_1,,iOS,2.4.0
495,20,level_complete,6,2026-08-09T16:37:46,s_20_8_1,,iOS,2.4.0
496,20,session_end,,2026-08-09T16:39:42,s_20_8_1,,iOS,2.4.0
3809,159,session_start,,2026-08-09T16:56:00,s_159_8_0,,iOS,2.4.1
3810,159,level_start,1,2026-08-09T16:56:20,s_159_8_0,,iOS,2.4.1
3811,159,level_complete,1,2026-08-09T16:57:47,s_159_8_0,,iOS,2.4.1
3812,159,session_end,,2026-08-09T16:59:11,s_159_8_0,,iOS,2.4.1
2147,86,session_start,,2026-08-09T17:11:00,s_86_8_0,,Android,2.4.1
3645,151,session_start,,2026-08-09T17:12:00,s_151_8_1,,Android,2.4.1
2148,86,level_start,4,2026-08-09T17:12:07,s_86_8_0,,Android,2.4.1
3646,151,level_start,8,2026-08-09T17:13:28,s_151_8_1,,Android,2.4.1
2149,86,level_complete,4,2026-08-09T17:16:03,s_86_8_0,,Android,2.4.1
2150,86,level_start,5,2026-08-09T17:16:53,s_86_8_0,,Android,2.4.1
3647,151,level_complete,8,2026-08-09T17:17:09,s_151_8_1,,Android,2.4.1
3648,151,session_end,,2026-08-09T17:19:03,s_151_8_1,,Android,2.4.1
2151,86,level_complete,5,2026-08-09T17:19:27,s_86_8_0,,Android,2.4.1
2152,86,session_end,,2026-08-09T17:21:04,s_86_8_0,,Android,2.4.1
287,12,session_start,,2026-08-09T17:37:00,s_12_8_0,,Android,2.5.0
2435,95,session_start,,2026-08-09T17:38:00,s_95_8_0,,Android,2.4.1
288,12,level_start,3,2026-08-09T17:38:03,s_12_8_0,,Android,2.5.0
2436,95,level_start,8,2026-08-09T17:39:10,s_95_8_0,,Android,2.4.1
2437,95,level_fail,8,2026-08-09T17:40:17,s_95_8_0,,Android,2.4.1
289,12,level_complete,3,2026-08-09T17:40:57,s_12_8_0,,Android,2.5.0
1794,71,session_start,,2026-08-09T17:41:00,s_71_8_0,,Android,2.4.1
290,12,level_start,4,2026-08-09T17:41:20,s_12_8_0,,Android,2.5.0
2438,95,session_end,,2026-08-09T17:41:41,s_95_8_0,,Android,2.4.1
1795,71,level_start,9,2026-08-09T17:42:08,s_71_8_0,,Android,2.4.1
291,12,level_complete,4,2026-08-09T17:42:10,s_12_8_0,,Android,2.5.0
1796,71,level_fail,9,2026-08-09T17:42:58,s_71_8_0,,Android,2.4.1
1156,47,session_start,,2026-08-09T17:44:00,s_47_8_1,,iOS,2.4.1
1797,71,level_start,10,2026-08-09T17:44:00,s_71_8_0,,Android,2.4.1
292,12,session_end,,2026-08-09T17:44:02,s_12_8_0,,Android,2.5.0
1157,47,level_start,10,2026-08-09T17:44:33,s_47_8_1,,iOS,2.4.1
1798,71,level_fail,10,2026-08-09T17:45:59,s_71_8_0,,Android,2.4.1
1158,47,level_fail,10,2026-08-09T17:47:13,s_47_8_1,,iOS,2.4.1
1799,71,level_start,11,2026-08-09T17:47:14,s_71_8_0,,Android,2.4.1
1159,47,level_start,11,2026-08-09T17:47:48,s_47_8_1,,iOS,2.4.1
3883,160,session_start,,2026-08-09T17:48:00,s_160_8_0,,iOS,2.4.1
3884,160,level_start,9,2026-08-09T17:48:21,s_160_8_0,,iOS,2.4.1
1160,47,level_complete,11,2026-08-09T17:49:30,s_47_8_1,,iOS,2.4.1
1800,71,level_fail,11,2026-08-09T17:49:30,s_71_8_0,,Android,2.4.1
1161,47,session_end,,2026-08-09T17:50:13,s_47_8_1,,iOS,2.4.1
1801,71,session_end,,2026-08-09T17:50:15,s_71_8_0,,Android,2.4.1
3885,160,level_fail,9,2026-08-09T17:50:32,s_160_8_0,,iOS,2.4.1
3886,160,level_start,10,2026-08-09T17:51:50,s_160_8_0,,iOS,2.4.1
3887,160,level_fail,10,2026-08-09T17:54:41,s_160_8_0,,iOS,2.4.1
3888,160,session_end,,2026-08-09T17:55:44,s_160_8_0,,iOS,2.4.1
3639,151,session_start,,2026-08-09T18:32:00,s_151_8_0,,Android,2.4.1
3640,151,level_start,7,2026-08-09T18:33:23,s_151_8_0,,Android,2.4.1
3641,151,level_complete,7,2026-08-09T18:36:04,s_151_8_0,,Android,2.4.1
2265,91,session_start,,2026-08-09T18:37:00,s_91_8_1,,Android,2.5.0
3642,151,level_start,8,2026-08-09T18:37:32,s_151_8_0,,Android,2.4.1
2266,91,level_start,1,2026-08-09T18:38:20,s_91_8_1,,Android,2.5.0
3643,151,level_complete,8,2026-08-09T18:41:00,s_151_8_0,,Android,2.4.1
3644,151,session_end,,2026-08-09T18:41:31,s_151_8_0,,Android,2.4.1
2267,91,level_complete,1,2026-08-09T18:41:47,s_91_8_1,,Android,2.5.0
2653,105,session_start,,2026-08-09T18:42:00,s_105_8_0,,Android,2.4.0
2268,91,purchase,,2026-08-09T18:42:14,s_91_8_1,19.99,Android,2.5.0
2654,105,level_start,11,2026-08-09T18:42:37,s_105_8_0,,Android,2.4.0
2269,91,session_end,,2026-08-09T18:43:41,s_91_8_1,,Android,2.5.0
2655,105,level_complete,11,2026-08-09T18:44:07,s_105_8_0,,Android,2.4.0
2656,105,session_end,,2026-08-09T18:45:41,s_105_8_0,,Android,2.4.0
1626,66,session_start,,2026-08-09T18:47:00,s_66_8_0,,Android,2.5.0
1627,66,level_start,10,2026-08-09T18:48:04,s_66_8_0,,Android,2.5.0
1628,66,level_complete,10,2026-08-09T18:50:37,s_66_8_0,,Android,2.5.0
1629,66,level_start,11,2026-08-09T18:51:08,s_66_8_0,,Android,2.5.0
1630,66,level_complete,11,2026-08-09T18:53:31,s_66_8_0,,Android,2.5.0
1631,66,level_start,12,2026-08-09T18:54:43,s_66_8_0,,Android,2.5.0
1632,66,level_complete,12,2026-08-09T18:56:19,s_66_8_0,,Android,2.5.0
1633,66,level_start,13,2026-08-09T18:56:40,s_66_8_0,,Android,2.5.0
1634,66,level_complete,13,2026-08-09T18:57:10,s_66_8_0,,Android,2.5.0
1635,66,session_end,,2026-08-09T18:57:57,s_66_8_0,,Android,2.5.0
2599,104,session_start,,2026-08-09T19:43:00,s_104_8_0,,iOS,2.4.1
2600,104,level_start,1,2026-08-09T19:44:23,s_104_8_0,,iOS,2.4.1
2601,104,level_complete,1,2026-08-09T19:47:01,s_104_8_0,,iOS,2.4.1
2602,104,session_end,,2026-08-09T19:48:56,s_104_8_0,,iOS,2.4.1
725,28,session_start,,2026-08-09T19:55:00,s_28_8_0,,iOS,2.4.0
726,28,level_start,7,2026-08-09T19:55:38,s_28_8_0,,iOS,2.4.0
727,28,level_complete,7,2026-08-09T19:59:10,s_28_8_0,,iOS,2.4.0
728,28,level_start,8,2026-08-09T20:00:01,s_28_8_0,,iOS,2.4.0
729,28,level_fail,8,2026-08-09T20:03:45,s_28_8_0,,iOS,2.4.0
730,28,session_end,,2026-08-09T20:05:05,s_28_8_0,,iOS,2.4.0
3018,122,session_start,,2026-08-09T20:09:00,s_122_8_0,,iOS,2.5.0
3019,122,level_start,3,2026-08-09T20:09:51,s_122_8_0,,iOS,2.5.0
2261,91,session_start,,2026-08-09T20:10:00,s_91_8_0,,Android,2.5.0
2262,91,level_start,1,2026-08-09T20:10:30,s_91_8_0,,Android,2.5.0
2263,91,level_complete,1,2026-08-09T20:11:01,s_91_8_0,,Android,2.5.0
3020,122,level_fail,3,2026-08-09T20:12:38,s_122_8_0,,iOS,2.5.0
2264,91,session_end,,2026-08-09T20:13:01,s_91_8_0,,Android,2.5.0
3021,122,level_start,4,2026-08-09T20:13:55,s_122_8_0,,iOS,2.5.0
3022,122,level_complete,4,2026-08-09T20:14:35,s_122_8_0,,iOS,2.5.0
3023,122,level_start,5,2026-08-09T20:15:54,s_122_8_0,,iOS,2.5.0
3024,122,level_complete,5,2026-08-09T20:19:02,s_122_8_0,,iOS,2.5.0
3025,122,session_end,,2026-08-09T20:19:53,s_122_8_0,,iOS,2.5.0
3479,146,session_start,,2026-08-09T20:44:00,s_146_8_0,,iOS,2.4.0
3480,146,level_start,10,2026-08-09T20:44:28,s_146_8_0,,iOS,2.4.0
3481,146,level_complete,10,2026-08-09T20:47:42,s_146_8_0,,iOS,2.4.0
3482,146,level_start,11,2026-08-09T20:48:50,s_146_8_0,,iOS,2.4.0
3483,146,level_fail,11,2026-08-09T20:52:07,s_146_8_0,,iOS,2.4.0
3484,146,level_start,12,2026-08-09T20:53:22,s_146_8_0,,iOS,2.4.0
3485,146,level_complete,12,2026-08-09T20:57:18,s_146_8_0,,iOS,2.4.0
3486,146,session_end,,2026-08-09T20:58:21,s_146_8_0,,iOS,2.4.0
658,25,session_start,,2026-08-09T21:21:00,s_25_8_1,,iOS,2.4.0
659,25,level_start,15,2026-08-09T21:21:51,s_25_8_1,,iOS,2.4.0
660,25,level_complete,15,2026-08-09T21:24:33,s_25_8_1,,iOS,2.4.0
661,25,purchase,,2026-08-09T21:25:18,s_25_8_1,9.99,iOS,2.4.0
662,25,session_end,,2026-08-09T21:26:47,s_25_8_1,,iOS,2.4.0
4203,170,session_start,,2026-08-09T22:29:00,s_170_8_0,,iOS,2.5.0
4204,170,level_start,5,2026-08-09T22:29:23,s_170_8_0,,iOS,2.5.0
1379,57,session_start,,2026-08-09T22:30:00,s_57_8_0,,Android,2.4.1
1380,57,level_start,1,2026-08-09T22:31:05,s_57_8_0,,Android,2.4.1
4205,170,level_complete,5,2026-08-09T22:31:54,s_170_8_0,,iOS,2.5.0
4206,170,level_start,6,2026-08-09T22:33:11,s_170_8_0,,iOS,2.5.0
4149,168,session_start,,2026-08-09T22:34:00,s_168_8_0,,iOS,2.4.1
4150,168,level_start,1,2026-08-09T22:34:22,s_168_8_0,,iOS,2.4.1
1381,57,level_complete,1,2026-08-09T22:34:53,s_57_8_0,,Android,2.4.1
4151,168,level_complete,1,2026-08-09T22:35:09,s_168_8_0,,iOS,2.4.1
4207,170,level_complete,6,2026-08-09T22:35:11,s_170_8_0,,iOS,2.5.0
4152,168,session_end,,2026-08-09T22:36:32,s_168_8_0,,iOS,2.4.1
1382,57,session_end,,2026-08-09T22:36:33,s_57_8_0,,Android,2.4.1
4208,170,session_end,,2026-08-09T22:36:51,s_170_8_0,,iOS,2.5.0
4380,175,session_start,,2026-08-09T22:43:00,s_175_8_1,,iOS,2.4.1
4381,175,level_start,1,2026-08-09T22:43:49,s_175_8_1,,iOS,2.4.1
4382,175,level_complete,1,2026-08-09T22:47:36,s_175_8_1,,iOS,2.4.1
4383,175,session_end,,2026-08-09T22:48:36,s_175_8_1,,iOS,2.4.1
2029,80,session_start,,2026-08-10T08:19:00,s_80_9_0,,iOS,2.5.0
2030,80,level_start,3,2026-08-10T08:20:02,s_80_9_0,,iOS,2.5.0
2031,80,level_fail,3,2026-08-10T08:22:31,s_80_9_0,,iOS,2.5.0
2032,80,session_end,,2026-08-10T08:23:14,s_80_9_0,,iOS,2.5.0
2693,107,session_start,,2026-08-10T08:25:00,s_107_9_0,,iOS,2.5.0
2694,107,level_start,1,2026-08-10T08:26:00,s_107_9_0,,iOS,2.5.0
2695,107,level_complete,1,2026-08-10T08:28:57,s_107_9_0,,iOS,2.5.0
2696,107,session_end,,2026-08-10T08:29:47,s_107_9_0,,iOS,2.5.0
3026,122,session_start,,2026-08-10T08:59:00,s_122_9_0,,iOS,2.5.0
3027,122,level_start,1,2026-08-10T08:59:52,s_122_9_0,,iOS,2.5.0
1738,70,session_start,,2026-08-10T09:02:00,s_70_9_0,,Android,2.5.0
3028,122,level_complete,1,2026-08-10T09:03:16,s_122_9_0,,iOS,2.5.0
1739,70,level_start,1,2026-08-10T09:03:27,s_70_9_0,,Android,2.5.0
3029,122,level_start,2,2026-08-10T09:04:20,s_122_9_0,,iOS,2.5.0
1740,70,level_complete,1,2026-08-10T09:06:36,s_70_9_0,,Android,2.5.0
3030,122,level_complete,2,2026-08-10T09:07:31,s_122_9_0,,iOS,2.5.0
1741,70,session_end,,2026-08-10T09:07:38,s_70_9_0,,Android,2.5.0
3031,122,level_start,3,2026-08-10T09:08:56,s_122_9_0,,iOS,2.5.0
3032,122,level_complete,3,2026-08-10T09:10:38,s_122_9_0,,iOS,2.5.0
3033,122,level_start,4,2026-08-10T09:12:06,s_122_9_0,,iOS,2.5.0
3034,122,level_complete,4,2026-08-10T09:15:00,s_122_9_0,,iOS,2.5.0
3035,122,session_end,,2026-08-10T09:15:41,s_122_9_0,,iOS,2.5.0
4315,173,session_start,,2026-08-10T09:48:00,s_173_9_0,,iOS,2.5.0
4316,173,level_start,1,2026-08-10T09:48:51,s_173_9_0,,iOS,2.5.0
4317,173,level_complete,1,2026-08-10T09:51:49,s_173_9_0,,iOS,2.5.0
4318,173,session_end,,2026-08-10T09:52:35,s_173_9_0,,iOS,2.5.0
964,43,session_start,,2026-08-10T10:03:00,s_43_9_0,,Android,2.4.1
965,43,level_start,1,2026-08-10T10:04:14,s_43_9_0,,Android,2.4.1
966,43,level_complete,1,2026-08-10T10:05:06,s_43_9_0,,Android,2.4.1
967,43,level_start,2,2026-08-10T10:06:27,s_43_9_0,,Android,2.4.1
968,43,level_complete,2,2026-08-10T10:07:48,s_43_9_0,,Android,2.4.1
969,43,level_start,3,2026-08-10T10:08:34,s_43_9_0,,Android,2.4.1
970,43,level_complete,3,2026-08-10T10:09:47,s_43_9_0,,Android,2.4.1
971,43,session_end,,2026-08-10T10:10:27,s_43_9_0,,Android,2.4.1
419,17,session_start,,2026-08-10T10:25:00,s_17_9_0,,Android,2.4.0
420,17,level_start,4,2026-08-10T10:25:57,s_17_9_0,,Android,2.4.0
355,15,session_start,,2026-08-10T10:26:00,s_15_9_0,,iOS,2.4.0
356,15,level_start,11,2026-08-10T10:27:24,s_15_9_0,,iOS,2.4.0
421,17,level_complete,4,2026-08-10T10:28:01,s_17_9_0,,Android,2.4.0
422,17,level_start,5,2026-08-10T10:28:49,s_17_9_0,,Android,2.4.0
423,17,level_complete,5,2026-08-10T10:29:53,s_17_9_0,,Android,2.4.0
424,17,level_start,6,2026-08-10T10:31:11,s_17_9_0,,Android,2.4.0
357,15,level_complete,11,2026-08-10T10:31:12,s_15_9_0,,iOS,2.4.0
358,15,level_start,12,2026-08-10T10:32:32,s_15_9_0,,iOS,2.4.0
361,15,session_start,,2026-08-10T10:33:00,s_15_9_1,,iOS,2.4.0
362,15,level_start,12,2026-08-10T10:34:21,s_15_9_1,,iOS,2.4.0
425,17,level_fail,6,2026-08-10T10:34:52,s_17_9_0,,Android,2.4.0
359,15,level_fail,12,2026-08-10T10:36:10,s_15_9_0,,iOS,2.4.0
426,17,session_end,,2026-08-10T10:36:51,s_17_9_0,,Android,2.4.0
363,15,level_complete,12,2026-08-10T10:37:05,s_15_9_1,,iOS,2.4.0
364,15,level_start,13,2026-08-10T10:37:47,s_15_9_1,,iOS,2.4.0
3583,150,session_start,,2026-08-10T10:38:00,s_150_9_0,,Android,2.5.0
360,15,session_end,,2026-08-10T10:38:10,s_15_9_0,,iOS,2.4.0
3584,150,level_start,5,2026-08-10T10:38:55,s_150_9_0,,Android,2.5.0
2603,104,session_start,,2026-08-10T10:39:00,s_104_9_0,,iOS,2.4.1
3585,150,level_complete,5,2026-08-10T10:39:57,s_150_9_0,,Android,2.5.0
365,15,level_fail,13,2026-08-10T10:40:14,s_15_9_1,,iOS,2.4.0
2604,104,level_start,1,2026-08-10T10:40:15,s_104_9_0,,iOS,2.4.1
1383,57,session_start,,2026-08-10T10:41:00,s_57_9_0,,Android,2.4.1
3586,150,level_start,6,2026-08-10T10:41:11,s_150_9_0,,Android,2.5.0
366,15,session_end,,2026-08-10T10:41:27,s_15_9_1,,iOS,2.4.0
2605,104,level_complete,1,2026-08-10T10:41:36,s_104_9_0,,iOS,2.4.1
1384,57,level_start,1,2026-08-10T10:41:37,s_57_9_0,,Android,2.4.1
3587,150,level_complete,6,2026-08-10T10:42:00,s_150_9_0,,Android,2.5.0
2606,104,session_end,,2026-08-10T10:42:15,s_104_9_0,,iOS,2.4.1
1961,77,session_start,,2026-08-10T10:43:00,s_77_9_0,,iOS,2.5.0
3588,150,session_end,,2026-08-10T10:43:03,s_150_9_0,,Android,2.5.0
1962,77,level_start,1,2026-08-10T10:44:18,s_77_9_0,,iOS,2.5.0
1385,57,level_complete,1,2026-08-10T10:44:24,s_57_9_0,,Android,2.4.1
1386,57,session_end,,2026-08-10T10:46:14,s_57_9_0,,Android,2.4.1
1963,77,level_complete,1,2026-08-10T10:47:59,s_77_9_0,,iOS,2.5.0
1964,77,session_end,,2026-08-10T10:48:33,s_77_9_0,,iOS,2.5.0
2270,91,session_start,,2026-08-10T11:11:00,s_91_9_0,,Android,2.5.0
2271,91,level_start,2,2026-08-10T11:12:23,s_91_9_0,,Android,2.5.0
2272,91,level_fail,2,2026-08-10T11:15:29,s_91_9_0,,Android,2.5.0
2273,91,session_end,,2026-08-10T11:16:37,s_91_9_0,,Android,2.5.0
832,36,session_start,,2026-08-10T11:34:00,s_36_9_1,,Android,2.4.0
833,36,level_start,1,2026-08-10T11:35:02,s_36_9_1,,Android,2.4.0
834,36,level_complete,1,2026-08-10T11:35:32,s_36_9_1,,Android,2.4.0
835,36,session_end,,2026-08-10T11:36:50,s_36_9_1,,Android,2.4.0
1162,47,session_start,,2026-08-10T11:38:00,s_47_9_0,,iOS,2.4.1
1163,47,level_start,11,2026-08-10T11:39:26,s_47_9_0,,iOS,2.4.1
1164,47,level_complete,11,2026-08-10T11:40:47,s_47_9_0,,iOS,2.4.1
1165,47,level_start,12,2026-08-10T11:41:59,s_47_9_0,,iOS,2.4.1
1166,47,level_complete,12,2026-08-10T11:43:44,s_47_9_0,,iOS,2.4.1
1167,47,session_end,,2026-08-10T11:45:24,s_47_9_0,,iOS,2.4.1
2940,118,session_start,,2026-08-10T11:51:00,s_118_9_0,,iOS,2.4.1
2941,118,level_start,1,2026-08-10T11:51:58,s_118_9_0,,iOS,2.4.1
2942,118,level_complete,1,2026-08-10T11:53:40,s_118_9_0,,iOS,2.4.1
3337,140,session_start,,2026-08-10T11:54:00,s_140_9_1,,iOS,2.4.0
2943,118,level_start,2,2026-08-10T11:54:17,s_118_9_0,,iOS,2.4.1
3338,140,level_start,1,2026-08-10T11:54:51,s_140_9_1,,iOS,2.4.0
3339,140,level_complete,1,2026-08-10T11:56:13,s_140_9_1,,iOS,2.4.0
3340,140,level_start,2,2026-08-10T11:57:04,s_140_9_1,,iOS,2.4.0
2944,118,level_complete,2,2026-08-10T11:57:49,s_118_9_0,,iOS,2.4.1
2945,118,session_end,,2026-08-10T11:58:50,s_118_9_0,,iOS,2.4.1
3341,140,level_complete,2,2026-08-10T12:00:59,s_140_9_1,,iOS,2.4.0
3773,157,session_start,,2026-08-10T12:01:00,s_157_9_0,,iOS,2.4.0
3342,140,level_start,3,2026-08-10T12:01:47,s_140_9_1,,iOS,2.4.0
3774,157,level_start,6,2026-08-10T12:01:52,s_157_9_0,,iOS,2.4.0
3343,140,level_fail,3,2026-08-10T12:04:52,s_140_9_1,,iOS,2.4.0
3775,157,level_complete,6,2026-08-10T12:05:02,s_157_9_0,,iOS,2.4.0
3344,140,session_end,,2026-08-10T12:06:28,s_140_9_1,,iOS,2.4.0
3776,157,session_end,,2026-08-10T12:06:42,s_157_9_0,,iOS,2.4.0
4153,168,session_start,,2026-08-10T12:20:00,s_168_9_0,,iOS,2.4.1
4154,168,level_start,1,2026-08-10T12:20:30,s_168_9_0,,iOS,2.4.1
4155,168,level_complete,1,2026-08-10T12:23:22,s_168_9_0,,iOS,2.4.1
4156,168,session_end,,2026-08-10T12:24:55,s_168_9_0,,iOS,2.4.1
2347,92,session_start,,2026-08-10T12:27:00,s_92_9_1,,Android,2.4.0
2348,92,level_start,1,2026-08-10T12:27:30,s_92_9_1,,Android,2.4.0
2349,92,level_fail,1,2026-08-10T12:30:38,s_92_9_1,,Android,2.4.0
2350,92,level_start,2,2026-08-10T12:31:05,s_92_9_1,,Android,2.4.0
2351,92,level_fail,2,2026-08-10T12:33:46,s_92_9_1,,Android,2.4.0
2352,92,level_start,3,2026-08-10T12:34:52,s_92_9_1,,Android,2.4.0
2353,92,level_complete,3,2026-08-10T12:35:35,s_92_9_1,,Android,2.4.0
2354,92,session_end,,2026-08-10T12:36:51,s_92_9_1,,Android,2.4.0
2225,89,session_start,,2026-08-10T12:44:00,s_89_9_0,,iOS,2.4.0
2226,89,level_start,1,2026-08-10T12:45:05,s_89_9_0,,iOS,2.4.0
2227,89,level_complete,1,2026-08-10T12:47:39,s_89_9_0,,iOS,2.4.0
2228,89,session_end,,2026-08-10T12:49:29,s_89_9_0,,iOS,2.4.0
2153,86,session_start,,2026-08-10T13:05:00,s_86_9_0,,Android,2.4.1
2154,86,level_start,6,2026-08-10T13:06:23,s_86_9_0,,Android,2.4.1
1524,60,session_start,,2026-08-10T13:07:00,s_60_9_0,,Android,2.4.0
1525,60,level_start,1,2026-08-10T13:08:16,s_60_9_0,,Android,2.4.0
2155,86,level_fail,6,2026-08-10T13:10:05,s_86_9_0,,Android,2.4.1
1526,60,level_complete,1,2026-08-10T13:10:22,s_60_9_0,,Android,2.4.0
1527,60,level_start,2,2026-08-10T13:11:13,s_60_9_0,,Android,2.4.0
2156,86,level_start,7,2026-08-10T13:11:14,s_86_9_0,,Android,2.4.1
2157,86,level_complete,7,2026-08-10T13:12:44,s_86_9_0,,Android,2.4.1
2158,86,session_end,,2026-08-10T13:14:35,s_86_9_0,,Android,2.4.1
1528,60,level_complete,2,2026-08-10T13:14:56,s_60_9_0,,Android,2.4.0
1529,60,session_end,,2026-08-10T13:16:24,s_60_9_0,,Android,2.4.0
2274,91,session_start,,2026-08-10T13:26:00,s_91_9_1,,Android,2.5.0
2275,91,level_start,2,2026-08-10T13:26:44,s_91_9_1,,Android,2.5.0
2276,91,level_fail,2,2026-08-10T13:27:44,s_91_9_1,,Android,2.5.0
2277,91,session_end,,2026-08-10T13:29:33,s_91_9_1,,Android,2.5.0
1236,49,session_start,,2026-08-10T13:52:00,s_49_9_0,,Android,2.4.1
1237,49,level_start,8,2026-08-10T13:53:18,s_49_9_0,,Android,2.4.1
1238,49,level_complete,8,2026-08-10T13:55:12,s_49_9_0,,Android,2.4.1
1239,49,session_end,,2026-08-10T13:57:01,s_49_9_0,,Android,2.4.1
1646,66,session_start,,2026-08-10T14:15:00,s_66_9_0,,Android,2.5.0
1647,66,level_start,11,2026-08-10T14:16:08,s_66_9_0,,Android,2.5.0
1648,66,level_complete,11,2026-08-10T14:17:34,s_66_9_0,,Android,2.5.0
1649,66,level_start,12,2026-08-10T14:18:48,s_66_9_0,,Android,2.5.0
3135,127,session_start,,2026-08-10T14:21:00,s_127_9_0,,Android,2.5.0
1650,66,level_complete,12,2026-08-10T14:21:58,s_66_9_0,,Android,2.5.0
3136,127,level_start,1,2026-08-10T14:22:18,s_127_9_0,,Android,2.5.0
2439,95,session_start,,2026-08-10T14:23:00,s_95_9_0,,Android,2.4.1
1651,66,session_end,,2026-08-10T14:23:46,s_66_9_0,,Android,2.5.0
2440,95,level_start,8,2026-08-10T14:24:04,s_95_9_0,,Android,2.4.1
2441,95,level_complete,8,2026-08-10T14:26:03,s_95_9_0,,Android,2.4.1
3137,127,level_fail,1,2026-08-10T14:26:10,s_127_9_0,,Android,2.5.0
2442,95,session_end,,2026-08-10T14:27:30,s_95_9_0,,Android,2.4.1
3138,127,session_end,,2026-08-10T14:27:43,s_127_9_0,,Android,2.5.0
21,2,session_start,,2026-08-10T14:28:00,s_2_9_0,,Android,2.4.0
22,2,level_start,4,2026-08-10T14:29:03,s_2_9_0,,Android,2.4.0
23,2,level_complete,4,2026-08-10T14:31:29,s_2_9_0,,Android,2.4.0
24,2,level_start,5,2026-08-10T14:32:01,s_2_9_0,,Android,2.4.0
25,2,level_complete,5,2026-08-10T14:33:51,s_2_9_0,,Android,2.4.0
26,2,session_end,,2026-08-10T14:35:08,s_2_9_0,,Android,2.4.0
2996,120,session_start,,2026-08-10T14:37:00,s_120_9_0,,Android,2.4.0
2997,120,level_start,1,2026-08-10T14:37:22,s_120_9_0,,Android,2.4.0
2998,120,level_complete,1,2026-08-10T14:39:19,s_120_9_0,,Android,2.4.0
2999,120,session_end,,2026-08-10T14:40:42,s_120_9_0,,Android,2.4.0
1570,62,session_start,,2026-08-10T14:44:00,s_62_9_0,,Android,2.4.0
1571,62,level_start,14,2026-08-10T14:45:11,s_62_9_0,,Android,2.4.0
1572,62,level_complete,14,2026-08-10T14:46:52,s_62_9_0,,Android,2.4.0
1573,62,level_start,15,2026-08-10T14:47:28,s_62_9_0,,Android,2.4.0
1574,62,level_fail,15,2026-08-10T14:50:25,s_62_9_0,,Android,2.4.0
1575,62,level_start,16,2026-08-10T14:50:57,s_62_9_0,,Android,2.4.0
1576,62,level_complete,16,2026-08-10T14:54:31,s_62_9_0,,Android,2.4.0
1577,62,session_end,,2026-08-10T14:55:31,s_62_9_0,,Android,2.4.0
988,44,session_start,,2026-08-10T15:19:00,s_44_9_0,,iOS,2.4.0
989,44,level_start,1,2026-08-10T15:19:24,s_44_9_0,,iOS,2.4.0
990,44,level_complete,1,2026-08-10T15:22:02,s_44_9_0,,iOS,2.4.0
991,44,session_end,,2026-08-10T15:23:38,s_44_9_0,,iOS,2.4.0
972,43,session_start,,2026-08-10T15:54:00,s_43_9_1,,Android,2.4.1
973,43,level_start,1,2026-08-10T15:55:10,s_43_9_1,,Android,2.4.1
974,43,level_complete,1,2026-08-10T15:57:40,s_43_9_1,,Android,2.4.1
1168,47,session_start,,2026-08-10T15:58:00,s_47_9_1,,iOS,2.4.1
1169,47,level_start,10,2026-08-10T15:59:02,s_47_9_1,,iOS,2.4.1
975,43,session_end,,2026-08-10T15:59:34,s_43_9_1,,Android,2.4.1
1170,47,level_complete,10,2026-08-10T16:00:32,s_47_9_1,,iOS,2.4.1
1171,47,level_start,11,2026-08-10T16:01:03,s_47_9_1,,iOS,2.4.1
1172,47,level_fail,11,2026-08-10T16:02:01,s_47_9_1,,iOS,2.4.1
1173,47,session_end,,2026-08-10T16:03:56,s_47_9_1,,iOS,2.4.1
1280,51,session_start,,2026-08-10T16:06:00,s_51_9_0,,iOS,2.4.0
1281,51,level_start,10,2026-08-10T16:06:38,s_51_9_0,,iOS,2.4.0
1282,51,level_fail,10,2026-08-10T16:07:21,s_51_9_0,,iOS,2.4.0
1283,51,session_end,,2026-08-10T16:08:16,s_51_9_0,,iOS,2.4.0
3889,161,session_start,,2026-08-10T16:24:00,s_161_9_0,,Android,2.5.0
3890,161,level_start,10,2026-08-10T16:25:11,s_161_9_0,,Android,2.5.0
3891,161,level_complete,10,2026-08-10T16:28:19,s_161_9_0,,Android,2.5.0
3892,161,level_start,11,2026-08-10T16:29:29,s_161_9_0,,Android,2.5.0
3893,161,level_fail,11,2026-08-10T16:30:46,s_161_9_0,,Android,2.5.0
3894,161,session_end,,2026-08-10T16:32:27,s_161_9_0,,Android,2.5.0
4513,180,session_start,,2026-08-10T17:17:00,s_180_9_0,,Android,2.4.1
4514,180,level_start,1,2026-08-10T17:17:52,s_180_9_0,,Android,2.4.1
4515,180,level_complete,1,2026-08-10T17:21:42,s_180_9_0,,Android,2.4.1
4516,180,level_start,2,2026-08-10T17:22:03,s_180_9_0,,Android,2.4.1
4517,180,level_complete,2,2026-08-10T17:23:04,s_180_9_0,,Android,2.4.1
4518,180,session_end,,2026-08-10T17:24:58,s_180_9_0,,Android,2.4.1
1875,73,session_start,,2026-08-10T17:34:00,s_73_9_0,,iOS,2.5.0
4319,173,session_start,,2026-08-10T17:34:00,s_173_9_1,,iOS,2.5.0
1876,73,level_start,1,2026-08-10T17:34:59,s_73_9_0,,iOS,2.5.0
4320,173,level_start,1,2026-08-10T17:35:10,s_173_9_1,,iOS,2.5.0
4321,173,level_complete,1,2026-08-10T17:36:12,s_173_9_1,,iOS,2.5.0
4322,173,level_start,2,2026-08-10T17:36:32,s_173_9_1,,iOS,2.5.0
1877,73,level_complete,1,2026-08-10T17:38:25,s_73_9_0,,iOS,2.5.0
4323,173,level_complete,2,2026-08-10T17:39:00,s_173_9_1,,iOS,2.5.0
1878,73,session_end,,2026-08-10T17:39:12,s_73_9_0,,iOS,2.5.0
4324,173,session_end,,2026-08-10T17:40:36,s_173_9_1,,iOS,2.5.0
1983,79,session_start,,2026-08-10T18:12:00,s_79_9_0,,iOS,2.4.0
1984,79,level_start,1,2026-08-10T18:12:28,s_79_9_0,,iOS,2.4.0
1985,79,level_complete,1,2026-08-10T18:14:16,s_79_9_0,,iOS,2.4.0
1986,79,level_start,2,2026-08-10T18:15:46,s_79_9_0,,iOS,2.4.0
1987,79,level_complete,2,2026-08-10T18:17:38,s_79_9_0,,iOS,2.4.0
1988,79,level_start,3,2026-08-10T18:18:12,s_79_9_0,,iOS,2.4.0
1989,79,level_complete,3,2026-08-10T18:21:37,s_79_9_0,,iOS,2.4.0
1990,79,session_end,,2026-08-10T18:22:57,s_79_9_0,,iOS,2.4.0
1909,75,session_start,,2026-08-10T19:20:00,s_75_9_1,,Android,2.4.0
1910,75,level_start,1,2026-08-10T19:21:26,s_75_9_1,,Android,2.4.0
1911,75,level_complete,1,2026-08-10T19:22:23,s_75_9_1,,Android,2.4.0
1912,75,level_start,2,2026-08-10T19:22:48,s_75_9_1,,Android,2.4.0
1913,75,level_complete,2,2026-08-10T19:24:20,s_75_9_1,,Android,2.4.0
1914,75,level_start,3,2026-08-10T19:25:30,s_75_9_1,,Android,2.4.0
1915,75,level_complete,3,2026-08-10T19:29:08,s_75_9_1,,Android,2.4.0
1916,75,session_end,,2026-08-10T19:30:27,s_75_9_1,,Android,2.4.0
2399,94,session_start,,2026-08-10T19:34:00,s_94_9_0,,iOS,2.4.0
2400,94,level_start,1,2026-08-10T19:34:42,s_94_9_0,,iOS,2.4.0
2401,94,level_complete,1,2026-08-10T19:38:13,s_94_9_0,,iOS,2.4.0
2402,94,level_start,2,2026-08-10T19:38:52,s_94_9_0,,iOS,2.4.0
2343,92,session_start,,2026-08-10T19:40:00,s_92_9_0,,Android,2.4.0
2403,94,level_complete,2,2026-08-10T19:40:03,s_94_9_0,,iOS,2.4.0
2404,94,session_end,,2026-08-10T19:40:38,s_94_9_0,,iOS,2.4.0
1802,71,session_start,,2026-08-10T19:41:00,s_71_9_0,,Android,2.4.1
2344,92,level_start,4,2026-08-10T19:41:09,s_92_9_0,,Android,2.4.0
1803,71,level_start,8,2026-08-10T19:41:26,s_71_9_0,,Android,2.4.1
1804,71,level_complete,8,2026-08-10T19:43:14,s_71_9_0,,Android,2.4.1
1805,71,session_end,,2026-08-10T19:44:24,s_71_9_0,,Android,2.4.1
2345,92,level_complete,4,2026-08-10T19:44:35,s_92_9_0,,Android,2.4.0
2346,92,session_end,,2026-08-10T19:45:09,s_92_9_0,,Android,2.4.0
3329,140,session_start,,2026-08-10T19:56:00,s_140_9_0,,iOS,2.4.0
3330,140,level_start,2,2026-08-10T19:56:55,s_140_9_0,,iOS,2.4.0
3331,140,level_complete,2,2026-08-10T19:58:46,s_140_9_0,,iOS,2.4.0
3332,140,level_start,3,2026-08-10T19:59:11,s_140_9_0,,iOS,2.4.0
3333,140,level_fail,3,2026-08-10T20:01:54,s_140_9_0,,iOS,2.4.0
3334,140,level_start,4,2026-08-10T20:03:07,s_140_9_0,,iOS,2.4.0
3335,140,level_fail,4,2026-08-10T20:06:22,s_140_9_0,,iOS,2.4.0
3336,140,session_end,,2026-08-10T20:06:55,s_140_9_0,,iOS,2.4.0
213,10,session_start,,2026-08-10T20:23:00,s_10_9_1,,Android,2.5.0
214,10,level_start,1,2026-08-10T20:24:16,s_10_9_1,,Android,2.5.0
215,10,level_complete,1,2026-08-10T20:26:24,s_10_9_1,,Android,2.5.0
216,10,level_start,2,2026-08-10T20:27:07,s_10_9_1,,Android,2.5.0
217,10,level_complete,2,2026-08-10T20:29:44,s_10_9_1,,Android,2.5.0
218,10,session_end,,2026-08-10T20:31:01,s_10_9_1,,Android,2.5.0
771,32,session_start,,2026-08-10T20:44:00,s_32_9_0,,iOS,2.4.1
1652,66,session_start,,2026-08-10T20:44:00,s_66_9_1,,Android,2.5.0
772,32,level_start,1,2026-08-10T20:44:46,s_32_9_0,,iOS,2.4.1
1653,66,level_start,11,2026-08-10T20:45:28,s_66_9_1,,Android,2.5.0
773,32,level_complete,1,2026-08-10T20:47:28,s_32_9_0,,iOS,2.4.1
774,32,purchase,,2026-08-10T20:48:03,s_32_9_0,4.99,iOS,2.4.1
828,36,session_start,,2026-08-10T20:49:00,s_36_9_0,,Android,2.4.0
1654,66,level_complete,11,2026-08-10T20:49:25,s_66_9_1,,Android,2.5.0
829,36,level_start,1,2026-08-10T20:49:39,s_36_9_0,,Android,2.4.0
775,32,session_end,,2026-08-10T20:49:55,s_32_9_0,,iOS,2.4.1
1655,66,level_start,12,2026-08-10T20:50:09,s_66_9_1,,Android,2.5.0
830,36,level_fail,1,2026-08-10T20:50:10,s_36_9_0,,Android,2.4.0
831,36,session_end,,2026-08-10T20:50:43,s_36_9_0,,Android,2.4.0
1656,66,level_complete,12,2026-08-10T20:50:56,s_66_9_1,,Android,2.5.0
1657,66,level_start,13,2026-08-10T20:51:53,s_66_9_1,,Android,2.5.0
1658,66,level_fail,13,2026-08-10T20:52:51,s_66_9_1,,Android,2.5.0
1659,66,session_end,,2026-08-10T20:54:40,s_66_9_1,,Android,2.5.0
1226,48,session_start,,2026-08-10T21:31:00,s_48_9_0,,Android,2.5.0
1227,48,level_start,5,2026-08-10T21:31:35,s_48_9_0,,Android,2.5.0
205,10,session_start,,2026-08-10T21:34:00,s_10_9_0,,Android,2.5.0
1228,48,level_complete,5,2026-08-10T21:34:12,s_48_9_0,,Android,2.5.0
206,10,level_start,1,2026-08-10T21:34:24,s_10_9_0,,Android,2.5.0
1229,48,level_start,6,2026-08-10T21:34:34,s_48_9_0,,Android,2.5.0
1230,48,level_complete,6,2026-08-10T21:35:30,s_48_9_0,,Android,2.5.0
1231,48,level_start,7,2026-08-10T21:35:54,s_48_9_0,,Android,2.5.0
207,10,level_complete,1,2026-08-10T21:38:06,s_10_9_0,,Android,2.5.0
1232,48,level_complete,7,2026-08-10T21:38:46,s_48_9_0,,Android,2.5.0
208,10,level_start,2,2026-08-10T21:39:02,s_10_9_0,,Android,2.5.0
1233,48,level_start,8,2026-08-10T21:39:17,s_48_9_0,,Android,2.5.0
1921,76,session_start,,2026-08-10T21:41:00,s_76_9_0,,iOS,2.4.0
209,10,level_fail,2,2026-08-10T21:41:03,s_10_9_0,,Android,2.5.0
210,10,level_start,3,2026-08-10T21:41:29,s_10_9_0,,Android,2.5.0
1922,76,level_start,9,2026-08-10T21:42:24,s_76_9_0,,iOS,2.4.0
1234,48,level_complete,8,2026-08-10T21:43:09,s_48_9_0,,Android,2.5.0
1923,76,level_complete,9,2026-08-10T21:43:22,s_76_9_0,,iOS,2.4.0
211,10,level_complete,3,2026-08-10T21:44:46,s_10_9_0,,Android,2.5.0
1924,76,level_start,10,2026-08-10T21:44:51,s_76_9_0,,iOS,2.4.0
1235,48,session_end,,2026-08-10T21:44:58,s_48_9_0,,Android,2.5.0
212,10,session_end,,2026-08-10T21:45:31,s_10_9_0,,Android,2.5.0
1925,76,level_complete,10,2026-08-10T21:45:55,s_76_9_0,,iOS,2.4.0
1926,76,level_start,11,2026-08-10T21:46:56,s_76_9_0,,iOS,2.4.0
1927,76,level_complete,11,2026-08-10T21:49:21,s_76_9_0,,iOS,2.4.0
1928,76,level_start,12,2026-08-10T21:50:39,s_76_9_0,,iOS,2.4.0
1929,76,level_fail,12,2026-08-10T21:53:40,s_76_9_0,,iOS,2.4.0
1930,76,session_end,,2026-08-10T21:54:35,s_76_9_0,,iOS,2.4.0
2876,116,session_start,,2026-08-10T22:09:00,s_116_9_0,,iOS,2.4.0
2877,116,level_start,2,2026-08-10T22:10:16,s_116_9_0,,iOS,2.4.0
2878,116,level_complete,2,2026-08-10T22:14:10,s_116_9_0,,iOS,2.4.0
2879,116,session_end,,2026-08-10T22:14:54,s_116_9_0,,iOS,2.4.0
1905,75,session_start,,2026-08-10T22:15:00,s_75_9_0,,Android,2.4.0
1906,75,level_start,1,2026-08-10T22:15:25,s_75_9_0,,Android,2.4.0
1907,75,level_complete,1,2026-08-10T22:18:30,s_75_9_0,,Android,2.4.0
1908,75,session_end,,2026-08-10T22:19:48,s_75_9_0,,Android,2.4.0
1931,76,session_start,,2026-08-10T22:29:00,s_76_9_1,,iOS,2.4.0
1932,76,level_start,10,2026-08-10T22:30:01,s_76_9_1,,iOS,2.4.0
1933,76,level_complete,10,2026-08-10T22:33:28,s_76_9_1,,iOS,2.4.0
1934,76,session_end,,2026-08-10T22:34:18,s_76_9_1,,iOS,2.4.0
535,22,session_start,,2026-08-11T08:33:00,s_22_10_0,,Android,2.4.0
536,22,level_start,1,2026-08-11T08:33:22,s_22_10_0,,Android,2.4.0
537,22,level_complete,1,2026-08-11T08:36:00,s_22_10_0,,Android,2.4.0
2033,80,session_start,,2026-08-11T08:36:00,s_80_10_0,,iOS,2.5.0
2034,80,level_start,1,2026-08-11T08:37:01,s_80_10_0,,iOS,2.5.0
538,22,session_end,,2026-08-11T08:37:56,s_22_10_0,,Android,2.4.0
2035,80,level_complete,1,2026-08-11T08:38:22,s_80_10_0,,iOS,2.5.0
2036,80,level_start,2,2026-08-11T08:39:17,s_80_10_0,,iOS,2.5.0
2037,80,level_complete,2,2026-08-11T08:42:03,s_80_10_0,,iOS,2.5.0
2038,80,session_end,,2026-08-11T08:43:29,s_80_10_0,,iOS,2.5.0
1889,74,session_start,,2026-08-11T08:48:00,s_74_10_0,,Android,2.5.0
1890,74,level_start,2,2026-08-11T08:48:49,s_74_10_0,,Android,2.5.0
1891,74,level_complete,2,2026-08-11T08:50:18,s_74_10_0,,Android,2.5.0
1892,74,level_start,3,2026-08-11T08:51:23,s_74_10_0,,Android,2.5.0
1893,74,level_complete,3,2026-08-11T08:52:13,s_74_10_0,,Android,2.5.0
1894,74,level_start,4,2026-08-11T08:53:34,s_74_10_0,,Android,2.5.0
1895,74,level_complete,4,2026-08-11T08:54:38,s_74_10_0,,Android,2.5.0
1896,74,session_end,,2026-08-11T08:56:25,s_74_10_0,,Android,2.5.0
836,36,session_start,,2026-08-11T09:13:00,s_36_10_0,,Android,2.4.0
837,36,level_start,1,2026-08-11T09:14:22,s_36_10_0,,Android,2.4.0
838,36,level_fail,1,2026-08-11T09:15:07,s_36_10_0,,Android,2.4.0
839,36,session_end,,2026-08-11T09:15:55,s_36_10_0,,Android,2.4.0
4329,173,session_start,,2026-08-11T09:52:00,s_173_10_1,,iOS,2.5.0
4330,173,level_start,1,2026-08-11T09:53:02,s_173_10_1,,iOS,2.5.0
4331,173,level_complete,1,2026-08-11T09:53:47,s_173_10_1,,iOS,2.5.0
4332,173,session_end,,2026-08-11T09:55:31,s_173_10_1,,iOS,2.5.0
1174,47,session_start,,2026-08-11T10:05:00,s_47_10_0,,iOS,2.4.1
1175,47,level_start,14,2026-08-11T10:05:52,s_47_10_0,,iOS,2.4.1
1176,47,level_complete,14,2026-08-11T10:09:06,s_47_10_0,,iOS,2.4.1
1177,47,session_end,,2026-08-11T10:10:13,s_47_10_0,,iOS,2.4.1
2361,92,session_start,,2026-08-11T10:21:00,s_92_10_1,,Android,2.4.0
2362,92,level_start,3,2026-08-11T10:22:21,s_92_10_1,,Android,2.4.0
2363,92,level_fail,3,2026-08-11T10:25:59,s_92_10_1,,Android,2.4.0
2364,92,level_start,4,2026-08-11T10:26:45,s_92_10_1,,Android,2.4.0
3345,140,session_start,,2026-08-11T10:28:00,s_140_10_0,,iOS,2.4.0
3346,140,level_start,5,2026-08-11T10:29:22,s_140_10_0,,iOS,2.4.0
3347,140,level_fail,5,2026-08-11T10:30:09,s_140_10_0,,iOS,2.4.0
2365,92,level_complete,4,2026-08-11T10:30:27,s_92_10_1,,Android,2.4.0
3348,140,session_end,,2026-08-11T10:30:45,s_140_10_0,,iOS,2.4.0
2366,92,session_end,,2026-08-11T10:31:25,s_92_10_1,,Android,2.4.0
1072,46,session_start,,2026-08-11T11:09:00,s_46_10_0,,Android,2.5.0
1073,46,level_start,18,2026-08-11T11:10:11,s_46_10_0,,Android,2.5.0
1074,46,level_complete,18,2026-08-11T11:13:30,s_46_10_0,,Android,2.5.0
1075,46,level_start,19,2026-08-11T11:14:07,s_46_10_0,,Android,2.5.0
1076,46,level_complete,19,2026-08-11T11:17:41,s_46_10_0,,Android,2.5.0
1077,46,session_end,,2026-08-11T11:18:48,s_46_10_0,,Android,2.5.0
2159,86,session_start,,2026-08-11T11:36:00,s_86_10_0,,Android,2.4.1
2160,86,level_start,6,2026-08-11T11:36:53,s_86_10_0,,Android,2.4.1
2161,86,level_fail,6,2026-08-11T11:40:36,s_86_10_0,,Android,2.4.1
2162,86,level_start,7,2026-08-11T11:41:02,s_86_10_0,,Android,2.4.1
2163,86,level_complete,7,2026-08-11T11:42:14,s_86_10_0,,Android,2.4.1
2164,86,level_start,8,2026-08-11T11:43:34,s_86_10_0,,Android,2.4.1
2165,86,level_complete,8,2026-08-11T11:45:21,s_86_10_0,,Android,2.4.1
2443,95,session_start,,2026-08-11T11:46:00,s_95_10_0,,Android,2.4.1
2166,86,session_end,,2026-08-11T11:46:59,s_86_10_0,,Android,2.4.1
2444,95,level_start,4,2026-08-11T11:47:16,s_95_10_0,,Android,2.4.1
2445,95,level_complete,4,2026-08-11T11:48:59,s_95_10_0,,Android,2.4.1
2446,95,level_start,5,2026-08-11T11:50:13,s_95_10_0,,Android,2.4.1
2447,95,level_fail,5,2026-08-11T11:53:49,s_95_10_0,,Android,2.4.1
2448,95,level_start,6,2026-08-11T11:54:26,s_95_10_0,,Android,2.4.1
2449,95,level_complete,6,2026-08-11T11:57:26,s_95_10_0,,Android,2.4.1
2450,95,level_start,7,2026-08-11T11:58:04,s_95_10_0,,Android,2.4.1
2451,95,level_complete,7,2026-08-11T11:59:27,s_95_10_0,,Android,2.4.1
2452,95,session_end,,2026-08-11T12:01:04,s_95_10_0,,Android,2.4.1
75,3,session_start,,2026-08-11T12:20:00,s_3_10_0,,iOS,2.4.0
76,3,level_start,7,2026-08-11T12:21:23,s_3_10_0,,iOS,2.4.0
77,3,level_complete,7,2026-08-11T12:25:04,s_3_10_0,,iOS,2.4.0
78,3,session_end,,2026-08-11T12:25:50,s_3_10_0,,iOS,2.4.0
1178,47,session_start,,2026-08-11T12:29:00,s_47_10_1,,iOS,2.4.1
1179,47,level_start,14,2026-08-11T12:29:42,s_47_10_1,,iOS,2.4.1
1180,47,level_fail,14,2026-08-11T12:30:22,s_47_10_1,,iOS,2.4.1
1181,47,session_end,,2026-08-11T12:31:38,s_47_10_1,,iOS,2.4.1
4209,170,session_start,,2026-08-11T13:27:00,s_170_10_0,,iOS,2.5.0
4210,170,level_start,6,2026-08-11T13:28:10,s_170_10_0,,iOS,2.5.0
4211,170,level_complete,6,2026-08-11T13:30:48,s_170_10_0,,iOS,2.5.0
4212,170,level_start,7,2026-08-11T13:31:50,s_170_10_0,,iOS,2.5.0
4213,170,level_complete,7,2026-08-11T13:32:33,s_170_10_0,,iOS,2.5.0
2946,118,session_start,,2026-08-11T13:33:00,s_118_10_0,,iOS,2.4.1
4214,170,session_end,,2026-08-11T13:33:50,s_170_10_0,,iOS,2.5.0
2947,118,level_start,1,2026-08-11T13:34:18,s_118_10_0,,iOS,2.4.1
2948,118,level_complete,1,2026-08-11T13:35:13,s_118_10_0,,iOS,2.4.1
2949,118,level_start,2,2026-08-11T13:36:27,s_118_10_0,,iOS,2.4.1
2950,118,level_complete,2,2026-08-11T13:38:42,s_118_10_0,,iOS,2.4.1
2951,118,session_end,,2026-08-11T13:39:19,s_118_10_0,,iOS,2.4.1
4099,167,session_start,,2026-08-11T13:45:00,s_167_10_0,,iOS,2.5.0
2775,112,session_start,,2026-08-11T13:46:00,s_112_10_0,,Android,2.4.1
4100,167,level_start,6,2026-08-11T13:46:23,s_167_10_0,,iOS,2.5.0
2776,112,level_start,3,2026-08-11T13:46:26,s_112_10_0,,Android,2.4.1
4101,167,level_complete,6,2026-08-11T13:48:44,s_167_10_0,,iOS,2.5.0
4102,167,level_start,7,2026-08-11T13:49:55,s_167_10_0,,iOS,2.5.0
2777,112,level_complete,3,2026-08-11T13:50:21,s_112_10_0,,Android,2.4.1
4103,167,level_complete,7,2026-08-11T13:51:14,s_167_10_0,,iOS,2.5.0
2778,112,level_start,4,2026-08-11T13:51:22,s_112_10_0,,Android,2.4.1
4104,167,level_start,8,2026-08-11T13:51:59,s_167_10_0,,iOS,2.5.0
2779,112,level_complete,4,2026-08-11T13:55:16,s_112_10_0,,Android,2.4.1
4105,167,level_fail,8,2026-08-11T13:55:24,s_167_10_0,,iOS,2.5.0
2780,112,session_end,,2026-08-11T13:55:55,s_112_10_0,,Android,2.4.1
4106,167,session_end,,2026-08-11T13:56:29,s_167_10_0,,iOS,2.5.0
4157,168,session_start,,2026-08-11T14:19:00,s_168_10_0,,iOS,2.4.1
4158,168,level_start,1,2026-08-11T14:19:35,s_168_10_0,,iOS,2.4.1
4159,168,level_fail,1,2026-08-11T14:21:40,s_168_10_0,,iOS,2.4.1
4160,168,session_end,,2026-08-11T14:22:23,s_168_10_0,,iOS,2.4.1
3147,128,session_start,,2026-08-11T15:12:00,s_128_10_0,,iOS,2.4.1
3148,128,level_start,9,2026-08-11T15:12:23,s_128_10_0,,iOS,2.4.1
3149,128,level_complete,9,2026-08-11T15:13:43,s_128_10_0,,iOS,2.4.1
3150,128,level_start,10,2026-08-11T15:14:25,s_128_10_0,,iOS,2.4.1
3151,128,level_fail,10,2026-08-11T15:15:51,s_128_10_0,,iOS,2.4.1
3152,128,level_start,11,2026-08-11T15:16:33,s_128_10_0,,iOS,2.4.1
3153,128,level_fail,11,2026-08-11T15:18:29,s_128_10_0,,iOS,2.4.1
3154,128,session_end,,2026-08-11T15:19:30,s_128_10_0,,iOS,2.4.1
2781,112,session_start,,2026-08-11T16:38:00,s_112_10_1,,Android,2.4.1
2782,112,level_start,2,2026-08-11T16:39:11,s_112_10_1,,Android,2.4.1
2783,112,level_complete,2,2026-08-11T16:40:46,s_112_10_1,,Android,2.4.1
2784,112,level_start,3,2026-08-11T16:41:57,s_112_10_1,,Android,2.4.1
2657,105,session_start,,2026-08-11T16:42:00,s_105_10_0,,Android,2.4.0
2658,105,level_start,9,2026-08-11T16:42:31,s_105_10_0,,Android,2.4.0
2785,112,level_complete,3,2026-08-11T16:42:49,s_112_10_1,,Android,2.4.1
2786,112,level_start,4,2026-08-11T16:43:35,s_112_10_1,,Android,2.4.1
2659,105,level_complete,9,2026-08-11T16:44:01,s_105_10_0,,Android,2.4.0
2787,112,level_complete,4,2026-08-11T16:44:46,s_112_10_1,,Android,2.4.1
2660,105,level_start,10,2026-08-11T16:45:01,s_105_10_0,,Android,2.4.0
2788,112,level_start,5,2026-08-11T16:45:57,s_112_10_1,,Android,2.4.1
2661,105,level_fail,10,2026-08-11T16:46:55,s_105_10_0,,Android,2.4.0
2789,112,level_complete,5,2026-08-11T16:47:39,s_112_10_1,,Android,2.4.1
2662,105,level_start,11,2026-08-11T16:48:04,s_105_10_0,,Android,2.4.0
2790,112,session_end,,2026-08-11T16:49:32,s_112_10_1,,Android,2.4.1
2663,105,level_fail,11,2026-08-11T16:52:00,s_105_10_0,,Android,2.4.0
2664,105,session_end,,2026-08-11T16:53:00,s_105_10_0,,Android,2.4.0
2355,92,session_start,,2026-08-11T17:02:00,s_92_10_0,,Android,2.4.0
2356,92,level_start,1,2026-08-11T17:02:42,s_92_10_0,,Android,2.4.0
2357,92,level_complete,1,2026-08-11T17:05:57,s_92_10_0,,Android,2.4.0
2358,92,level_start,2,2026-08-11T17:06:25,s_92_10_0,,Android,2.4.0
2405,94,session_start,,2026-08-11T17:08:00,s_94_10_0,,iOS,2.4.0
2406,94,level_start,1,2026-08-11T17:09:07,s_94_10_0,,iOS,2.4.0
2359,92,level_complete,2,2026-08-11T17:09:18,s_92_10_0,,Android,2.4.0
2360,92,session_end,,2026-08-11T17:10:14,s_92_10_0,,Android,2.4.0
2407,94,level_complete,1,2026-08-11T17:10:24,s_94_10_0,,iOS,2.4.0
2408,94,session_end,,2026-08-11T17:12:24,s_94_10_0,,iOS,2.4.0
1363,54,session_start,,2026-08-11T18:09:00,s_54_10_0,,iOS,2.5.0
1364,54,level_start,10,2026-08-11T18:09:21,s_54_10_0,,iOS,2.5.0
1365,54,level_fail,10,2026-08-11T18:12:12,s_54_10_0,,iOS,2.5.0
1366,54,level_start,11,2026-08-11T18:12:50,s_54_10_0,,iOS,2.5.0
1367,54,level_complete,11,2026-08-11T18:13:51,s_54_10_0,,iOS,2.5.0
1368,54,level_start,12,2026-08-11T18:15:01,s_54_10_0,,iOS,2.5.0
1369,54,level_complete,12,2026-08-11T18:17:48,s_54_10_0,,iOS,2.5.0
1370,54,session_end,,2026-08-11T18:18:28,s_54_10_0,,iOS,2.5.0
3541,149,session_start,,2026-08-11T18:47:00,s_149_10_0,,iOS,2.5.0
3542,149,level_start,2,2026-08-11T18:48:19,s_149_10_0,,iOS,2.5.0
3543,149,level_complete,2,2026-08-11T18:52:18,s_149_10_0,,iOS,2.5.0
3544,149,level_start,3,2026-08-11T18:53:13,s_149_10_0,,iOS,2.5.0
3545,149,level_complete,3,2026-08-11T18:56:24,s_149_10_0,,iOS,2.5.0
3546,149,level_start,4,2026-08-11T18:57:31,s_149_10_0,,iOS,2.5.0
3547,149,level_complete,4,2026-08-11T18:58:03,s_149_10_0,,iOS,2.5.0
3548,149,level_start,5,2026-08-11T18:58:33,s_149_10_0,,iOS,2.5.0
3549,149,level_complete,5,2026-08-11T18:59:34,s_149_10_0,,iOS,2.5.0
3550,149,session_end,,2026-08-11T19:01:29,s_149_10_0,,iOS,2.5.0
2848,115,session_start,,2026-08-11T19:03:00,s_115_10_0,,iOS,2.4.0
1387,57,session_start,,2026-08-11T19:04:00,s_57_10_0,,Android,2.4.1
2849,115,level_start,1,2026-08-11T19:04:00,s_115_10_0,,iOS,2.4.0
1388,57,level_start,3,2026-08-11T19:05:11,s_57_10_0,,Android,2.4.1
2521,100,session_start,,2026-08-11T19:06:00,s_100_10_0,,iOS,2.5.0
2850,115,level_complete,1,2026-08-11T19:06:51,s_115_10_0,,iOS,2.4.0
2522,100,level_start,13,2026-08-11T19:07:06,s_100_10_0,,iOS,2.5.0
2851,115,session_end,,2026-08-11T19:08:14,s_115_10_0,,iOS,2.4.0
1389,57,level_complete,3,2026-08-11T19:08:57,s_57_10_0,,Android,2.4.1
1390,57,session_end,,2026-08-11T19:09:31,s_57_10_0,,Android,2.4.1
2523,100,level_complete,13,2026-08-11T19:10:34,s_100_10_0,,iOS,2.5.0
2524,100,level_start,14,2026-08-11T19:11:50,s_100_10_0,,iOS,2.5.0
2525,100,level_fail,14,2026-08-11T19:15:12,s_100_10_0,,iOS,2.5.0
2526,100,session_end,,2026-08-11T19:16:05,s_100_10_0,,iOS,2.5.0
99,4,session_start,,2026-08-11T19:52:00,s_4_10_0,,Android,2.5.0
100,4,level_start,11,2026-08-11T19:52:33,s_4_10_0,,Android,2.5.0
101,4,level_complete,11,2026-08-11T19:53:40,s_4_10_0,,Android,2.5.0
102,4,level_start,12,2026-08-11T19:54:22,s_4_10_0,,Android,2.5.0
103,4,level_complete,12,2026-08-11T19:57:26,s_4_10_0,,Android,2.5.0
104,4,session_end,,2026-08-11T19:59:19,s_4_10_0,,Android,2.5.0
277,11,session_start,,2026-08-11T20:08:00,s_11_10_0,,Android,2.5.0
278,11,level_start,6,2026-08-11T20:08:35,s_11_10_0,,Android,2.5.0
279,11,level_complete,6,2026-08-11T20:11:17,s_11_10_0,,Android,2.5.0
280,11,level_start,7,2026-08-11T20:11:58,s_11_10_0,,Android,2.5.0
281,11,level_complete,7,2026-08-11T20:13:09,s_11_10_0,,Android,2.5.0
282,11,level_start,8,2026-08-11T20:13:57,s_11_10_0,,Android,2.5.0
1534,60,session_start,,2026-08-11T20:14:00,s_60_10_1,,Android,2.4.0
1535,60,level_start,1,2026-08-11T20:15:12,s_60_10_1,,Android,2.4.0
283,11,level_fail,8,2026-08-11T20:15:55,s_11_10_0,,Android,2.5.0
1536,60,level_complete,1,2026-08-11T20:17:12,s_60_10_1,,Android,2.4.0
284,11,level_start,9,2026-08-11T20:17:21,s_11_10_0,,Android,2.5.0
1537,60,level_start,2,2026-08-11T20:17:33,s_60_10_1,,Android,2.4.0
1965,77,session_start,,2026-08-11T20:19:00,s_77_10_0,,iOS,2.5.0
285,11,level_fail,9,2026-08-11T20:19:03,s_11_10_0,,Android,2.5.0
286,11,session_end,,2026-08-11T20:20:05,s_11_10_0,,Android,2.5.0
1966,77,level_start,1,2026-08-11T20:20:08,s_77_10_0,,iOS,2.5.0
1538,60,level_fail,2,2026-08-11T20:21:02,s_60_10_1,,Android,2.4.0
1539,60,session_end,,2026-08-11T20:22:03,s_60_10_1,,Android,2.4.0
1967,77,level_complete,1,2026-08-11T20:24:07,s_77_10_0,,iOS,2.5.0
1968,77,session_end,,2026-08-11T20:25:31,s_77_10_0,,iOS,2.5.0
776,32,session_start,,2026-08-11T20:57:00,s_32_10_0,,iOS,2.4.1
777,32,level_start,1,2026-08-11T20:58:09,s_32_10_0,,iOS,2.4.1
778,32,level_complete,1,2026-08-11T20:59:07,s_32_10_0,,iOS,2.4.1
779,32,session_end,,2026-08-11T20:59:46,s_32_10_0,,iOS,2.4.1
4325,173,session_start,,2026-08-11T21:03:00,s_173_10_0,,iOS,2.5.0
4326,173,level_start,2,2026-08-11T21:03:54,s_173_10_0,,iOS,2.5.0
497,20,session_start,,2026-08-11T21:04:00,s_20_10_0,,iOS,2.4.0
498,20,level_start,5,2026-08-11T21:05:21,s_20_10_0,,iOS,2.4.0
499,20,level_fail,5,2026-08-11T21:06:44,s_20_10_0,,iOS,2.4.0
4327,173,level_complete,2,2026-08-11T21:07:10,s_173_10_0,,iOS,2.5.0
500,20,level_start,6,2026-08-11T21:07:46,s_20_10_0,,iOS,2.4.0
4328,173,session_end,,2026-08-11T21:08:56,s_173_10_0,,iOS,2.5.0
501,20,level_fail,6,2026-08-11T21:09:33,s_20_10_0,,iOS,2.4.0
502,20,session_end,,2026-08-11T21:10:04,s_20_10_0,,iOS,2.4.0
1991,79,session_start,,2026-08-11T21:11:00,s_79_10_0,,iOS,2.4.0
1992,79,level_start,2,2026-08-11T21:12:03,s_79_10_0,,iOS,2.4.0
1993,79,level_complete,2,2026-08-11T21:15:25,s_79_10_0,,iOS,2.4.0
1994,79,level_start,3,2026-08-11T21:16:45,s_79_10_0,,iOS,2.4.0
1995,79,level_complete,3,2026-08-11T21:20:39,s_79_10_0,,iOS,2.4.0
1996,79,session_end,,2026-08-11T21:21:26,s_79_10_0,,iOS,2.4.0
165,8,session_start,,2026-08-11T21:27:00,s_8_10_0,,Android,2.5.0
3777,157,session_start,,2026-08-11T21:28:00,s_157_10_0,,iOS,2.4.0
166,8,level_start,6,2026-08-11T21:28:17,s_8_10_0,,Android,2.5.0
3778,157,level_start,6,2026-08-11T21:28:54,s_157_10_0,,iOS,2.4.0
167,8,level_fail,6,2026-08-11T21:30:16,s_8_10_0,,Android,2.5.0
3779,157,level_complete,6,2026-08-11T21:30:16,s_157_10_0,,iOS,2.4.0
3780,157,level_start,7,2026-08-11T21:31:26,s_157_10_0,,iOS,2.4.0
168,8,session_end,,2026-08-11T21:31:39,s_8_10_0,,Android,2.5.0
3781,157,level_complete,7,2026-08-11T21:32:35,s_157_10_0,,iOS,2.4.0
3782,157,session_end,,2026-08-11T21:34:00,s_157_10_0,,iOS,2.4.0
2278,91,session_start,,2026-08-11T21:48:00,s_91_10_0,,Android,2.5.0
2279,91,level_start,1,2026-08-11T21:48:46,s_91_10_0,,Android,2.5.0
2280,91,level_complete,1,2026-08-11T21:50:26,s_91_10_0,,Android,2.5.0
2281,91,purchase,,2026-08-11T21:50:45,s_91_10_0,9.99,Android,2.5.0
2282,91,session_end,,2026-08-11T21:52:18,s_91_10_0,,Android,2.5.0
3139,127,session_start,,2026-08-11T22:00:00,s_127_10_0,,Android,2.5.0
3140,127,level_start,1,2026-08-11T22:01:19,s_127_10_0,,Android,2.5.0
4441,178,session_start,,2026-08-11T22:03:00,s_178_10_0,,iOS,2.4.0
3141,127,level_complete,1,2026-08-11T22:04:28,s_127_10_0,,Android,2.5.0
4442,178,level_start,7,2026-08-11T22:04:28,s_178_10_0,,iOS,2.4.0
3142,127,session_end,,2026-08-11T22:05:59,s_127_10_0,,Android,2.5.0
4443,178,level_fail,7,2026-08-11T22:07:33,s_178_10_0,,iOS,2.4.0
4444,178,session_end,,2026-08-11T22:08:05,s_178_10_0,,iOS,2.4.0
3431,144,session_start,,2026-08-11T22:31:00,s_144_10_0,,iOS,2.4.1
3432,144,level_start,1,2026-08-11T22:32:14,s_144_10_0,,iOS,2.4.1
3433,144,level_complete,1,2026-08-11T22:34:10,s_144_10_0,,iOS,2.4.1
3434,144,level_start,2,2026-08-11T22:35:13,s_144_10_0,,iOS,2.4.1
1530,60,session_start,,2026-08-11T22:37:00,s_60_10_0,,Android,2.4.0
3435,144,level_fail,2,2026-08-11T22:37:03,s_144_10_0,,iOS,2.4.1
1531,60,level_start,1,2026-08-11T22:37:34,s_60_10_0,,Android,2.4.0
3436,144,session_end,,2026-08-11T22:38:19,s_144_10_0,,iOS,2.4.1
1532,60,level_complete,1,2026-08-11T22:39:10,s_60_10_0,,Android,2.4.0
1533,60,session_end,,2026-08-11T22:41:01,s_60_10_0,,Android,2.4.0
4384,175,session_start,,2026-08-11T22:56:00,s_175_10_0,,iOS,2.4.1
4385,175,level_start,1,2026-08-11T22:57:13,s_175_10_0,,iOS,2.4.1
4386,175,level_complete,1,2026-08-11T22:57:59,s_175_10_0,,iOS,2.4.1
4387,175,session_end,,2026-08-11T22:59:01,s_175_10_0,,iOS,2.4.1
4445,178,session_start,,2026-08-12T08:24:00,s_178_11_0,,iOS,2.4.0
4446,178,level_start,4,2026-08-12T08:25:15,s_178_11_0,,iOS,2.4.0
4447,178,level_complete,4,2026-08-12T08:28:44,s_178_11_0,,iOS,2.4.0
4448,178,level_start,5,2026-08-12T08:29:21,s_178_11_0,,iOS,2.4.0
4449,178,level_complete,5,2026-08-12T08:30:20,s_178_11_0,,iOS,2.4.0
4450,178,level_start,6,2026-08-12T08:31:27,s_178_11_0,,iOS,2.4.0
4451,178,level_complete,6,2026-08-12T08:33:27,s_178_11_0,,iOS,2.4.0
4452,178,level_start,7,2026-08-12T08:34:42,s_178_11_0,,iOS,2.4.0
4453,178,level_complete,7,2026-08-12T08:35:26,s_178_11_0,,iOS,2.4.0
4454,178,purchase,,2026-08-12T08:35:36,s_178_11_0,1.99,iOS,2.4.0
4455,178,session_end,,2026-08-12T08:36:58,s_178_11_0,,iOS,2.4.0
3551,149,session_start,,2026-08-12T08:37:00,s_149_11_0,,iOS,2.5.0
3552,149,level_start,1,2026-08-12T08:37:32,s_149_11_0,,iOS,2.5.0
4215,170,session_start,,2026-08-12T08:41:00,s_170_11_0,,iOS,2.5.0
3553,149,level_complete,1,2026-08-12T08:41:25,s_149_11_0,,iOS,2.5.0
4216,170,level_start,2,2026-08-12T08:41:44,s_170_11_0,,iOS,2.5.0
3554,149,level_start,2,2026-08-12T08:42:34,s_149_11_0,,iOS,2.5.0
4217,170,level_complete,2,2026-08-12T08:43:29,s_170_11_0,,iOS,2.5.0
4218,170,level_start,3,2026-08-12T08:44:11,s_170_11_0,,iOS,2.5.0
3555,149,level_fail,2,2026-08-12T08:45:07,s_149_11_0,,iOS,2.5.0
3556,149,level_start,3,2026-08-12T08:46:22,s_149_11_0,,iOS,2.5.0
4219,170,level_complete,3,2026-08-12T08:47:13,s_170_11_0,,iOS,2.5.0
3557,149,level_complete,3,2026-08-12T08:48:08,s_149_11_0,,iOS,2.5.0
4220,170,level_start,4,2026-08-12T08:48:36,s_170_11_0,,iOS,2.5.0
3558,149,session_end,,2026-08-12T08:48:50,s_149_11_0,,iOS,2.5.0
4221,170,level_complete,4,2026-08-12T08:51:18,s_170_11_0,,iOS,2.5.0
4222,170,level_start,5,2026-08-12T08:51:44,s_170_11_0,,iOS,2.5.0
4388,175,session_start,,2026-08-12T08:54:00,s_175_11_0,,iOS,2.4.1
4223,170,level_complete,5,2026-08-12T08:54:59,s_170_11_0,,iOS,2.5.0
4389,175,level_start,1,2026-08-12T08:55:07,s_175_11_0,,iOS,2.4.1
4224,170,session_end,,2026-08-12T08:55:43,s_170_11_0,,iOS,2.5.0
4390,175,level_complete,1,2026-08-12T08:58:12,s_175_11_0,,iOS,2.4.1
4391,175,session_end,,2026-08-12T08:58:45,s_175_11_0,,iOS,2.4.1
840,36,session_start,,2026-08-12T09:02:00,s_36_11_0,,Android,2.4.0
841,36,level_start,1,2026-08-12T09:03:07,s_36_11_0,,Android,2.4.0
842,36,level_fail,1,2026-08-12T09:05:34,s_36_11_0,,Android,2.4.0
843,36,session_end,,2026-08-12T09:06:14,s_36_11_0,,Android,2.4.0
2791,112,session_start,,2026-08-12T09:19:00,s_112_11_0,,Android,2.4.1
2792,112,level_start,1,2026-08-12T09:19:59,s_112_11_0,,Android,2.4.1
1586,65,session_start,,2026-08-12T09:22:00,s_65_11_0,,Android,2.4.1
1587,65,level_start,1,2026-08-12T09:22:56,s_65_11_0,,Android,2.4.1
2793,112,level_complete,1,2026-08-12T09:23:24,s_112_11_0,,Android,2.4.1
2794,112,level_start,2,2026-08-12T09:24:29,s_112_11_0,,Android,2.4.1
1588,65,level_complete,1,2026-08-12T09:24:56,s_65_11_0,,Android,2.4.1
1540,60,session_start,,2026-08-12T09:25:00,s_60_11_0,,Android,2.4.0
1541,60,level_start,2,2026-08-12T09:26:30,s_60_11_0,,Android,2.4.0
1589,65,session_end,,2026-08-12T09:26:31,s_65_11_0,,Android,2.4.1
1542,60,level_complete,2,2026-08-12T09:27:45,s_60_11_0,,Android,2.4.0
2795,112,level_complete,2,2026-08-12T09:27:49,s_112_11_0,,Android,2.4.1
1543,60,level_start,3,2026-08-12T09:28:50,s_60_11_0,,Android,2.4.0
2796,112,session_end,,2026-08-12T09:29:06,s_112_11_0,,Android,2.4.1
1544,60,level_fail,3,2026-08-12T09:30:15,s_60_11_0,,Android,2.4.0
2852,115,session_start,,2026-08-12T09:31:00,s_115_11_0,,iOS,2.4.0
1545,60,level_start,4,2026-08-12T09:31:09,s_60_11_0,,Android,2.4.0
2853,115,level_start,1,2026-08-12T09:32:15,s_115_11_0,,iOS,2.4.0
1546,60,level_fail,4,2026-08-12T09:32:25,s_60_11_0,,Android,2.4.0
2854,115,level_complete,1,2026-08-12T09:32:50,s_115_11_0,,iOS,2.4.0
2855,115,session_end,,2026-08-12T09:34:20,s_115_11_0,,iOS,2.4.0
1547,60,session_end,,2026-08-12T09:34:22,s_60_11_0,,Android,2.4.0
4107,167,session_start,,2026-08-12T09:37:00,s_167_11_0,,iOS,2.5.0
4108,167,level_start,8,2026-08-12T09:37:46,s_167_11_0,,iOS,2.5.0
4109,167,level_complete,8,2026-08-12T09:41:20,s_167_11_0,,iOS,2.5.0
4110,167,level_start,9,2026-08-12T09:42:37,s_167_11_0,,iOS,2.5.0
4111,167,level_complete,9,2026-08-12T09:44:55,s_167_11_0,,iOS,2.5.0
4112,167,level_start,10,2026-08-12T09:45:49,s_167_11_0,,iOS,2.5.0
992,44,session_start,,2026-08-12T09:48:00,s_44_11_0,,iOS,2.4.0
993,44,level_start,1,2026-08-12T09:48:41,s_44_11_0,,iOS,2.4.0
4113,167,level_complete,10,2026-08-12T09:49:47,s_167_11_0,,iOS,2.5.0
994,44,level_complete,1,2026-08-12T09:50:05,s_44_11_0,,iOS,2.4.0
4114,167,session_end,,2026-08-12T09:50:30,s_167_11_0,,iOS,2.5.0
995,44,level_start,2,2026-08-12T09:50:41,s_44_11_0,,iOS,2.4.0
996,44,level_complete,2,2026-08-12T09:51:21,s_44_11_0,,iOS,2.4.0
997,44,level_start,3,2026-08-12T09:52:36,s_44_11_0,,iOS,2.4.0
998,44,level_fail,3,2026-08-12T09:53:57,s_44_11_0,,iOS,2.4.0
999,44,session_end,,2026-08-12T09:55:47,s_44_11_0,,iOS,2.4.0
1670,66,session_start,,2026-08-12T10:00:00,s_66_11_1,,Android,2.5.0
1671,66,level_start,11,2026-08-12T10:01:03,s_66_11_1,,Android,2.5.0
1672,66,level_complete,11,2026-08-12T10:03:20,s_66_11_1,,Android,2.5.0
1673,66,level_start,12,2026-08-12T10:04:43,s_66_11_1,,Android,2.5.0
1674,66,level_complete,12,2026-08-12T10:06:48,s_66_11_1,,Android,2.5.0
1675,66,level_start,13,2026-08-12T10:07:12,s_66_11_1,,Android,2.5.0
1676,66,level_complete,13,2026-08-12T10:09:06,s_66_11_1,,Android,2.5.0
1677,66,level_start,14,2026-08-12T10:09:44,s_66_11_1,,Android,2.5.0
1678,66,level_complete,14,2026-08-12T10:10:28,s_66_11_1,,Android,2.5.0
1679,66,session_end,,2026-08-12T10:11:48,s_66_11_1,,Android,2.5.0
1997,79,session_start,,2026-08-12T10:40:00,s_79_11_0,,iOS,2.4.0
1998,79,level_start,1,2026-08-12T10:41:19,s_79_11_0,,iOS,2.4.0
2283,91,session_start,,2026-08-12T10:42:00,s_91_11_0,,Android,2.5.0
2284,91,level_start,3,2026-08-12T10:43:06,s_91_11_0,,Android,2.5.0
2285,91,level_complete,3,2026-08-12T10:44:48,s_91_11_0,,Android,2.5.0
1999,79,level_complete,1,2026-08-12T10:45:09,s_79_11_0,,iOS,2.4.0
2000,79,level_start,2,2026-08-12T10:45:36,s_79_11_0,,iOS,2.4.0
2286,91,session_end,,2026-08-12T10:46:36,s_91_11_0,,Android,2.5.0
2001,79,level_complete,2,2026-08-12T10:48:19,s_79_11_0,,iOS,2.4.0
105,4,session_start,,2026-08-12T10:49:00,s_4_11_0,,Android,2.5.0
2002,79,level_start,3,2026-08-12T10:49:19,s_79_11_0,,iOS,2.4.0
106,4,level_start,7,2026-08-12T10:50:17,s_4_11_0,,Android,2.5.0
2003,79,level_complete,3,2026-08-12T10:52:11,s_79_11_0,,iOS,2.4.0
2004,79,session_end,,2026-08-12T10:53:07,s_79_11_0,,iOS,2.4.0
107,4,level_fail,7,2026-08-12T10:53:41,s_4_11_0,,Android,2.5.0
108,4,level_start,8,2026-08-12T10:54:42,s_4_11_0,,Android,2.5.0
109,4,level_complete,8,2026-08-12T10:57:52,s_4_11_0,,Android,2.5.0
110,4,level_start,9,2026-08-12T10:59:08,s_4_11_0,,Android,2.5.0
111,4,level_complete,9,2026-08-12T10:59:55,s_4_11_0,,Android,2.5.0
3245,135,session_start,,2026-08-12T11:00:00,s_135_11_0,,Android,2.5.0
3246,135,level_start,1,2026-08-12T11:00:28,s_135_11_0,,Android,2.5.0
112,4,level_start,10,2026-08-12T11:00:53,s_4_11_0,,Android,2.5.0
3155,128,session_start,,2026-08-12T11:01:00,s_128_11_0,,iOS,2.4.1
3156,128,level_start,8,2026-08-12T11:01:32,s_128_11_0,,iOS,2.4.1
3157,128,level_fail,8,2026-08-12T11:02:07,s_128_11_0,,iOS,2.4.1
3247,135,level_complete,1,2026-08-12T11:02:40,s_135_11_0,,Android,2.5.0
3158,128,level_start,9,2026-08-12T11:02:44,s_128_11_0,,iOS,2.4.1
3248,135,session_end,,2026-08-12T11:03:41,s_135_11_0,,Android,2.5.0
113,4,level_complete,10,2026-08-12T11:04:46,s_4_11_0,,Android,2.5.0
3159,128,level_complete,9,2026-08-12T11:04:51,s_128_11_0,,iOS,2.4.1
114,4,session_end,,2026-08-12T11:05:23,s_4_11_0,,Android,2.5.0
3160,128,session_end,,2026-08-12T11:05:35,s_128_11_0,,iOS,2.4.1
1700,67,session_start,,2026-08-12T11:40:00,s_67_11_0,,iOS,2.5.0
1701,67,level_start,4,2026-08-12T11:40:21,s_67_11_0,,iOS,2.5.0
1702,67,level_fail,4,2026-08-12T11:41:33,s_67_11_0,,iOS,2.5.0
1703,67,level_start,5,2026-08-12T11:42:08,s_67_11_0,,iOS,2.5.0
1704,67,level_fail,5,2026-08-12T11:44:19,s_67_11_0,,iOS,2.5.0
1705,67,level_start,6,2026-08-12T11:44:40,s_67_11_0,,iOS,2.5.0
1706,67,level_complete,6,2026-08-12T11:45:20,s_67_11_0,,iOS,2.5.0
1707,67,level_start,7,2026-08-12T11:46:40,s_67_11_0,,iOS,2.5.0
1708,67,level_complete,7,2026-08-12T11:50:06,s_67_11_0,,iOS,2.5.0
1709,67,session_end,,2026-08-12T11:51:23,s_67_11_0,,iOS,2.5.0
860,38,session_start,,2026-08-12T11:53:00,s_38_11_0,,iOS,2.4.1
861,38,level_start,1,2026-08-12T11:53:31,s_38_11_0,,iOS,2.4.1
3293,139,session_start,,2026-08-12T11:56:00,s_139_11_0,,Android,2.4.0
3294,139,level_start,7,2026-08-12T11:56:41,s_139_11_0,,Android,2.4.0
862,38,level_complete,1,2026-08-12T11:57:03,s_38_11_0,,iOS,2.4.1
3295,139,level_complete,7,2026-08-12T11:57:22,s_139_11_0,,Android,2.4.0
3296,139,session_end,,2026-08-12T11:58:05,s_139_11_0,,Android,2.4.0
863,38,session_end,,2026-08-12T11:58:18,s_38_11_0,,iOS,2.4.1
1660,66,session_start,,2026-08-12T12:44:00,s_66_11_0,,Android,2.5.0
1661,66,level_start,11,2026-08-12T12:45:01,s_66_11_0,,Android,2.5.0
1662,66,level_complete,11,2026-08-12T12:45:35,s_66_11_0,,Android,2.5.0
1663,66,level_start,12,2026-08-12T12:47:03,s_66_11_0,,Android,2.5.0
1664,66,level_complete,12,2026-08-12T12:47:38,s_66_11_0,,Android,2.5.0
3042,122,session_start,,2026-08-12T12:48:00,s_122_11_1,,iOS,2.5.0
1665,66,level_start,13,2026-08-12T12:48:11,s_66_11_0,,Android,2.5.0
3043,122,level_start,1,2026-08-12T12:48:51,s_122_11_1,,iOS,2.5.0
1666,66,level_complete,13,2026-08-12T12:49:53,s_66_11_0,,Android,2.5.0
1667,66,level_start,14,2026-08-12T12:51:09,s_66_11_0,,Android,2.5.0
3044,122,level_fail,1,2026-08-12T12:52:10,s_122_11_1,,iOS,2.5.0
3045,122,level_start,2,2026-08-12T12:53:13,s_122_11_1,,iOS,2.5.0
3046,122,level_complete,2,2026-08-12T12:54:36,s_122_11_1,,iOS,2.5.0
1668,66,level_complete,14,2026-08-12T12:54:45,s_66_11_0,,Android,2.5.0
1669,66,session_end,,2026-08-12T12:55:26,s_66_11_0,,Android,2.5.0
3047,122,level_start,3,2026-08-12T12:55:38,s_122_11_1,,iOS,2.5.0
3048,122,level_fail,3,2026-08-12T12:56:12,s_122_11_1,,iOS,2.5.0
3049,122,level_start,4,2026-08-12T12:56:49,s_122_11_1,,iOS,2.5.0
3050,122,level_fail,4,2026-08-12T13:00:04,s_122_11_1,,iOS,2.5.0
3051,122,session_end,,2026-08-12T13:01:51,s_122_11_1,,iOS,2.5.0
808,34,session_start,,2026-08-12T13:10:00,s_34_11_0,,Android,2.5.0
809,34,level_start,11,2026-08-12T13:10:34,s_34_11_0,,Android,2.5.0
810,34,level_fail,11,2026-08-12T13:12:02,s_34_11_0,,Android,2.5.0
811,34,level_start,12,2026-08-12T13:12:22,s_34_11_0,,Android,2.5.0
812,34,level_fail,12,2026-08-12T13:13:03,s_34_11_0,,Android,2.5.0
813,34,level_start,13,2026-08-12T13:13:24,s_34_11_0,,Android,2.5.0
1742,70,session_start,,2026-08-12T13:14:00,s_70_11_0,,Android,2.5.0
1743,70,level_start,4,2026-08-12T13:14:46,s_70_11_0,,Android,2.5.0
814,34,level_complete,13,2026-08-12T13:14:56,s_34_11_0,,Android,2.5.0
815,34,session_end,,2026-08-12T13:16:12,s_34_11_0,,Android,2.5.0
1744,70,level_complete,4,2026-08-12T13:18:03,s_70_11_0,,Android,2.5.0
1745,70,session_end,,2026-08-12T13:18:43,s_70_11_0,,Android,2.5.0
2856,115,session_start,,2026-08-12T13:28:00,s_115_11_1,,iOS,2.4.0
2857,115,level_start,1,2026-08-12T13:29:03,s_115_11_1,,iOS,2.4.0
3535,148,session_start,,2026-08-12T13:30:00,s_148_11_0,,Android,2.4.1
3536,148,level_start,3,2026-08-12T13:30:35,s_148_11_0,,Android,2.4.1
2858,115,level_fail,1,2026-08-12T13:32:07,s_115_11_1,,iOS,2.4.0
3537,148,level_complete,3,2026-08-12T13:33:16,s_148_11_0,,Android,2.4.1
2859,115,session_end,,2026-08-12T13:33:36,s_115_11_1,,iOS,2.4.0
3538,148,level_start,4,2026-08-12T13:34:31,s_148_11_0,,Android,2.4.1
3539,148,level_complete,4,2026-08-12T13:35:39,s_148_11_0,,Android,2.4.1
3540,148,session_end,,2026-08-12T13:37:00,s_148_11_0,,Android,2.4.1
761,30,session_start,,2026-08-12T13:56:00,s_30_11_0,,iOS,2.4.0
2367,92,session_start,,2026-08-12T13:57:00,s_92_11_0,,Android,2.4.0
762,30,level_start,1,2026-08-12T13:57:08,s_30_11_0,,iOS,2.4.0
2368,92,level_start,1,2026-08-12T13:57:55,s_92_11_0,,Android,2.4.0
2369,92,level_complete,1,2026-08-12T13:58:38,s_92_11_0,,Android,2.4.0
780,32,session_start,,2026-08-12T13:59:00,s_32_11_0,,iOS,2.4.1
2370,92,session_end,,2026-08-12T13:59:52,s_92_11_0,,Android,2.4.0
781,32,level_start,1,2026-08-12T14:00:09,s_32_11_0,,iOS,2.4.1
763,30,level_complete,1,2026-08-12T14:00:56,s_30_11_0,,iOS,2.4.0
764,30,level_start,2,2026-08-12T14:01:33,s_30_11_0,,iOS,2.4.0
782,32,level_complete,1,2026-08-12T14:03:04,s_32_11_0,,iOS,2.4.1
783,32,level_start,2,2026-08-12T14:04:33,s_32_11_0,,iOS,2.4.1
765,30,level_fail,2,2026-08-12T14:04:47,s_30_11_0,,iOS,2.4.0
766,30,session_end,,2026-08-12T14:05:35,s_30_11_0,,iOS,2.4.0
784,32,level_complete,2,2026-08-12T14:07:57,s_32_11_0,,iOS,2.4.1
785,32,session_end,,2026-08-12T14:08:36,s_32_11_0,,iOS,2.4.1
169,8,session_start,,2026-08-12T14:32:00,s_8_11_0,,Android,2.5.0
170,8,level_start,4,2026-08-12T14:33:09,s_8_11_0,,Android,2.5.0
171,8,level_complete,4,2026-08-12T14:33:59,s_8_11_0,,Android,2.5.0
172,8,level_start,5,2026-08-12T14:34:22,s_8_11_0,,Android,2.5.0
173,8,level_fail,5,2026-08-12T14:36:13,s_8_11_0,,Android,2.5.0
174,8,level_start,6,2026-08-12T14:37:15,s_8_11_0,,Android,2.5.0
175,8,level_complete,6,2026-08-12T14:41:07,s_8_11_0,,Android,2.5.0
176,8,session_end,,2026-08-12T14:41:41,s_8_11_0,,Android,2.5.0
2167,86,session_start,,2026-08-12T14:43:00,s_86_11_0,,Android,2.4.1
2168,86,level_start,2,2026-08-12T14:43:53,s_86_11_0,,Android,2.4.1
2169,86,level_complete,2,2026-08-12T14:45:00,s_86_11_0,,Android,2.4.1
2170,86,level_start,3,2026-08-12T14:46:15,s_86_11_0,,Android,2.4.1
2171,86,level_complete,3,2026-08-12T14:46:48,s_86_11_0,,Android,2.4.1
2172,86,level_start,4,2026-08-12T14:48:05,s_86_11_0,,Android,2.4.1
2173,86,level_complete,4,2026-08-12T14:50:12,s_86_11_0,,Android,2.4.1
2174,86,level_start,5,2026-08-12T14:51:39,s_86_11_0,,Android,2.4.1
2175,86,level_fail,5,2026-08-12T14:55:03,s_86_11_0,,Android,2.4.1
2176,86,session_end,,2026-08-12T14:55:45,s_86_11_0,,Android,2.4.1
2801,113,session_start,,2026-08-12T15:27:00,s_113_11_0,,iOS,2.4.0
2802,113,level_start,1,2026-08-12T15:27:58,s_113_11_0,,iOS,2.4.0
2803,113,level_fail,1,2026-08-12T15:29:06,s_113_11_0,,iOS,2.4.0
2804,113,session_end,,2026-08-12T15:31:03,s_113_11_0,,iOS,2.4.0
1590,65,session_start,,2026-08-12T15:49:00,s_65_11_1,,Android,2.4.1
1591,65,level_start,1,2026-08-12T15:50:08,s_65_11_1,,Android,2.4.1
1578,63,session_start,,2026-08-12T15:51:00,s_63_11_0,,Android,2.4.0
1579,63,level_start,7,2026-08-12T15:52:13,s_63_11_0,,Android,2.4.0
1592,65,level_complete,1,2026-08-12T15:53:15,s_65_11_1,,Android,2.4.1
1580,63,level_complete,7,2026-08-12T15:54:50,s_63_11_0,,Android,2.4.0
1593,65,session_end,,2026-08-12T15:55:05,s_65_11_1,,Android,2.4.1
1581,63,session_end,,2026-08-12T15:56:40,s_63_11_0,,Android,2.4.0
1391,57,session_start,,2026-08-12T16:57:00,s_57_11_0,,Android,2.4.1
1392,57,level_start,1,2026-08-12T16:58:06,s_57_11_0,,Android,2.4.1
1393,57,level_complete,1,2026-08-12T17:00:16,s_57_11_0,,Android,2.4.1
1394,57,level_start,2,2026-08-12T17:01:13,s_57_11_0,,Android,2.4.1
1395,57,level_complete,2,2026-08-12T17:02:17,s_57_11_0,,Android,2.4.1
2805,114,session_start,,2026-08-12T17:03:00,s_114_11_0,,Android,2.4.0
1396,57,session_end,,2026-08-12T17:03:52,s_57_11_0,,Android,2.4.1
2806,114,level_start,6,2026-08-12T17:04:25,s_114_11_0,,Android,2.4.0
2807,114,level_complete,6,2026-08-12T17:05:22,s_114_11_0,,Android,2.4.0
2808,114,session_end,,2026-08-12T17:06:44,s_114_11_0,,Android,2.4.0
4115,167,session_start,,2026-08-12T17:24:00,s_167_11_1,,iOS,2.5.0
4116,167,level_start,7,2026-08-12T17:25:05,s_167_11_1,,iOS,2.5.0
4117,167,level_fail,7,2026-08-12T17:27:10,s_167_11_1,,iOS,2.5.0
4118,167,level_start,8,2026-08-12T17:27:38,s_167_11_1,,iOS,2.5.0
4119,167,level_complete,8,2026-08-12T17:30:03,s_167_11_1,,iOS,2.5.0
4120,167,level_start,9,2026-08-12T17:30:27,s_167_11_1,,iOS,2.5.0
4121,167,level_complete,9,2026-08-12T17:33:07,s_167_11_1,,iOS,2.5.0
434,17,session_start,,2026-08-12T17:34:00,s_17_11_1,,Android,2.4.0
4122,167,level_start,10,2026-08-12T17:34:19,s_167_11_1,,iOS,2.5.0
435,17,level_start,4,2026-08-12T17:35:01,s_17_11_1,,Android,2.4.0
4123,167,level_complete,10,2026-08-12T17:36:04,s_167_11_1,,iOS,2.5.0
436,17,level_complete,4,2026-08-12T17:37:44,s_17_11_1,,Android,2.4.0
4124,167,session_end,,2026-08-12T17:37:56,s_167_11_1,,iOS,2.5.0
437,17,level_start,5,2026-08-12T17:38:30,s_17_11_1,,Android,2.4.0
438,17,level_complete,5,2026-08-12T17:42:03,s_17_11_1,,Android,2.4.0
439,17,purchase,,2026-08-12T17:42:45,s_17_11_1,9.99,Android,2.4.0
2005,79,session_start,,2026-08-12T17:43:00,s_79_11_1,,iOS,2.4.0
440,17,session_end,,2026-08-12T17:43:22,s_17_11_1,,Android,2.4.0
2006,79,level_start,1,2026-08-12T17:43:28,s_79_11_1,,iOS,2.4.0
2007,79,level_complete,1,2026-08-12T17:44:36,s_79_11_1,,iOS,2.4.0
2008,79,level_start,2,2026-08-12T17:44:59,s_79_11_1,,iOS,2.4.0
2009,79,level_fail,2,2026-08-12T17:46:55,s_79_11_1,,iOS,2.4.0
2010,79,level_start,3,2026-08-12T17:48:23,s_79_11_1,,iOS,2.4.0
2011,79,level_complete,3,2026-08-12T17:49:35,s_79_11_1,,iOS,2.4.0
3221,133,session_start,,2026-08-12T17:50:00,s_133_11_0,,iOS,2.5.0
3222,133,level_start,1,2026-08-12T17:50:39,s_133_11_0,,iOS,2.5.0
2012,79,session_end,,2026-08-12T17:50:54,s_79_11_1,,iOS,2.4.0
3223,133,level_complete,1,2026-08-12T17:52:33,s_133_11_0,,iOS,2.5.0
3224,133,session_end,,2026-08-12T17:54:20,s_133_11_0,,iOS,2.5.0
4027,165,session_start,,2026-08-12T18:18:00,s_165_11_0,,iOS,2.4.0
4028,165,level_start,9,2026-08-12T18:18:48,s_165_11_0,,iOS,2.4.0
2409,94,session_start,,2026-08-12T18:20:00,s_94_11_0,,iOS,2.4.0
2410,94,level_start,1,2026-08-12T18:21:07,s_94_11_0,,iOS,2.4.0
4029,165,level_complete,9,2026-08-12T18:22:36,s_165_11_0,,iOS,2.4.0
2411,94,level_complete,1,2026-08-12T18:23:31,s_94_11_0,,iOS,2.4.0
4030,165,level_start,10,2026-08-12T18:23:44,s_165_11_0,,iOS,2.4.0
2412,94,level_start,2,2026-08-12T18:24:11,s_94_11_0,,iOS,2.4.0
4031,165,level_complete,10,2026-08-12T18:24:43,s_165_11_0,,iOS,2.4.0
4032,165,level_start,11,2026-08-12T18:26:03,s_165_11_0,,iOS,2.4.0
2413,94,level_complete,2,2026-08-12T18:26:57,s_94_11_0,,iOS,2.4.0
4033,165,level_complete,11,2026-08-12T18:27:04,s_165_11_0,,iOS,2.4.0
2414,94,session_end,,2026-08-12T18:27:30,s_94_11_0,,iOS,2.4.0
4034,165,level_start,12,2026-08-12T18:28:23,s_165_11_0,,iOS,2.4.0
4035,165,level_fail,12,2026-08-12T18:30:38,s_165_11_0,,iOS,2.4.0
4036,165,session_end,,2026-08-12T18:32:30,s_165_11_0,,iOS,2.4.0
3269,138,session_start,,2026-08-12T18:47:00,s_138_11_0,,iOS,2.5.0
3270,138,level_start,1,2026-08-12T18:48:19,s_138_11_0,,iOS,2.5.0
3271,138,level_complete,1,2026-08-12T18:49:06,s_138_11_0,,iOS,2.5.0
3272,138,level_start,2,2026-08-12T18:49:57,s_138_11_0,,iOS,2.5.0
3273,138,level_fail,2,2026-08-12T18:53:29,s_138_11_0,,iOS,2.5.0
3274,138,level_start,3,2026-08-12T18:54:06,s_138_11_0,,iOS,2.5.0
3275,138,level_fail,3,2026-08-12T18:56:36,s_138_11_0,,iOS,2.5.0
3276,138,session_end,,2026-08-12T18:57:26,s_138_11_0,,iOS,2.5.0
3036,122,session_start,,2026-08-12T19:07:00,s_122_11_0,,iOS,2.5.0
3037,122,level_start,3,2026-08-12T19:08:15,s_122_11_0,,iOS,2.5.0
3038,122,level_complete,3,2026-08-12T19:09:38,s_122_11_0,,iOS,2.5.0
3039,122,level_start,4,2026-08-12T19:10:38,s_122_11_0,,iOS,2.5.0
3040,122,level_fail,4,2026-08-12T19:14:02,s_122_11_0,,iOS,2.5.0
3041,122,session_end,,2026-08-12T19:15:53,s_122_11_0,,iOS,2.5.0
4456,178,session_start,,2026-08-12T19:48:00,s_178_11_1,,iOS,2.4.0
4457,178,level_start,8,2026-08-12T19:48:51,s_178_11_1,,iOS,2.4.0
3717,156,session_start,,2026-08-12T19:49:00,s_156_11_0,,iOS,2.5.0
3718,156,level_start,1,2026-08-12T19:49:55,s_156_11_0,,iOS,2.5.0
3719,156,level_complete,1,2026-08-12T19:51:18,s_156_11_0,,iOS,2.5.0
3720,156,session_end,,2026-08-12T19:51:59,s_156_11_0,,iOS,2.5.0
4458,178,level_complete,8,2026-08-12T19:52:49,s_178_11_1,,iOS,2.4.0
4459,178,purchase,,2026-08-12T19:53:27,s_178_11_1,1.99,iOS,2.4.0
4460,178,session_end,,2026-08-12T19:54:33,s_178_11_1,,iOS,2.4.0
2557,103,session_start,,2026-08-12T20:04:00,s_103_11_0,,iOS,2.4.1
2558,103,level_start,1,2026-08-12T20:04:45,s_103_11_0,,iOS,2.4.1
219,10,session_start,,2026-08-12T20:05:00,s_10_11_0,,Android,2.5.0
220,10,level_start,2,2026-08-12T20:06:15,s_10_11_0,,Android,2.5.0
2559,103,level_complete,1,2026-08-12T20:06:30,s_103_11_0,,iOS,2.4.1
2560,103,level_start,2,2026-08-12T20:07:52,s_103_11_0,,iOS,2.4.1
221,10,level_fail,2,2026-08-12T20:09:19,s_10_11_0,,Android,2.5.0
222,10,level_start,3,2026-08-12T20:10:02,s_10_11_0,,Android,2.5.0
2561,103,level_complete,2,2026-08-12T20:10:31,s_103_11_0,,iOS,2.4.1
2562,103,level_start,3,2026-08-12T20:11:34,s_103_11_0,,iOS,2.4.1
223,10,level_complete,3,2026-08-12T20:12:51,s_10_11_0,,Android,2.5.0
224,10,level_start,4,2026-08-12T20:13:24,s_10_11_0,,Android,2.5.0
225,10,level_complete,4,2026-08-12T20:14:14,s_10_11_0,,Android,2.5.0
226,10,level_start,5,2026-08-12T20:15:11,s_10_11_0,,Android,2.5.0
2563,103,level_fail,3,2026-08-12T20:15:31,s_103_11_0,,iOS,2.4.1
227,10,level_complete,5,2026-08-12T20:16:59,s_10_11_0,,Android,2.5.0
2564,103,session_end,,2026-08-12T20:17:10,s_103_11_0,,iOS,2.4.1
228,10,session_end,,2026-08-12T20:18:23,s_10_11_0,,Android,2.5.0
427,17,session_start,,2026-08-12T20:34:00,s_17_11_0,,Android,2.4.0
428,17,level_start,4,2026-08-12T20:34:30,s_17_11_0,,Android,2.4.0
429,17,level_complete,4,2026-08-12T20:37:14,s_17_11_0,,Android,2.4.0
430,17,level_start,5,2026-08-12T20:38:20,s_17_11_0,,Android,2.4.0
2880,116,session_start,,2026-08-12T20:39:00,s_116_11_0,,iOS,2.4.0
431,17,level_fail,5,2026-08-12T20:39:09,s_17_11_0,,Android,2.4.0
432,17,purchase,,2026-08-12T20:39:54,s_17_11_0,19.99,Android,2.4.0
2881,116,level_start,2,2026-08-12T20:40:24,s_116_11_0,,iOS,2.4.0
433,17,session_end,,2026-08-12T20:40:49,s_17_11_0,,Android,2.4.0
2882,116,level_complete,2,2026-08-12T20:41:20,s_116_11_0,,iOS,2.4.0
2883,116,session_end,,2026-08-12T20:42:05,s_116_11_0,,iOS,2.4.0
3143,127,session_start,,2026-08-12T20:47:00,s_127_11_0,,Android,2.5.0
3144,127,level_start,1,2026-08-12T20:48:11,s_127_11_0,,Android,2.5.0
3145,127,level_complete,1,2026-08-12T20:49:28,s_127_11_0,,Android,2.5.0
3146,127,session_end,,2026-08-12T20:49:58,s_127_11_0,,Android,2.5.0
503,20,session_start,,2026-08-12T22:12:00,s_20_11_0,,iOS,2.4.0
504,20,level_start,4,2026-08-12T22:12:51,s_20_11_0,,iOS,2.4.0
505,20,level_complete,4,2026-08-12T22:16:19,s_20_11_0,,iOS,2.4.0
506,20,session_end,,2026-08-12T22:17:15,s_20_11_0,,iOS,2.4.0
1078,46,session_start,,2026-08-12T22:26:00,s_46_11_0,,Android,2.5.0
1079,46,level_start,13,2026-08-12T22:26:24,s_46_11_0,,Android,2.5.0
1080,46,level_fail,13,2026-08-12T22:29:23,s_46_11_0,,Android,2.5.0
1081,46,level_start,14,2026-08-12T22:30:07,s_46_11_0,,Android,2.5.0
1082,46,level_fail,14,2026-08-12T22:32:04,s_46_11_0,,Android,2.5.0
1083,46,level_start,15,2026-08-12T22:32:52,s_46_11_0,,Android,2.5.0
1084,46,level_complete,15,2026-08-12T22:36:17,s_46_11_0,,Android,2.5.0
1085,46,level_start,16,2026-08-12T22:37:37,s_46_11_0,,Android,2.5.0
1086,46,level_complete,16,2026-08-12T22:40:58,s_46_11_0,,Android,2.5.0
1087,46,session_end,,2026-08-12T22:41:49,s_46_11_0,,Android,2.5.0
2287,91,session_start,,2026-08-13T08:06:00,s_91_12_0,,Android,2.5.0
2288,91,level_start,2,2026-08-13T08:06:40,s_91_12_0,,Android,2.5.0
2289,91,level_complete,2,2026-08-13T08:10:31,s_91_12_0,,Android,2.5.0
2290,91,session_end,,2026-08-13T08:11:10,s_91_12_0,,Android,2.5.0
1750,70,session_start,,2026-08-13T08:52:00,s_70_12_1,,Android,2.5.0
1751,70,level_start,2,2026-08-13T08:52:29,s_70_12_1,,Android,2.5.0
1752,70,level_complete,2,2026-08-13T08:54:16,s_70_12_1,,Android,2.5.0
1753,70,level_start,3,2026-08-13T08:55:03,s_70_12_1,,Android,2.5.0
3052,122,session_start,,2026-08-13T08:57:00,s_122_12_0,,iOS,2.5.0
1754,70,level_complete,3,2026-08-13T08:57:45,s_70_12_1,,Android,2.5.0
3053,122,level_start,5,2026-08-13T08:58:12,s_122_12_0,,iOS,2.5.0
1755,70,level_start,4,2026-08-13T08:58:34,s_70_12_1,,Android,2.5.0
3054,122,level_fail,5,2026-08-13T09:01:04,s_122_12_0,,iOS,2.5.0
1756,70,level_complete,4,2026-08-13T09:01:20,s_70_12_1,,Android,2.5.0
1757,70,session_end,,2026-08-13T09:02:14,s_70_12_1,,Android,2.5.0
3055,122,session_end,,2026-08-13T09:03:04,s_122_12_0,,iOS,2.5.0
3559,149,session_start,,2026-08-13T09:45:00,s_149_12_0,,iOS,2.5.0
3560,149,level_start,1,2026-08-13T09:45:22,s_149_12_0,,iOS,2.5.0
3561,149,level_complete,1,2026-08-13T09:47:32,s_149_12_0,,iOS,2.5.0
3562,149,level_start,2,2026-08-13T09:49:00,s_149_12_0,,iOS,2.5.0
3563,149,level_fail,2,2026-08-13T09:52:50,s_149_12_0,,iOS,2.5.0
2193,87,session_start,,2026-08-13T09:54:00,s_87_12_0,,iOS,2.5.0
3564,149,session_end,,2026-08-13T09:54:22,s_149_12_0,,iOS,2.5.0
2194,87,level_start,1,2026-08-13T09:54:43,s_87_12_0,,iOS,2.5.0
2195,87,level_complete,1,2026-08-13T09:55:41,s_87_12_0,,iOS,2.5.0
2196,87,session_end,,2026-08-13T09:56:43,s_87_12_0,,iOS,2.5.0
852,37,session_start,,2026-08-13T10:06:00,s_37_12_0,,Android,2.4.1
853,37,level_start,1,2026-08-13T10:07:19,s_37_12_0,,Android,2.4.1
854,37,level_complete,1,2026-08-13T10:09:09,s_37_12_0,,Android,2.4.1
855,37,session_end,,2026-08-13T10:10:47,s_37_12_0,,Android,2.4.1
3415,143,session_start,,2026-08-13T10:12:00,s_143_12_1,,iOS,2.4.0
3416,143,level_start,17,2026-08-13T10:12:44,s_143_12_1,,iOS,2.4.0
3417,143,level_fail,17,2026-08-13T10:14:20,s_143_12_1,,iOS,2.4.0
3418,143,session_end,,2026-08-13T10:15:42,s_143_12_1,,iOS,2.4.0
1883,73,session_start,,2026-08-13T10:20:00,s_73_12_1,,iOS,2.5.0
1884,73,level_start,1,2026-08-13T10:21:00,s_73_12_1,,iOS,2.5.0
3813,159,session_start,,2026-08-13T10:22:00,s_159_12_0,,iOS,2.4.1
3814,159,level_start,1,2026-08-13T10:23:09,s_159_12_0,,iOS,2.4.1
1885,73,level_fail,1,2026-08-13T10:23:15,s_73_12_1,,iOS,2.5.0
1886,73,level_start,2,2026-08-13T10:24:13,s_73_12_1,,iOS,2.5.0
3815,159,level_fail,1,2026-08-13T10:26:34,s_159_12_0,,iOS,2.4.1
1887,73,level_complete,2,2026-08-13T10:26:36,s_73_12_1,,iOS,2.5.0
3816,159,session_end,,2026-08-13T10:27:18,s_159_12_0,,iOS,2.4.1
1888,73,session_end,,2026-08-13T10:28:27,s_73_12_1,,iOS,2.5.0
2475,97,session_start,,2026-08-13T10:37:00,s_97_12_1,,Android,2.4.0
2476,97,level_start,7,2026-08-13T10:38:00,s_97_12_1,,Android,2.4.0
2477,97,level_fail,7,2026-08-13T10:40:28,s_97_12_1,,Android,2.4.0
2478,97,session_end,,2026-08-13T10:41:15,s_97_12_1,,Android,2.4.0
3783,157,session_start,,2026-08-13T10:57:00,s_157_12_0,,iOS,2.4.0
3784,157,level_start,6,2026-08-13T10:58:23,s_157_12_0,,iOS,2.4.0
3785,157,level_complete,6,2026-08-13T10:59:39,s_157_12_0,,iOS,2.4.0
3786,157,level_start,7,2026-08-13T11:00:21,s_157_12_0,,iOS,2.4.0
3787,157,level_complete,7,2026-08-13T11:01:39,s_157_12_0,,iOS,2.4.0
3788,157,level_start,8,2026-08-13T11:02:22,s_157_12_0,,iOS,2.4.0
4161,168,session_start,,2026-08-13T11:03:00,s_168_12_0,,iOS,2.4.1
4162,168,level_start,1,2026-08-13T11:03:33,s_168_12_0,,iOS,2.4.1
4163,168,level_fail,1,2026-08-13T11:05:25,s_168_12_0,,iOS,2.4.1
3789,157,level_complete,8,2026-08-13T11:05:37,s_157_12_0,,iOS,2.4.0
3790,157,level_start,9,2026-08-13T11:06:36,s_157_12_0,,iOS,2.4.0
4164,168,session_end,,2026-08-13T11:06:50,s_168_12_0,,iOS,2.4.1
3791,157,level_fail,9,2026-08-13T11:07:47,s_157_12_0,,iOS,2.4.0
3349,140,session_start,,2026-08-13T11:08:00,s_140_12_0,,iOS,2.4.0
3792,157,session_end,,2026-08-13T11:09:07,s_157_12_0,,iOS,2.4.0
3350,140,level_start,4,2026-08-13T11:09:30,s_140_12_0,,iOS,2.4.0
4396,176,session_start,,2026-08-13T11:12:00,s_176_12_0,,iOS,2.4.0
3351,140,level_fail,4,2026-08-13T11:13:23,s_140_12_0,,iOS,2.4.0
4397,176,level_start,1,2026-08-13T11:13:27,s_176_12_0,,iOS,2.4.0
3352,140,session_end,,2026-08-13T11:14:23,s_140_12_0,,iOS,2.4.0
4398,176,level_complete,1,2026-08-13T11:17:24,s_176_12_0,,iOS,2.4.0
1917,75,session_start,,2026-08-13T11:18:00,s_75_12_0,,Android,2.4.0
4399,176,session_end,,2026-08-13T11:18:05,s_176_12_0,,iOS,2.4.0
1918,75,level_start,1,2026-08-13T11:18:58,s_75_12_0,,Android,2.4.0
1919,75,level_complete,1,2026-08-13T11:22:46,s_75_12_0,,Android,2.4.0
1920,75,session_end,,2026-08-13T11:24:15,s_75_12_0,,Android,2.4.0
545,22,session_start,,2026-08-13T12:50:00,s_22_12_1,,Android,2.4.0
546,22,level_start,1,2026-08-13T12:51:07,s_22_12_1,,Android,2.4.0
4346,174,session_start,,2026-08-13T12:52:00,s_174_12_1,,iOS,2.5.0
4347,174,level_start,2,2026-08-13T12:53:15,s_174_12_1,,iOS,2.5.0
547,22,level_complete,1,2026-08-13T12:53:20,s_22_12_1,,Android,2.4.0
548,22,level_start,2,2026-08-13T12:54:11,s_22_12_1,,Android,2.4.0
4348,174,level_complete,2,2026-08-13T12:54:22,s_174_12_1,,iOS,2.5.0
4349,174,level_start,3,2026-08-13T12:55:05,s_174_12_1,,iOS,2.5.0
4350,174,level_fail,3,2026-08-13T12:56:11,s_174_12_1,,iOS,2.5.0
4351,174,level_start,4,2026-08-13T12:57:01,s_174_12_1,,iOS,2.5.0
549,22,level_complete,2,2026-08-13T12:57:39,s_22_12_1,,Android,2.4.0
4352,174,level_complete,4,2026-08-13T12:58:14,s_174_12_1,,iOS,2.5.0
550,22,session_end,,2026-08-13T12:59:36,s_22_12_1,,Android,2.4.0
4353,174,level_start,5,2026-08-13T12:59:43,s_174_12_1,,iOS,2.5.0
4354,174,level_complete,5,2026-08-13T13:01:04,s_174_12_1,,iOS,2.5.0
4355,174,session_end,,2026-08-13T13:02:59,s_174_12_1,,iOS,2.5.0
4392,175,session_start,,2026-08-13T13:06:00,s_175_12_0,,iOS,2.4.1
4393,175,level_start,1,2026-08-13T13:06:37,s_175_12_0,,iOS,2.4.1
4394,175,level_complete,1,2026-08-13T13:09:50,s_175_12_0,,iOS,2.4.1
4395,175,session_end,,2026-08-13T13:10:45,s_175_12_0,,iOS,2.4.1
445,18,session_start,,2026-08-13T13:57:00,s_18_12_0,,iOS,2.4.1
446,18,level_start,3,2026-08-13T13:58:08,s_18_12_0,,iOS,2.4.1
447,18,level_complete,3,2026-08-13T14:00:14,s_18_12_0,,iOS,2.4.1
448,18,level_start,4,2026-08-13T14:01:43,s_18_12_0,,iOS,2.4.1
449,18,level_complete,4,2026-08-13T14:02:47,s_18_12_0,,iOS,2.4.1
4342,174,session_start,,2026-08-13T14:03:00,s_174_12_0,,iOS,2.5.0
450,18,level_start,5,2026-08-13T14:03:51,s_18_12_0,,iOS,2.4.1
4343,174,level_start,3,2026-08-13T14:04:11,s_174_12_0,,iOS,2.5.0
451,18,level_complete,5,2026-08-13T14:04:51,s_18_12_0,,iOS,2.4.1
452,18,level_start,6,2026-08-13T14:06:19,s_18_12_0,,iOS,2.4.1
4344,174,level_fail,3,2026-08-13T14:06:44,s_174_12_0,,iOS,2.5.0
4345,174,session_end,,2026-08-13T14:08:23,s_174_12_0,,iOS,2.5.0
453,18,level_complete,6,2026-08-13T14:08:29,s_18_12_0,,iOS,2.4.1
454,18,session_end,,2026-08-13T14:09:27,s_18_12_0,,iOS,2.4.1
1397,57,session_start,,2026-08-13T14:23:00,s_57_12_0,,Android,2.4.1
1398,57,level_start,2,2026-08-13T14:23:41,s_57_12_0,,Android,2.4.1
1399,57,level_complete,2,2026-08-13T14:27:24,s_57_12_0,,Android,2.4.1
1400,57,session_end,,2026-08-13T14:28:51,s_57_12_0,,Android,2.4.1
3437,144,session_start,,2026-08-13T14:39:00,s_144_12_0,,iOS,2.4.1
3438,144,level_start,2,2026-08-13T14:40:02,s_144_12_0,,iOS,2.4.1
3439,144,level_complete,2,2026-08-13T14:43:58,s_144_12_0,,iOS,2.4.1
3440,144,session_end,,2026-08-13T14:45:26,s_144_12_0,,iOS,2.4.1
896,39,session_start,,2026-08-13T14:50:00,s_39_12_0,,iOS,2.4.0
897,39,level_start,14,2026-08-13T14:51:29,s_39_12_0,,iOS,2.4.0
898,39,level_complete,14,2026-08-13T14:55:19,s_39_12_0,,iOS,2.4.0
899,39,level_start,15,2026-08-13T14:56:43,s_39_12_0,,iOS,2.4.0
900,39,level_complete,15,2026-08-13T14:58:35,s_39_12_0,,iOS,2.4.0
901,39,level_start,16,2026-08-13T14:59:18,s_39_12_0,,iOS,2.4.0
902,39,level_complete,16,2026-08-13T14:59:54,s_39_12_0,,iOS,2.4.0
903,39,session_end,,2026-08-13T15:00:52,s_39_12_0,,iOS,2.4.0
3817,159,session_start,,2026-08-13T15:10:00,s_159_12_1,,iOS,2.4.1
3818,159,level_start,1,2026-08-13T15:10:33,s_159_12_1,,iOS,2.4.1
3819,159,level_complete,1,2026-08-13T15:12:15,s_159_12_1,,iOS,2.4.1
3820,159,session_end,,2026-08-13T15:14:03,s_159_12_1,,iOS,2.4.1
3056,122,session_start,,2026-08-13T15:48:00,s_122_12_1,,iOS,2.5.0
3057,122,level_start,3,2026-08-13T15:48:29,s_122_12_1,,iOS,2.5.0
3058,122,level_complete,3,2026-08-13T15:51:16,s_122_12_1,,iOS,2.5.0
3059,122,level_start,4,2026-08-13T15:52:32,s_122_12_1,,iOS,2.5.0
3060,122,level_complete,4,2026-08-13T15:55:54,s_122_12_1,,iOS,2.5.0
3061,122,level_start,5,2026-08-13T15:57:02,s_122_12_1,,iOS,2.5.0
3062,122,level_complete,5,2026-08-13T16:00:05,s_122_12_1,,iOS,2.5.0
3063,122,level_start,6,2026-08-13T16:00:47,s_122_12_1,,iOS,2.5.0
3064,122,level_fail,6,2026-08-13T16:04:33,s_122_12_1,,iOS,2.5.0
3065,122,session_end,,2026-08-13T16:05:04,s_122_12_1,,iOS,2.5.0
844,36,session_start,,2026-08-13T16:08:00,s_36_12_0,,Android,2.4.0
845,36,level_start,1,2026-08-13T16:08:27,s_36_12_0,,Android,2.4.0
846,36,level_complete,1,2026-08-13T16:10:48,s_36_12_0,,Android,2.4.0
847,36,session_end,,2026-08-13T16:11:34,s_36_12_0,,Android,2.4.0
3407,143,session_start,,2026-08-13T16:26:00,s_143_12_0,,iOS,2.4.0
3408,143,level_start,13,2026-08-13T16:26:41,s_143_12_0,,iOS,2.4.0
3409,143,level_complete,13,2026-08-13T16:27:56,s_143_12_0,,iOS,2.4.0
3410,143,level_start,14,2026-08-13T16:28:33,s_143_12_0,,iOS,2.4.0
3411,143,level_complete,14,2026-08-13T16:29:53,s_143_12_0,,iOS,2.4.0
1680,66,session_start,,2026-08-13T16:30:00,s_66_12_0,,Android,2.5.0
1681,66,level_start,13,2026-08-13T16:30:52,s_66_12_0,,Android,2.5.0
3412,143,level_start,15,2026-08-13T16:31:17,s_143_12_0,,iOS,2.4.0
3413,143,level_complete,15,2026-08-13T16:32:15,s_143_12_0,,iOS,2.4.0
3414,143,session_end,,2026-08-13T16:33:12,s_143_12_0,,iOS,2.4.0
1682,66,level_complete,13,2026-08-13T16:34:51,s_66_12_0,,Android,2.5.0
1683,66,level_start,14,2026-08-13T16:35:12,s_66_12_0,,Android,2.5.0
1684,66,level_fail,14,2026-08-13T16:36:13,s_66_12_0,,Android,2.5.0
1685,66,session_end,,2026-08-13T16:37:14,s_66_12_0,,Android,2.5.0
2383,93,session_start,,2026-08-13T16:40:00,s_93_12_0,,Android,2.4.1
2384,93,level_start,1,2026-08-13T16:41:13,s_93_12_0,,Android,2.4.1
2385,93,level_complete,1,2026-08-13T16:44:37,s_93_12_0,,Android,2.4.1
2386,93,session_end,,2026-08-13T16:45:23,s_93_12_0,,Android,2.4.1
3091,123,session_start,,2026-08-13T16:48:00,s_123_12_0,,Android,2.5.0
3092,123,level_start,2,2026-08-13T16:48:26,s_123_12_0,,Android,2.5.0
3093,123,level_fail,2,2026-08-13T16:50:07,s_123_12_0,,Android,2.5.0
3094,123,session_end,,2026-08-13T16:51:17,s_123_12_0,,Android,2.5.0
786,32,session_start,,2026-08-13T17:04:00,s_32_12_0,,iOS,2.4.1
787,32,level_start,1,2026-08-13T17:04:47,s_32_12_0,,iOS,2.4.1
788,32,level_fail,1,2026-08-13T17:05:27,s_32_12_0,,iOS,2.4.1
789,32,session_end,,2026-08-13T17:06:47,s_32_12_0,,iOS,2.4.1
2013,79,session_start,,2026-08-13T17:07:00,s_79_12_0,,iOS,2.4.0
2014,79,level_start,1,2026-08-13T17:07:24,s_79_12_0,,iOS,2.4.0
2015,79,level_complete,1,2026-08-13T17:09:03,s_79_12_0,,iOS,2.4.0
2016,79,level_start,2,2026-08-13T17:10:26,s_79_12_0,,iOS,2.4.0
2017,79,level_complete,2,2026-08-13T17:11:56,s_79_12_0,,iOS,2.4.0
2018,79,level_start,3,2026-08-13T17:12:54,s_79_12_0,,iOS,2.4.0
2019,79,level_complete,3,2026-08-13T17:14:19,s_79_12_0,,iOS,2.4.0
2020,79,session_end,,2026-08-13T17:15:11,s_79_12_0,,iOS,2.4.0
3649,151,session_start,,2026-08-13T17:28:00,s_151_12_0,,Android,2.4.1
3650,151,level_start,9,2026-08-13T17:28:42,s_151_12_0,,Android,2.4.1
3651,151,level_complete,9,2026-08-13T17:29:31,s_151_12_0,,Android,2.4.1
3652,151,level_start,10,2026-08-13T17:30:08,s_151_12_0,,Android,2.4.1
3653,151,level_complete,10,2026-08-13T17:32:49,s_151_12_0,,Android,2.4.1
3654,151,session_end,,2026-08-13T17:33:25,s_151_12_0,,Android,2.4.1
5,1,session_start,,2026-08-13T19:04:00,s_1_12_0,,Android,2.5.0
6,1,level_start,1,2026-08-13T19:05:06,s_1_12_0,,Android,2.5.0
7,1,level_complete,1,2026-08-13T19:07:47,s_1_12_0,,Android,2.5.0
8,1,session_end,,2026-08-13T19:09:14,s_1_12_0,,Android,2.5.0
4333,173,session_start,,2026-08-13T19:13:00,s_173_12_0,,iOS,2.5.0
4334,173,level_start,1,2026-08-13T19:13:37,s_173_12_0,,iOS,2.5.0
4335,173,level_fail,1,2026-08-13T19:15:04,s_173_12_0,,iOS,2.5.0
4336,173,session_end,,2026-08-13T19:16:55,s_173_12_0,,iOS,2.5.0
2471,97,session_start,,2026-08-13T19:52:00,s_97_12_0,,Android,2.4.0
2472,97,level_start,6,2026-08-13T19:53:25,s_97_12_0,,Android,2.4.0
2473,97,level_complete,6,2026-08-13T19:57:02,s_97_12_0,,Android,2.4.0
2474,97,session_end,,2026-08-13T19:58:05,s_97_12_0,,Android,2.4.0
663,25,session_start,,2026-08-13T20:25:00,s_25_12_0,,iOS,2.4.0
664,25,level_start,14,2026-08-13T20:26:15,s_25_12_0,,iOS,2.4.0
665,25,level_complete,14,2026-08-13T20:28:26,s_25_12_0,,iOS,2.4.0
666,25,level_start,15,2026-08-13T20:29:11,s_25_12_0,,iOS,2.4.0
667,25,level_fail,15,2026-08-13T20:31:36,s_25_12_0,,iOS,2.4.0
668,25,session_end,,2026-08-13T20:33:36,s_25_12_0,,iOS,2.4.0
1746,70,session_start,,2026-08-13T20:40:00,s_70_12_0,,Android,2.5.0
1747,70,level_start,2,2026-08-13T20:41:13,s_70_12_0,,Android,2.5.0
1748,70,level_complete,2,2026-08-13T20:45:13,s_70_12_0,,Android,2.5.0
4179,169,session_start,,2026-08-13T20:46:00,s_169_12_0,,iOS,2.4.0
4180,169,level_start,4,2026-08-13T20:46:31,s_169_12_0,,iOS,2.4.0
1749,70,session_end,,2026-08-13T20:47:13,s_70_12_0,,Android,2.5.0
4181,169,level_complete,4,2026-08-13T20:48:08,s_169_12_0,,iOS,2.4.0
4182,169,level_start,5,2026-08-13T20:48:38,s_169_12_0,,iOS,2.4.0
4183,169,level_complete,5,2026-08-13T20:50:38,s_169_12_0,,iOS,2.4.0
4184,169,level_start,6,2026-08-13T20:51:29,s_169_12_0,,iOS,2.4.0
515,20,session_start,,2026-08-13T20:53:00,s_20_12_1,,iOS,2.4.0
516,20,level_start,4,2026-08-13T20:54:07,s_20_12_1,,iOS,2.4.0
4185,169,level_complete,6,2026-08-13T20:54:47,s_169_12_0,,iOS,2.4.0
4186,169,level_start,7,2026-08-13T20:55:33,s_169_12_0,,iOS,2.4.0
517,20,level_complete,4,2026-08-13T20:55:57,s_20_12_1,,iOS,2.4.0
518,20,level_start,5,2026-08-13T20:56:45,s_20_12_1,,iOS,2.4.0
539,22,session_start,,2026-08-13T20:58:00,s_22_12_0,,Android,2.4.0
540,22,level_start,1,2026-08-13T20:58:32,s_22_12_0,,Android,2.4.0
4187,169,level_complete,7,2026-08-13T20:59:00,s_169_12_0,,iOS,2.4.0
455,18,session_start,,2026-08-13T21:00:00,s_18_12_1,,iOS,2.4.1
519,20,level_complete,5,2026-08-13T21:00:24,s_20_12_1,,iOS,2.4.0
4188,169,session_end,,2026-08-13T21:00:33,s_169_12_0,,iOS,2.4.0
541,22,level_complete,1,2026-08-13T21:01:16,s_22_12_0,,Android,2.4.0
520,20,level_start,6,2026-08-13T21:01:17,s_20_12_1,,iOS,2.4.0
456,18,level_start,7,2026-08-13T21:01:19,s_18_12_1,,iOS,2.4.1
542,22,level_start,2,2026-08-13T21:02:00,s_22_12_0,,Android,2.4.0
521,20,level_fail,6,2026-08-13T21:04:08,s_20_12_1,,iOS,2.4.0
457,18,level_fail,7,2026-08-13T21:04:41,s_18_12_1,,iOS,2.4.1
543,22,level_complete,2,2026-08-13T21:05:08,s_22_12_0,,Android,2.4.0
522,20,session_end,,2026-08-13T21:05:52,s_20_12_1,,iOS,2.4.0
458,18,session_end,,2026-08-13T21:06:05,s_18_12_1,,iOS,2.4.1
544,22,session_end,,2026-08-13T21:06:23,s_22_12_0,,Android,2.4.0
2493,98,session_start,,2026-08-13T21:12:00,s_98_12_0,,Android,2.4.1
2494,98,level_start,6,2026-08-13T21:13:18,s_98_12_0,,Android,2.4.1
2495,98,level_complete,6,2026-08-13T21:14:07,s_98_12_0,,Android,2.4.1
2496,98,session_end,,2026-08-13T21:14:53,s_98_12_0,,Android,2.4.1
1000,44,session_start,,2026-08-13T21:38:00,s_44_12_0,,iOS,2.4.0
1001,44,level_start,1,2026-08-13T21:38:28,s_44_12_0,,iOS,2.4.0
1002,44,level_complete,1,2026-08-13T21:39:20,s_44_12_0,,iOS,2.4.0
1003,44,level_start,2,2026-08-13T21:40:30,s_44_12_0,,iOS,2.4.0
1004,44,level_complete,2,2026-08-13T21:43:21,s_44_12_0,,iOS,2.4.0
3441,144,session_start,,2026-08-13T21:44:00,s_144_12_1,,iOS,2.4.1
3442,144,level_start,1,2026-08-13T21:44:23,s_144_12_1,,iOS,2.4.1
1005,44,session_end,,2026-08-13T21:44:26,s_44_12_0,,iOS,2.4.0
3443,144,level_complete,1,2026-08-13T21:47:27,s_144_12_1,,iOS,2.4.1
3444,144,level_start,2,2026-08-13T21:48:54,s_144_12_1,,iOS,2.4.1
3445,144,level_fail,2,2026-08-13T21:50:35,s_144_12_1,,iOS,2.4.1
3446,144,level_start,3,2026-08-13T21:51:26,s_144_12_1,,iOS,2.4.1
3447,144,level_complete,3,2026-08-13T21:53:30,s_144_12_1,,iOS,2.4.1
3448,144,session_end,,2026-08-13T21:55:27,s_144_12_1,,iOS,2.4.1
3161,128,session_start,,2026-08-13T22:13:00,s_128_12_0,,iOS,2.4.1
3162,128,level_start,6,2026-08-13T22:13:50,s_128_12_0,,iOS,2.4.1
507,20,session_start,,2026-08-13T22:15:00,s_20_12_0,,iOS,2.4.0
2291,91,session_start,,2026-08-13T22:15:00,s_91_12_1,,Android,2.5.0
3163,128,level_fail,6,2026-08-13T22:15:54,s_128_12_0,,iOS,2.4.1
508,20,level_start,3,2026-08-13T22:16:08,s_20_12_0,,iOS,2.4.0
2292,91,level_start,1,2026-08-13T22:16:13,s_91_12_1,,Android,2.5.0
3164,128,level_start,7,2026-08-13T22:16:35,s_128_12_0,,iOS,2.4.1
2293,91,level_complete,1,2026-08-13T22:17:33,s_91_12_1,,Android,2.5.0
2294,91,session_end,,2026-08-13T22:18:32,s_91_12_1,,Android,2.5.0
509,20,level_complete,3,2026-08-13T22:18:37,s_20_12_0,,iOS,2.4.0
3165,128,level_fail,7,2026-08-13T22:19:19,s_128_12_0,,iOS,2.4.1
510,20,level_start,4,2026-08-13T22:19:42,s_20_12_0,,iOS,2.4.0
3166,128,level_start,8,2026-08-13T22:20:34,s_128_12_0,,iOS,2.4.1
511,20,level_complete,4,2026-08-13T22:21:30,s_20_12_0,,iOS,2.4.0
512,20,level_start,5,2026-08-13T22:22:55,s_20_12_0,,iOS,2.4.0
3167,128,level_complete,8,2026-08-13T22:24:06,s_128_12_0,,iOS,2.4.1
3168,128,session_end,,2026-08-13T22:24:54,s_128_12_0,,iOS,2.4.1
513,20,level_complete,5,2026-08-13T22:25:32,s_20_12_0,,iOS,2.4.0
514,20,session_end,,2026-08-13T22:27:02,s_20_12_0,,iOS,2.4.0
3255,137,session_start,,2026-08-13T22:40:00,s_137_12_0,,iOS,2.5.0
3256,137,level_start,1,2026-08-13T22:40:47,s_137_12_0,,iOS,2.5.0
3257,137,level_complete,1,2026-08-13T22:43:23,s_137_12_0,,iOS,2.5.0
3258,137,level_start,2,2026-08-13T22:44:53,s_137_12_0,,iOS,2.5.0
3259,137,level_fail,2,2026-08-13T22:45:54,s_137_12_0,,iOS,2.5.0
3260,137,session_end,,2026-08-13T22:46:33,s_137_12_0,,iOS,2.5.0
1879,73,session_start,,2026-08-13T22:49:00,s_73_12_0,,iOS,2.5.0
1880,73,level_start,1,2026-08-13T22:50:00,s_73_12_0,,iOS,2.5.0
1881,73,level_complete,1,2026-08-13T22:50:47,s_73_12_0,,iOS,2.5.0
1882,73,session_end,,2026-08-13T22:51:32,s_73_12_0,,iOS,2.5.0
3793,158,session_start,,2026-08-14T09:09:00,s_158_13_0,,iOS,2.5.0
3794,158,level_start,1,2026-08-14T09:09:51,s_158_13_0,,iOS,2.5.0
3795,158,level_fail,1,2026-08-14T09:12:17,s_158_13_0,,iOS,2.5.0
3796,158,session_end,,2026-08-14T09:13:38,s_158_13_0,,iOS,2.5.0
2453,95,session_start,,2026-08-14T09:59:00,s_95_13_0,,Android,2.4.1
2454,95,level_start,7,2026-08-14T09:59:20,s_95_13_0,,Android,2.4.1
2455,95,level_complete,7,2026-08-14T10:01:34,s_95_13_0,,Android,2.4.1
2456,95,level_start,8,2026-08-14T10:02:28,s_95_13_0,,Android,2.4.1
2457,95,level_complete,8,2026-08-14T10:04:44,s_95_13_0,,Android,2.4.1
2458,95,level_start,9,2026-08-14T10:06:03,s_95_13_0,,Android,2.4.1
2459,95,level_complete,9,2026-08-14T10:09:34,s_95_13_0,,Android,2.4.1
2460,95,level_start,10,2026-08-14T10:10:11,s_95_13_0,,Android,2.4.1
930,42,session_start,,2026-08-14T10:11:00,s_42_13_0,,Android,2.4.1
931,42,level_start,1,2026-08-14T10:11:24,s_42_13_0,,Android,2.4.1
2461,95,level_complete,10,2026-08-14T10:11:32,s_95_13_0,,Android,2.4.1
932,42,level_complete,1,2026-08-14T10:12:40,s_42_13_0,,Android,2.4.1
2462,95,session_end,,2026-08-14T10:12:50,s_95_13_0,,Android,2.4.1
933,42,session_end,,2026-08-14T10:14:28,s_42_13_0,,Android,2.4.1
3721,156,session_start,,2026-08-14T10:40:00,s_156_13_0,,iOS,2.5.0
3722,156,level_start,2,2026-08-14T10:40:44,s_156_13_0,,iOS,2.5.0
3723,156,level_complete,2,2026-08-14T10:42:03,s_156_13_0,,iOS,2.5.0
3724,156,session_end,,2026-08-14T10:42:45,s_156_13_0,,iOS,2.5.0
2884,117,session_start,,2026-08-14T10:46:00,s_117_13_0,,Android,2.5.0
2885,117,level_start,6,2026-08-14T10:47:24,s_117_13_0,,Android,2.5.0
2886,117,level_fail,6,2026-08-14T10:50:01,s_117_13_0,,Android,2.5.0
2887,117,level_start,7,2026-08-14T10:50:33,s_117_13_0,,Android,2.5.0
2888,117,level_complete,7,2026-08-14T10:51:42,s_117_13_0,,Android,2.5.0
2889,117,level_start,8,2026-08-14T10:52:44,s_117_13_0,,Android,2.5.0
2890,117,level_complete,8,2026-08-14T10:56:43,s_117_13_0,,Android,2.5.0
2891,117,session_end,,2026-08-14T10:57:38,s_117_13_0,,Android,2.5.0
1710,67,session_start,,2026-08-14T11:10:00,s_67_13_0,,iOS,2.5.0
1711,67,level_start,6,2026-08-14T11:11:03,s_67_13_0,,iOS,2.5.0
1712,67,level_complete,6,2026-08-14T11:14:47,s_67_13_0,,iOS,2.5.0
1713,67,level_start,7,2026-08-14T11:15:14,s_67_13_0,,iOS,2.5.0
1714,67,level_complete,7,2026-08-14T11:17:15,s_67_13_0,,iOS,2.5.0
1715,67,level_start,8,2026-08-14T11:18:43,s_67_13_0,,iOS,2.5.0
1716,67,level_complete,8,2026-08-14T11:22:35,s_67_13_0,,iOS,2.5.0
1717,67,level_start,9,2026-08-14T11:23:57,s_67_13_0,,iOS,2.5.0
1718,67,level_complete,9,2026-08-14T11:25:26,s_67_13_0,,iOS,2.5.0
1719,67,session_end,,2026-08-14T11:27:07,s_67_13_0,,iOS,2.5.0
3423,143,session_start,,2026-08-14T12:04:00,s_143_13_1,,iOS,2.4.0
3424,143,level_start,16,2026-08-14T12:04:50,s_143_13_1,,iOS,2.4.0
1088,46,session_start,,2026-08-14T12:06:00,s_46_13_0,,Android,2.5.0
1089,46,level_start,15,2026-08-14T12:06:53,s_46_13_0,,Android,2.5.0
3425,143,level_complete,16,2026-08-14T12:07:22,s_143_13_1,,iOS,2.4.0
3426,143,level_start,17,2026-08-14T12:07:54,s_143_13_1,,iOS,2.4.0
3427,143,level_complete,17,2026-08-14T12:08:26,s_143_13_1,,iOS,2.4.0
3428,143,level_start,18,2026-08-14T12:08:46,s_143_13_1,,iOS,2.4.0
1090,46,level_fail,15,2026-08-14T12:10:28,s_46_13_0,,Android,2.5.0
1091,46,level_start,16,2026-08-14T12:11:11,s_46_13_0,,Android,2.5.0
3429,143,level_fail,18,2026-08-14T12:12:06,s_143_13_1,,iOS,2.4.0
3430,143,session_end,,2026-08-14T12:12:41,s_143_13_1,,iOS,2.4.0
1092,46,level_fail,16,2026-08-14T12:14:35,s_46_13_0,,Android,2.5.0
1093,46,level_start,17,2026-08-14T12:15:06,s_46_13_0,,Android,2.5.0
848,36,session_start,,2026-08-14T12:16:00,s_36_13_0,,Android,2.4.0
1094,46,level_complete,17,2026-08-14T12:16:32,s_46_13_0,,Android,2.5.0
849,36,level_start,1,2026-08-14T12:17:01,s_36_13_0,,Android,2.4.0
1095,46,level_start,18,2026-08-14T12:17:31,s_46_13_0,,Android,2.5.0
850,36,level_complete,1,2026-08-14T12:18:52,s_36_13_0,,Android,2.4.0
1096,46,level_fail,18,2026-08-14T12:19:48,s_46_13_0,,Android,2.5.0
851,36,session_end,,2026-08-14T12:19:51,s_36_13_0,,Android,2.4.0
1097,46,session_end,,2026-08-14T12:20:51,s_46_13_0,,Android,2.5.0
2257,90,session_start,,2026-08-14T13:04:00,s_90_13_1,,iOS,2.4.1
2258,90,level_start,1,2026-08-14T13:04:38,s_90_13_1,,iOS,2.4.1
2253,90,session_start,,2026-08-14T13:07:00,s_90_13_0,,iOS,2.4.1
2254,90,level_start,1,2026-08-14T13:07:47,s_90_13_0,,iOS,2.4.1
2259,90,level_complete,1,2026-08-14T13:08:21,s_90_13_1,,iOS,2.4.1
2517,99,session_start,,2026-08-14T13:10:00,s_99_13_0,,Android,2.4.1
2260,90,session_end,,2026-08-14T13:10:20,s_90_13_1,,iOS,2.4.1
2518,99,level_start,1,2026-08-14T13:10:32,s_99_13_0,,Android,2.4.1
2255,90,level_complete,1,2026-08-14T13:11:32,s_90_13_0,,iOS,2.4.1
2256,90,session_end,,2026-08-14T13:12:24,s_90_13_0,,iOS,2.4.1
2519,99,level_complete,1,2026-08-14T13:14:31,s_99_13_0,,Android,2.4.1
2520,99,session_end,,2026-08-14T13:15:02,s_99_13_0,,Android,2.4.1
3229,133,session_start,,2026-08-14T13:36:00,s_133_13_1,,iOS,2.5.0
3230,133,level_start,1,2026-08-14T13:36:31,s_133_13_1,,iOS,2.5.0
3231,133,level_complete,1,2026-08-14T13:37:44,s_133_13_1,,iOS,2.5.0
3232,133,session_end,,2026-08-14T13:39:24,s_133_13_1,,iOS,2.5.0
2021,79,session_start,,2026-08-14T13:50:00,s_79_13_0,,iOS,2.4.0
2022,79,level_start,4,2026-08-14T13:50:31,s_79_13_0,,iOS,2.4.0
2023,79,level_complete,4,2026-08-14T13:52:54,s_79_13_0,,iOS,2.4.0
2024,79,session_end,,2026-08-14T13:54:25,s_79_13_0,,iOS,2.4.0
3225,133,session_start,,2026-08-14T14:13:00,s_133_13_0,,iOS,2.5.0
3226,133,level_start,1,2026-08-14T14:14:28,s_133_13_0,,iOS,2.5.0
3227,133,level_complete,1,2026-08-14T14:16:36,s_133_13_0,,iOS,2.5.0
3228,133,session_end,,2026-08-14T14:17:19,s_133_13_0,,iOS,2.5.0
3455,145,session_start,,2026-08-14T15:14:00,s_145_13_1,,Android,2.4.0
3456,145,level_start,3,2026-08-14T15:14:30,s_145_13_1,,Android,2.4.0
3457,145,level_complete,3,2026-08-14T15:16:29,s_145_13_1,,Android,2.4.0
3458,145,level_start,4,2026-08-14T15:17:49,s_145_13_1,,Android,2.4.0
3459,145,level_fail,4,2026-08-14T15:21:07,s_145_13_1,,Android,2.4.0
3460,145,level_start,5,2026-08-14T15:21:39,s_145_13_1,,Android,2.4.0
1692,66,session_start,,2026-08-14T15:24:00,s_66_13_1,,Android,2.5.0
1693,66,level_start,11,2026-08-14T15:24:40,s_66_13_1,,Android,2.5.0
3461,145,level_complete,5,2026-08-14T15:25:16,s_145_13_1,,Android,2.4.0
3462,145,level_start,6,2026-08-14T15:26:00,s_145_13_1,,Android,2.4.0
1694,66,level_fail,11,2026-08-14T15:27:51,s_66_13_1,,Android,2.5.0
1695,66,level_start,12,2026-08-14T15:29:21,s_66_13_1,,Android,2.5.0
3463,145,level_complete,6,2026-08-14T15:29:32,s_145_13_1,,Android,2.4.0
3464,145,session_end,,2026-08-14T15:31:08,s_145_13_1,,Android,2.4.0
2371,92,session_start,,2026-08-14T15:32:00,s_92_13_0,,Android,2.4.0
1696,66,level_complete,12,2026-08-14T15:32:04,s_66_13_1,,Android,2.5.0
1697,66,level_start,13,2026-08-14T15:33:25,s_66_13_1,,Android,2.5.0
2372,92,level_start,1,2026-08-14T15:33:28,s_92_13_0,,Android,2.4.0
1698,66,level_complete,13,2026-08-14T15:36:38,s_66_13_1,,Android,2.5.0
2373,92,level_complete,1,2026-08-14T15:36:51,s_92_13_0,,Android,2.4.0
1699,66,session_end,,2026-08-14T15:37:54,s_66_13_1,,Android,2.5.0
2374,92,session_end,,2026-08-14T15:37:58,s_92_13_0,,Android,2.4.0
2375,92,session_start,,2026-08-14T15:39:00,s_92_13_1,,Android,2.4.0
2376,92,level_start,2,2026-08-14T15:39:44,s_92_13_1,,Android,2.4.0
2377,92,level_complete,2,2026-08-14T15:42:11,s_92_13_1,,Android,2.4.0
2378,92,level_start,3,2026-08-14T15:43:21,s_92_13_1,,Android,2.4.0
2379,92,level_complete,3,2026-08-14T15:44:36,s_92_13_1,,Android,2.4.0
2380,92,level_start,4,2026-08-14T15:45:05,s_92_13_1,,Android,2.4.0
2381,92,level_complete,4,2026-08-14T15:46:02,s_92_13_1,,Android,2.4.0
2382,92,session_end,,2026-08-14T15:46:46,s_92_13_1,,Android,2.4.0
1313,53,session_start,,2026-08-14T16:14:00,s_53_13_0,,Android,2.4.0
1314,53,level_start,5,2026-08-14T16:15:24,s_53_13_0,,Android,2.4.0
1315,53,level_complete,5,2026-08-14T16:16:34,s_53_13_0,,Android,2.4.0
1316,53,level_start,6,2026-08-14T16:18:02,s_53_13_0,,Android,2.4.0
1317,53,level_complete,6,2026-08-14T16:20:15,s_53_13_0,,Android,2.4.0
1318,53,session_end,,2026-08-14T16:21:13,s_53_13_0,,Android,2.4.0
3449,145,session_start,,2026-08-14T16:26:00,s_145_13_0,,Android,2.4.0
3450,145,level_start,8,2026-08-14T16:27:01,s_145_13_0,,Android,2.4.0
3451,145,level_complete,8,2026-08-14T16:27:35,s_145_13_0,,Android,2.4.0
3452,145,level_start,9,2026-08-14T16:28:00,s_145_13_0,,Android,2.4.0
3453,145,level_fail,9,2026-08-14T16:31:56,s_145_13_0,,Android,2.4.0
3454,145,session_end,,2026-08-14T16:33:52,s_145_13_0,,Android,2.4.0
3565,149,session_start,,2026-08-14T16:53:00,s_149_13_0,,iOS,2.5.0
3566,149,level_start,4,2026-08-14T16:53:35,s_149_13_0,,iOS,2.5.0
3567,149,level_fail,4,2026-08-14T16:54:51,s_149_13_0,,iOS,2.5.0
3568,149,session_end,,2026-08-14T16:56:49,s_149_13_0,,iOS,2.5.0
9,1,session_start,,2026-08-14T17:02:00,s_1_13_0,,Android,2.5.0
10,1,level_start,1,2026-08-14T17:02:23,s_1_13_0,,Android,2.5.0
11,1,level_fail,1,2026-08-14T17:03:08,s_1_13_0,,Android,2.5.0
12,1,session_end,,2026-08-14T17:04:29,s_1_13_0,,Android,2.5.0
1758,70,session_start,,2026-08-14T17:40:00,s_70_13_0,,Android,2.5.0
1759,70,level_start,1,2026-08-14T17:40:33,s_70_13_0,,Android,2.5.0
4461,179,session_start,,2026-08-14T17:41:00,s_179_13_0,,Android,2.5.0
4462,179,level_start,1,2026-08-14T17:41:36,s_179_13_0,,Android,2.5.0
1760,70,level_complete,1,2026-08-14T17:44:19,s_70_13_0,,Android,2.5.0
4463,179,level_complete,1,2026-08-14T17:44:41,s_179_13_0,,Android,2.5.0
1761,70,session_end,,2026-08-14T17:45:34,s_70_13_0,,Android,2.5.0
4464,179,session_end,,2026-08-14T17:46:35,s_179_13_0,,Android,2.5.0
4400,176,session_start,,2026-08-14T18:42:00,s_176_13_0,,iOS,2.4.0
4401,176,level_start,1,2026-08-14T18:42:24,s_176_13_0,,iOS,2.4.0
4402,176,level_complete,1,2026-08-14T18:46:21,s_176_13_0,,iOS,2.4.0
4403,176,session_end,,2026-08-14T18:46:51,s_176_13_0,,iOS,2.4.0
3419,143,session_start,,2026-08-14T18:58:00,s_143_13_0,,iOS,2.4.0
3420,143,level_start,17,2026-08-14T18:58:30,s_143_13_0,,iOS,2.4.0
3421,143,level_complete,17,2026-08-14T19:00:15,s_143_13_0,,iOS,2.4.0
3422,143,session_end,,2026-08-14T19:01:00,s_143_13_0,,iOS,2.4.0
3169,128,session_start,,2026-08-14T20:12:00,s_128_13_0,,iOS,2.4.1
856,37,session_start,,2026-08-14T20:13:00,s_37_13_0,,Android,2.4.1
3170,128,level_start,7,2026-08-14T20:13:07,s_128_13_0,,iOS,2.4.1
857,37,level_start,1,2026-08-14T20:14:19,s_37_13_0,,Android,2.4.1
3171,128,level_complete,7,2026-08-14T20:14:58,s_128_13_0,,iOS,2.4.1
3172,128,level_start,8,2026-08-14T20:15:49,s_128_13_0,,iOS,2.4.1
858,37,level_fail,1,2026-08-14T20:15:56,s_37_13_0,,Android,2.4.1
3173,128,level_fail,8,2026-08-14T20:16:30,s_128_13_0,,iOS,2.4.1
859,37,session_end,,2026-08-14T20:16:37,s_37_13_0,,Android,2.4.1
3174,128,session_end,,2026-08-14T20:18:15,s_128_13_0,,iOS,2.4.1
1686,66,session_start,,2026-08-14T20:28:00,s_66_13_0,,Android,2.5.0
1687,66,level_start,14,2026-08-14T20:28:45,s_66_13_0,,Android,2.5.0
1688,66,level_fail,14,2026-08-14T20:31:12,s_66_13_0,,Android,2.5.0
1689,66,level_start,15,2026-08-14T20:31:44,s_66_13_0,,Android,2.5.0
1690,66,level_fail,15,2026-08-14T20:34:27,s_66_13_0,,Android,2.5.0
1691,66,session_end,,2026-08-14T20:35:23,s_66_13_0,,Android,2.5.0
669,26,session_start,,2026-08-14T20:45:00,s_26_13_0,,Android,2.4.1
670,26,level_start,2,2026-08-14T20:46:28,s_26_13_0,,Android,2.4.1
671,26,level_complete,2,2026-08-14T20:47:45,s_26_13_0,,Android,2.4.1
672,26,session_end,,2026-08-14T20:48:40,s_26_13_0,,Android,2.4.1
2713,109,session_start,,2026-08-14T20:58:00,s_109_13_0,,iOS,2.4.1
2714,109,level_start,1,2026-08-14T20:58:35,s_109_13_0,,iOS,2.4.1
2715,109,level_complete,1,2026-08-14T21:00:02,s_109_13_0,,iOS,2.4.1
2716,109,session_end,,2026-08-14T21:00:56,s_109_13_0,,iOS,2.4.1
3277,138,session_start,,2026-08-14T21:01:00,s_138_13_0,,iOS,2.5.0
3278,138,level_start,5,2026-08-14T21:01:57,s_138_13_0,,iOS,2.5.0
3279,138,level_complete,5,2026-08-14T21:02:58,s_138_13_0,,iOS,2.5.0
3280,138,session_end,,2026-08-14T21:04:18,s_138_13_0,,iOS,2.5.0
2177,86,session_start,,2026-08-14T21:27:00,s_86_13_0,,Android,2.4.1
2178,86,level_start,4,2026-08-14T21:27:54,s_86_13_0,,Android,2.4.1
2179,86,level_fail,4,2026-08-14T21:29:32,s_86_13_0,,Android,2.4.1
2180,86,level_start,5,2026-08-14T21:30:24,s_86_13_0,,Android,2.4.1
2181,86,level_complete,5,2026-08-14T21:33:41,s_86_13_0,,Android,2.4.1
2182,86,level_start,6,2026-08-14T21:35:00,s_86_13_0,,Android,2.4.1
2183,86,level_complete,6,2026-08-14T21:38:47,s_86_13_0,,Android,2.4.1
2184,86,session_end,,2026-08-14T21:39:47,s_86_13_0,,Android,2.4.1
2717,109,session_start,,2026-08-14T21:52:00,s_109_13_1,,iOS,2.4.1
2718,109,level_start,1,2026-08-14T21:53:23,s_109_13_1,,iOS,2.4.1
2719,109,level_complete,1,2026-08-14T21:55:30,s_109_13_1,,iOS,2.4.1
2720,109,level_start,2,2026-08-14T21:56:16,s_109_13_1,,iOS,2.4.1
2721,109,level_complete,2,2026-08-14T21:59:19,s_109_13_1,,iOS,2.4.1
2722,109,session_end,,2026-08-14T22:00:25,s_109_13_1,,iOS,2.4.1
2860,115,session_start,,2026-08-14T22:18:00,s_115_13_0,,iOS,2.4.0
2861,115,level_start,1,2026-08-14T22:19:06,s_115_13_0,,iOS,2.4.0
2862,115,level_complete,1,2026-08-14T22:22:59,s_115_13_0,,iOS,2.4.0
2863,115,session_end,,2026-08-14T22:23:49,s_115_13_0,,iOS,2.4.0
904,39,session_start,,2026-08-14T22:51:00,s_39_13_0,,iOS,2.4.0
905,39,level_start,17,2026-08-14T22:52:20,s_39_13_0,,iOS,2.4.0
906,39,level_complete,17,2026-08-14T22:55:05,s_39_13_0,,iOS,2.4.0
907,39,level_start,18,2026-08-14T22:55:54,s_39_13_0,,iOS,2.4.0
908,39,level_complete,18,2026-08-14T22:57:04,s_39_13_0,,iOS,2.4.0
909,39,level_start,19,2026-08-14T22:57:54,s_39_13_0,,iOS,2.4.0
910,39,level_fail,19,2026-08-14T22:59:32,s_39_13_0,,iOS,2.4.0
911,39,session_end,,2026-08-14T23:00:09,s_39_13_0,,iOS,2.4.0
